ISO-10303-21;
HEADER;
FILE_DESCRIPTION(('FreeCAD Model'),'2;1');
FILE_NAME('Open CASCADE Shape Model','2025-12-16T10:15:59',('Author'),(
    ''),'Open CASCADE STEP processor 7.6','FreeCAD','Unknown');
FILE_SCHEMA(('AUTOMOTIVE_DESIGN { 1 0 10303 214 1 1 1 1 }'));
ENDSEC;
DATA;
#1 = APPLICATION_PROTOCOL_DEFINITION('international standard',
  'automotive_design',2000,#2);
#2 = APPLICATION_CONTEXT(
  'core data for automotive mechanical design processes');
#3 = SHAPE_DEFINITION_REPRESENTATION(#4,#10);
#4 = PRODUCT_DEFINITION_SHAPE('','',#5);
#5 = PRODUCT_DEFINITION('design','',#6,#9);
#6 = PRODUCT_DEFINITION_FORMATION('','',#7);
#7 = PRODUCT('breakSensorHolder','breakSensorHolder','',(#8));
#8 = PRODUCT_CONTEXT('',#2,'mechanical');
#9 = PRODUCT_DEFINITION_CONTEXT('part definition',#2,'design');
#10 = SHAPE_REPRESENTATION('',(#11,#15,#19,#23,#27,#31,#35,#39,#43,#47,
    #51),#55);
#11 = AXIS2_PLACEMENT_3D('',#12,#13,#14);
#12 = CARTESIAN_POINT('',(0.,0.,0.));
#13 = DIRECTION('',(0.,0.,1.));
#14 = DIRECTION('',(1.,0.,-0.));
#15 = AXIS2_PLACEMENT_3D('',#16,#17,#18);
#16 = CARTESIAN_POINT('',(0.,0.,0.));
#17 = DIRECTION('',(0.,0.,1.));
#18 = DIRECTION('',(1.,0.,0.));
#19 = AXIS2_PLACEMENT_3D('',#20,#21,#22);
#20 = CARTESIAN_POINT('',(0.,0.,0.));
#21 = DIRECTION('',(0.,-1.,-2.22044604925E-16));
#22 = DIRECTION('',(1.,0.,0.));
#23 = AXIS2_PLACEMENT_3D('',#24,#25,#26);
#24 = CARTESIAN_POINT('',(0.,0.,0.));
#25 = DIRECTION('',(0.,-1.,2.22044604925E-16));
#26 = DIRECTION('',(1.,0.,0.));
#27 = AXIS2_PLACEMENT_3D('',#28,#29,#30);
#28 = CARTESIAN_POINT('',(17.5,0.,0.));
#29 = DIRECTION('',(-1.,-2.690488694503E-32,-2.22044604925E-16));
#30 = DIRECTION('',(2.22044604925E-16,-2.22044604925E-16,-1.));
#31 = AXIS2_PLACEMENT_3D('',#32,#33,#34);
#32 = CARTESIAN_POINT('',(23.5,0.,0.));
#33 = DIRECTION('',(1.,0.,-2.22044604925E-16));
#34 = DIRECTION('',(2.22044604925E-16,0.,1.));
#35 = AXIS2_PLACEMENT_3D('',#36,#37,#38);
#36 = CARTESIAN_POINT('',(23.5,0.,0.));
#37 = DIRECTION('',(1.,0.,-2.22044604925E-16));
#38 = DIRECTION('',(2.22044604925E-16,0.,1.));
#39 = AXIS2_PLACEMENT_3D('',#40,#41,#42);
#40 = CARTESIAN_POINT('',(23.5,0.,0.));
#41 = DIRECTION('',(1.,0.,-2.22044604925E-16));
#42 = DIRECTION('',(2.22044604925E-16,0.,1.));
#43 = AXIS2_PLACEMENT_3D('',#44,#45,#46);
#44 = CARTESIAN_POINT('',(0.,0.,0.));
#45 = DIRECTION('',(0.,-1.,2.22044604925E-16));
#46 = DIRECTION('',(1.,0.,0.));
#47 = AXIS2_PLACEMENT_3D('',#48,#49,#50);
#48 = CARTESIAN_POINT('',(0.,0.,0.));
#49 = DIRECTION('',(0.,-1.,2.22044604925E-16));
#50 = DIRECTION('',(1.,0.,0.));
#51 = AXIS2_PLACEMENT_3D('',#52,#53,#54);
#52 = CARTESIAN_POINT('',(0.,0.,0.));
#53 = DIRECTION('',(0.,-1.,2.22044604925E-16));
#54 = DIRECTION('',(1.,0.,0.));
#55 = ( GEOMETRIC_REPRESENTATION_CONTEXT(3) 
GLOBAL_UNCERTAINTY_ASSIGNED_CONTEXT((#59)) GLOBAL_UNIT_ASSIGNED_CONTEXT(
(#56,#57,#58)) REPRESENTATION_CONTEXT('Context #1',
  '3D Context with UNIT and UNCERTAINTY') );
#56 = ( LENGTH_UNIT() NAMED_UNIT(*) SI_UNIT(.MILLI.,.METRE.) );
#57 = ( NAMED_UNIT(*) PLANE_ANGLE_UNIT() SI_UNIT($,.RADIAN.) );
#58 = ( NAMED_UNIT(*) SI_UNIT($,.STERADIAN.) SOLID_ANGLE_UNIT() );
#59 = UNCERTAINTY_MEASURE_WITH_UNIT(LENGTH_MEASURE(1.E-07),#56,
  'distance_accuracy_value','confusion accuracy');
#60 = PRODUCT_RELATED_PRODUCT_CATEGORY('part',$,(#7));
#61 = SHAPE_DEFINITION_REPRESENTATION(#62,#68);
#62 = PRODUCT_DEFINITION_SHAPE('','',#63);
#63 = PRODUCT_DEFINITION('design','',#64,#67);
#64 = PRODUCT_DEFINITION_FORMATION('','',#65);
#65 = PRODUCT('Body','Body','',(#66));
#66 = PRODUCT_CONTEXT('',#2,'mechanical');
#67 = PRODUCT_DEFINITION_CONTEXT('part definition',#2,'design');
#68 = ADVANCED_BREP_SHAPE_REPRESENTATION('',(#11,#69),#668);
#69 = MANIFOLD_SOLID_BREP('',#70);
#70 = CLOSED_SHELL('',(#71,#113,#144,#176,#207,#236,#254,#309,#327,#370,
    #387,#436,#468,#492,#517,#535,#567,#591,#615,#632,#656));
#71 = ADVANCED_FACE('',(#72),#108,.T.);
#72 = FACE_BOUND('',#73,.T.);
#73 = EDGE_LOOP('',(#74,#84,#93,#101));
#74 = ORIENTED_EDGE('',*,*,#75,.F.);
#75 = EDGE_CURVE('',#76,#78,#80,.T.);
#76 = VERTEX_POINT('',#77);
#77 = CARTESIAN_POINT('',(0.,3.330669073875E-15,15.));
#78 = VERTEX_POINT('',#79);
#79 = CARTESIAN_POINT('',(17.5,3.330669073875E-15,15.));
#80 = LINE('',#81,#82);
#81 = CARTESIAN_POINT('',(0.,3.330669073875E-15,15.));
#82 = VECTOR('',#83,1.);
#83 = DIRECTION('',(1.,0.,0.));
#84 = ORIENTED_EDGE('',*,*,#85,.T.);
#85 = EDGE_CURVE('',#76,#86,#88,.T.);
#86 = VERTEX_POINT('',#87);
#87 = CARTESIAN_POINT('',(0.,15.,-3.330669073875E-15));
#88 = CIRCLE('',#89,15.);
#89 = AXIS2_PLACEMENT_3D('',#90,#91,#92);
#90 = CARTESIAN_POINT('',(0.,0.,0.));
#91 = DIRECTION('',(1.,0.,-0.));
#92 = DIRECTION('',(0.,6.62044604925E-16,1.));
#93 = ORIENTED_EDGE('',*,*,#94,.T.);
#94 = EDGE_CURVE('',#86,#95,#97,.T.);
#95 = VERTEX_POINT('',#96);
#96 = CARTESIAN_POINT('',(17.5,15.,-4.330669073875E-15));
#97 = LINE('',#98,#99);
#98 = CARTESIAN_POINT('',(0.,15.,-3.330669073875E-15));
#99 = VECTOR('',#100,1.);
#100 = DIRECTION('',(1.,0.,0.));
#101 = ORIENTED_EDGE('',*,*,#102,.F.);
#102 = EDGE_CURVE('',#78,#95,#103,.T.);
#103 = CIRCLE('',#104,15.);
#104 = AXIS2_PLACEMENT_3D('',#105,#106,#107);
#105 = CARTESIAN_POINT('',(17.5,1.972152263053E-31,1.E-15));
#106 = DIRECTION('',(1.,0.,-0.));
#107 = DIRECTION('',(0.,2.22044604925E-16,1.));
#108 = CYLINDRICAL_SURFACE('',#109,15.);
#109 = AXIS2_PLACEMENT_3D('',#110,#111,#112);
#110 = CARTESIAN_POINT('',(0.,0.,0.));
#111 = DIRECTION('',(1.,0.,0.));
#112 = DIRECTION('',(0.,6.62044604925E-16,1.));
#113 = ADVANCED_FACE('',(#114),#139,.T.);
#114 = FACE_BOUND('',#115,.T.);
#115 = EDGE_LOOP('',(#116,#124,#125,#133));
#116 = ORIENTED_EDGE('',*,*,#117,.F.);
#117 = EDGE_CURVE('',#76,#118,#120,.T.);
#118 = VERTEX_POINT('',#119);
#119 = CARTESIAN_POINT('',(0.,1.887379141863E-15,8.5));
#120 = LINE('',#121,#122);
#121 = CARTESIAN_POINT('',(0.,3.330669073875E-15,15.));
#122 = VECTOR('',#123,1.);
#123 = DIRECTION('',(0.,-2.22044604925E-16,-1.));
#124 = ORIENTED_EDGE('',*,*,#75,.T.);
#125 = ORIENTED_EDGE('',*,*,#126,.T.);
#126 = EDGE_CURVE('',#78,#127,#129,.T.);
#127 = VERTEX_POINT('',#128);
#128 = CARTESIAN_POINT('',(17.5,1.887379141863E-15,8.5));
#129 = LINE('',#130,#131);
#130 = CARTESIAN_POINT('',(17.5,3.659054097434E-15,5.490131578947));
#131 = VECTOR('',#132,1.);
#132 = DIRECTION('',(-1.5E-16,-6.62044604925E-16,-1.));
#133 = ORIENTED_EDGE('',*,*,#134,.T.);
#134 = EDGE_CURVE('',#127,#118,#135,.T.);
#135 = LINE('',#136,#137);
#136 = CARTESIAN_POINT('',(17.5,1.887379141863E-15,8.5));
#137 = VECTOR('',#138,1.);
#138 = DIRECTION('',(-1.,0.,0.));
#139 = PLANE('',#140);
#140 = AXIS2_PLACEMENT_3D('',#141,#142,#143);
#141 = CARTESIAN_POINT('',(12.605263157895,4.878108194868E-15,
    10.980263157895));
#142 = DIRECTION('',(0.,1.,-4.42044604925E-16));
#143 = DIRECTION('',(0.,4.42044604925E-16,1.));
#144 = ADVANCED_FACE('',(#145),#171,.T.);
#145 = FACE_BOUND('',#146,.T.);
#146 = EDGE_LOOP('',(#147,#155,#156,#164));
#147 = ORIENTED_EDGE('',*,*,#148,.F.);
#148 = EDGE_CURVE('',#78,#149,#151,.T.);
#149 = VERTEX_POINT('',#150);
#150 = CARTESIAN_POINT('',(23.5,7.330669073875E-15,15.));
#151 = LINE('',#152,#153);
#152 = CARTESIAN_POINT('',(0.,3.330669073875E-15,15.));
#153 = VECTOR('',#154,1.);
#154 = DIRECTION('',(1.,0.,0.));
#155 = ORIENTED_EDGE('',*,*,#102,.T.);
#156 = ORIENTED_EDGE('',*,*,#157,.T.);
#157 = EDGE_CURVE('',#95,#158,#160,.T.);
#158 = VERTEX_POINT('',#159);
#159 = CARTESIAN_POINT('',(23.5,15.,-3.330669073875E-15));
#160 = LINE('',#161,#162);
#161 = CARTESIAN_POINT('',(0.,15.,-3.330669073875E-15));
#162 = VECTOR('',#163,1.);
#163 = DIRECTION('',(1.,0.,0.));
#164 = ORIENTED_EDGE('',*,*,#165,.F.);
#165 = EDGE_CURVE('',#149,#158,#166,.T.);
#166 = CIRCLE('',#167,15.);
#167 = AXIS2_PLACEMENT_3D('',#168,#169,#170);
#168 = CARTESIAN_POINT('',(23.5,0.,0.));
#169 = DIRECTION('',(1.,0.,-0.));
#170 = DIRECTION('',(0.,6.62044604925E-16,1.));
#171 = CYLINDRICAL_SURFACE('',#172,15.);
#172 = AXIS2_PLACEMENT_3D('',#173,#174,#175);
#173 = CARTESIAN_POINT('',(0.,0.,0.));
#174 = DIRECTION('',(1.,0.,0.));
#175 = DIRECTION('',(0.,6.62044604925E-16,1.));
#176 = ADVANCED_FACE('',(#177),#202,.F.);
#177 = FACE_BOUND('',#178,.F.);
#178 = EDGE_LOOP('',(#179,#187,#188,#196));
#179 = ORIENTED_EDGE('',*,*,#180,.F.);
#180 = EDGE_CURVE('',#86,#181,#183,.T.);
#181 = VERTEX_POINT('',#182);
#182 = CARTESIAN_POINT('',(0.,8.5,-1.887379141863E-15));
#183 = LINE('',#184,#185);
#184 = CARTESIAN_POINT('',(0.,15.,-3.330669073875E-15));
#185 = VECTOR('',#186,1.);
#186 = DIRECTION('',(0.,-1.,2.22044604925E-16));
#187 = ORIENTED_EDGE('',*,*,#94,.T.);
#188 = ORIENTED_EDGE('',*,*,#189,.T.);
#189 = EDGE_CURVE('',#95,#190,#192,.T.);
#190 = VERTEX_POINT('',#191);
#191 = CARTESIAN_POINT('',(17.5,8.5,-1.887379141863E-15));
#192 = LINE('',#193,#194);
#193 = CARTESIAN_POINT('',(17.5,5.490131578947,-4.879054097434E-15));
#194 = VECTOR('',#195,1.);
#195 = DIRECTION('',(0.,-1.,8.92044604925E-16));
#196 = ORIENTED_EDGE('',*,*,#197,.T.);
#197 = EDGE_CURVE('',#190,#181,#198,.T.);
#198 = LINE('',#199,#200);
#199 = CARTESIAN_POINT('',(17.5,8.5,-1.887379141863E-15));
#200 = VECTOR('',#201,1.);
#201 = DIRECTION('',(-1.,0.,0.));
#202 = PLANE('',#203);
#203 = AXIS2_PLACEMENT_3D('',#204,#205,#206);
#204 = CARTESIAN_POINT('',(12.605263157895,10.980263157895,
    -4.878108194868E-15));
#205 = DIRECTION('',(0.,-4.42044604925E-16,-1.));
#206 = DIRECTION('',(0.,1.,-4.42044604925E-16));
#207 = ADVANCED_FACE('',(#208,#220),#231,.F.);
#208 = FACE_BOUND('',#209,.F.);
#209 = EDGE_LOOP('',(#210,#211,#212,#219));
#210 = ORIENTED_EDGE('',*,*,#85,.T.);
#211 = ORIENTED_EDGE('',*,*,#180,.T.);
#212 = ORIENTED_EDGE('',*,*,#213,.F.);
#213 = EDGE_CURVE('',#118,#181,#214,.T.);
#214 = CIRCLE('',#215,8.5);
#215 = AXIS2_PLACEMENT_3D('',#216,#217,#218);
#216 = CARTESIAN_POINT('',(0.,0.,0.));
#217 = DIRECTION('',(1.,0.,-0.));
#218 = DIRECTION('',(0.,6.62044604925E-16,1.));
#219 = ORIENTED_EDGE('',*,*,#117,.F.);
#220 = FACE_BOUND('',#221,.F.);
#221 = EDGE_LOOP('',(#222));
#222 = ORIENTED_EDGE('',*,*,#223,.F.);
#223 = EDGE_CURVE('',#224,#224,#226,.T.);
#224 = VERTEX_POINT('',#225);
#225 = CARTESIAN_POINT('',(0.,-8.413804133684,-6.375));
#226 = CIRCLE('',#227,1.625);
#227 = AXIS2_PLACEMENT_3D('',#228,#229,#230);
#228 = CARTESIAN_POINT('',(0.,-8.413804133684,-8.));
#229 = DIRECTION('',(1.,-4.884981308351E-32,-2.2E-16));
#230 = DIRECTION('',(2.2E-16,4.42044604925E-16,1.));
#231 = PLANE('',#232);
#232 = AXIS2_PLACEMENT_3D('',#233,#234,#235);
#233 = CARTESIAN_POINT('',(0.,0.,0.));
#234 = DIRECTION('',(1.,0.,0.));
#235 = DIRECTION('',(0.,6.62044604925E-16,1.));
#236 = ADVANCED_FACE('',(#237),#249,.F.);
#237 = FACE_BOUND('',#238,.T.);
#238 = EDGE_LOOP('',(#239,#246,#247,#248));
#239 = ORIENTED_EDGE('',*,*,#240,.T.);
#240 = EDGE_CURVE('',#127,#190,#241,.T.);
#241 = CIRCLE('',#242,8.5);
#242 = AXIS2_PLACEMENT_3D('',#243,#244,#245);
#243 = CARTESIAN_POINT('',(17.5,0.,0.));
#244 = DIRECTION('',(1.,0.,-0.));
#245 = DIRECTION('',(0.,6.62044604925E-16,1.));
#246 = ORIENTED_EDGE('',*,*,#197,.T.);
#247 = ORIENTED_EDGE('',*,*,#213,.F.);
#248 = ORIENTED_EDGE('',*,*,#134,.F.);
#249 = CYLINDRICAL_SURFACE('',#250,8.5);
#250 = AXIS2_PLACEMENT_3D('',#251,#252,#253);
#251 = CARTESIAN_POINT('',(17.5,0.,0.));
#252 = DIRECTION('',(-1.,0.,0.));
#253 = DIRECTION('',(0.,6.62044604925E-16,1.));
#254 = ADVANCED_FACE('',(#255),#304,.F.);
#255 = FACE_BOUND('',#256,.F.);
#256 = EDGE_LOOP('',(#257,#258,#265,#266,#274,#282,#290,#298));
#257 = ORIENTED_EDGE('',*,*,#189,.F.);
#258 = ORIENTED_EDGE('',*,*,#259,.T.);
#259 = EDGE_CURVE('',#95,#78,#260,.T.);
#260 = CIRCLE('',#261,15.);
#261 = AXIS2_PLACEMENT_3D('',#262,#263,#264);
#262 = CARTESIAN_POINT('',(17.5,1.972152263053E-31,1.E-15));
#263 = DIRECTION('',(1.,0.,-0.));
#264 = DIRECTION('',(0.,2.22044604925E-16,1.));
#265 = ORIENTED_EDGE('',*,*,#126,.T.);
#266 = ORIENTED_EDGE('',*,*,#267,.F.);
#267 = EDGE_CURVE('',#268,#127,#270,.T.);
#268 = VERTEX_POINT('',#269);
#269 = CARTESIAN_POINT('',(17.5,4.611139382827E-15,7.255926724141));
#270 = LINE('',#271,#272);
#271 = CARTESIAN_POINT('',(17.5,1.165734175856E-15,5.25));
#272 = VECTOR('',#273,1.);
#273 = DIRECTION('',(0.,2.22044604925E-16,1.));
#274 = ORIENTED_EDGE('',*,*,#275,.T.);
#275 = EDGE_CURVE('',#268,#276,#278,.T.);
#276 = VERTEX_POINT('',#277);
#277 = CARTESIAN_POINT('',(17.5,3.978500402173,7.369678388501));
#278 = LINE('',#279,#280);
#279 = CARTESIAN_POINT('',(17.5,-4.393078501076,7.130321611499));
#280 = VECTOR('',#281,1.);
#281 = DIRECTION('',(0.,0.999591510836,2.857991367183E-02));
#282 = ORIENTED_EDGE('',*,*,#283,.T.);
#283 = EDGE_CURVE('',#276,#284,#286,.T.);
#284 = VERTEX_POINT('',#285);
#285 = CARTESIAN_POINT('',(17.5,8.37157890325,0.239356777002));
#286 = LINE('',#287,#288);
#287 = CARTESIAN_POINT('',(17.5,3.978500402173,7.369678388501));
#288 = VECTOR('',#289,1.);
#289 = DIRECTION('',(-0.,0.524546686696,-0.851381684955));
#290 = ORIENTED_EDGE('',*,*,#291,.T.);
#291 = EDGE_CURVE('',#284,#292,#294,.T.);
#292 = VERTEX_POINT('',#293);
#293 = CARTESIAN_POINT('',(17.5,8.242362812212,-6.830172194286E-15));
#294 = LINE('',#295,#296);
#295 = CARTESIAN_POINT('',(17.5,8.37157890325,0.239356777002));
#296 = VECTOR('',#297,1.);
#297 = DIRECTION('',(0.,-0.47504482414,-0.879961598627));
#298 = ORIENTED_EDGE('',*,*,#299,.T.);
#299 = EDGE_CURVE('',#292,#190,#300,.T.);
#300 = LINE('',#301,#302);
#301 = CARTESIAN_POINT('',(17.5,5.25,-1.165734175856E-15));
#302 = VECTOR('',#303,1.);
#303 = DIRECTION('',(0.,1.,-2.22044604925E-16));
#304 = PLANE('',#305);
#305 = AXIS2_PLACEMENT_3D('',#306,#307,#308);
#306 = CARTESIAN_POINT('',(17.5,-8.E-17,9.E-17));
#307 = DIRECTION('',(1.,-3.330669073875E-32,-1.5E-16));
#308 = DIRECTION('',(1.5E-16,2.22044604925E-16,1.));
#309 = ADVANCED_FACE('',(#310),#322,.T.);
#310 = FACE_BOUND('',#311,.T.);
#311 = EDGE_LOOP('',(#312,#313,#314,#321));
#312 = ORIENTED_EDGE('',*,*,#259,.T.);
#313 = ORIENTED_EDGE('',*,*,#148,.T.);
#314 = ORIENTED_EDGE('',*,*,#315,.F.);
#315 = EDGE_CURVE('',#158,#149,#316,.T.);
#316 = CIRCLE('',#317,15.);
#317 = AXIS2_PLACEMENT_3D('',#318,#319,#320);
#318 = CARTESIAN_POINT('',(23.5,0.,0.));
#319 = DIRECTION('',(1.,0.,-0.));
#320 = DIRECTION('',(0.,2.22044604925E-16,1.));
#321 = ORIENTED_EDGE('',*,*,#157,.F.);
#322 = CYLINDRICAL_SURFACE('',#323,15.);
#323 = AXIS2_PLACEMENT_3D('',#324,#325,#326);
#324 = CARTESIAN_POINT('',(23.5,0.,0.));
#325 = DIRECTION('',(1.,-4.884981308351E-32,-2.2E-16));
#326 = DIRECTION('',(2.2E-16,4.42044604925E-16,1.));
#327 = ADVANCED_FACE('',(#328,#354),#365,.T.);
#328 = FACE_BOUND('',#329,.T.);
#329 = EDGE_LOOP('',(#330,#331,#339,#348));
#330 = ORIENTED_EDGE('',*,*,#165,.T.);
#331 = ORIENTED_EDGE('',*,*,#332,.T.);
#332 = EDGE_CURVE('',#158,#333,#335,.T.);
#333 = VERTEX_POINT('',#334);
#334 = CARTESIAN_POINT('',(23.5,5.25,-1.165734175856E-15));
#335 = LINE('',#336,#337);
#336 = CARTESIAN_POINT('',(23.5,15.,-3.330669073875E-15));
#337 = VECTOR('',#338,1.);
#338 = DIRECTION('',(0.,-1.,2.22044604925E-16));
#339 = ORIENTED_EDGE('',*,*,#340,.F.);
#340 = EDGE_CURVE('',#341,#333,#343,.T.);
#341 = VERTEX_POINT('',#342);
#342 = CARTESIAN_POINT('',(23.5,3.165734175856E-15,5.25));
#343 = CIRCLE('',#344,5.25);
#344 = AXIS2_PLACEMENT_3D('',#345,#346,#347);
#345 = CARTESIAN_POINT('',(23.5,0.,0.));
#346 = DIRECTION('',(1.,0.,-0.));
#347 = DIRECTION('',(0.,6.62044604925E-16,1.));
#348 = ORIENTED_EDGE('',*,*,#349,.F.);
#349 = EDGE_CURVE('',#149,#341,#350,.T.);
#350 = LINE('',#351,#352);
#351 = CARTESIAN_POINT('',(23.5,3.330669073875E-15,15.));
#352 = VECTOR('',#353,1.);
#353 = DIRECTION('',(0.,-2.22044604925E-16,-1.));
#354 = FACE_BOUND('',#355,.T.);
#355 = EDGE_LOOP('',(#356));
#356 = ORIENTED_EDGE('',*,*,#357,.F.);
#357 = EDGE_CURVE('',#358,#358,#360,.T.);
#358 = VERTEX_POINT('',#359);
#359 = CARTESIAN_POINT('',(23.5,-8.413804133684,-6.375));
#360 = CIRCLE('',#361,1.625);
#361 = AXIS2_PLACEMENT_3D('',#362,#363,#364);
#362 = CARTESIAN_POINT('',(23.5,-8.413804133684,-8.));
#363 = DIRECTION('',(1.,0.,-0.));
#364 = DIRECTION('',(0.,2.22044604925E-16,1.));
#365 = PLANE('',#366);
#366 = AXIS2_PLACEMENT_3D('',#367,#368,#369);
#367 = CARTESIAN_POINT('',(23.5,0.,0.));
#368 = DIRECTION('',(1.,0.,0.));
#369 = DIRECTION('',(0.,6.62044604925E-16,1.));
#370 = ADVANCED_FACE('',(#371),#382,.F.);
#371 = FACE_BOUND('',#372,.F.);
#372 = EDGE_LOOP('',(#373,#374,#380,#381));
#373 = ORIENTED_EDGE('',*,*,#357,.F.);
#374 = ORIENTED_EDGE('',*,*,#375,.T.);
#375 = EDGE_CURVE('',#358,#224,#376,.T.);
#376 = LINE('',#377,#378);
#377 = CARTESIAN_POINT('',(23.5,-8.413804133684,-6.375));
#378 = VECTOR('',#379,1.);
#379 = DIRECTION('',(-1.,4.884981308351E-32,2.2E-16));
#380 = ORIENTED_EDGE('',*,*,#223,.T.);
#381 = ORIENTED_EDGE('',*,*,#375,.F.);
#382 = CYLINDRICAL_SURFACE('',#383,1.625);
#383 = AXIS2_PLACEMENT_3D('',#384,#385,#386);
#384 = CARTESIAN_POINT('',(23.5,-8.413804133684,-8.));
#385 = DIRECTION('',(1.,-4.884981308351E-32,-2.2E-16));
#386 = DIRECTION('',(2.2E-16,4.42044604925E-16,1.));
#387 = ADVANCED_FACE('',(#388),#431,.F.);
#388 = FACE_BOUND('',#389,.T.);
#389 = EDGE_LOOP('',(#390,#391,#399,#407,#415,#423,#429,#430));
#390 = ORIENTED_EDGE('',*,*,#267,.F.);
#391 = ORIENTED_EDGE('',*,*,#392,.F.);
#392 = EDGE_CURVE('',#393,#268,#395,.T.);
#393 = VERTEX_POINT('',#394);
#394 = CARTESIAN_POINT('',(17.5,-4.393078501076,7.130321611499));
#395 = LINE('',#396,#397);
#396 = CARTESIAN_POINT('',(17.5,-4.393078501076,7.130321611499));
#397 = VECTOR('',#398,1.);
#398 = DIRECTION('',(0.,0.999591510836,2.857991367183E-02));
#399 = ORIENTED_EDGE('',*,*,#400,.F.);
#400 = EDGE_CURVE('',#401,#393,#403,.T.);
#401 = VERTEX_POINT('',#402);
#402 = CARTESIAN_POINT('',(17.5,-8.37157890325,-0.239356777002));
#403 = LINE('',#404,#405);
#404 = CARTESIAN_POINT('',(17.5,-8.37157890325,-0.239356777002));
#405 = VECTOR('',#406,1.);
#406 = DIRECTION('',(0.,0.47504482414,0.879961598627));
#407 = ORIENTED_EDGE('',*,*,#408,.F.);
#408 = EDGE_CURVE('',#409,#401,#411,.T.);
#409 = VERTEX_POINT('',#410);
#410 = CARTESIAN_POINT('',(17.5,-3.978500402173,-7.369678388501));
#411 = LINE('',#412,#413);
#412 = CARTESIAN_POINT('',(17.5,-3.978500402173,-7.369678388501));
#413 = VECTOR('',#414,1.);
#414 = DIRECTION('',(0.,-0.524546686696,0.851381684955));
#415 = ORIENTED_EDGE('',*,*,#416,.F.);
#416 = EDGE_CURVE('',#417,#409,#419,.T.);
#417 = VERTEX_POINT('',#418);
#418 = CARTESIAN_POINT('',(17.5,4.393078501076,-7.130321611499));
#419 = LINE('',#420,#421);
#420 = CARTESIAN_POINT('',(17.5,4.393078501076,-7.130321611499));
#421 = VECTOR('',#422,1.);
#422 = DIRECTION('',(0.,-0.999591510836,-2.857991367183E-02));
#423 = ORIENTED_EDGE('',*,*,#424,.F.);
#424 = EDGE_CURVE('',#292,#417,#425,.T.);
#425 = LINE('',#426,#427);
#426 = CARTESIAN_POINT('',(17.5,8.37157890325,0.239356777002));
#427 = VECTOR('',#428,1.);
#428 = DIRECTION('',(0.,-0.47504482414,-0.879961598627));
#429 = ORIENTED_EDGE('',*,*,#299,.T.);
#430 = ORIENTED_EDGE('',*,*,#240,.F.);
#431 = PLANE('',#432);
#432 = AXIS2_PLACEMENT_3D('',#433,#434,#435);
#433 = CARTESIAN_POINT('',(17.5,0.,0.));
#434 = DIRECTION('',(1.,0.,0.));
#435 = DIRECTION('',(0.,6.62044604925E-16,1.));
#436 = ADVANCED_FACE('',(#437),#463,.F.);
#437 = FACE_BOUND('',#438,.F.);
#438 = EDGE_LOOP('',(#439,#447,#455,#461,#462));
#439 = ORIENTED_EDGE('',*,*,#440,.T.);
#440 = EDGE_CURVE('',#284,#441,#443,.T.);
#441 = VERTEX_POINT('',#442);
#442 = CARTESIAN_POINT('',(20.25,8.37157890325,0.239356777002));
#443 = LINE('',#444,#445);
#444 = CARTESIAN_POINT('',(17.5,8.37157890325,0.239356777002));
#445 = VECTOR('',#446,1.);
#446 = DIRECTION('',(1.,4.884981308351E-32,2.2E-16));
#447 = ORIENTED_EDGE('',*,*,#448,.T.);
#448 = EDGE_CURVE('',#441,#449,#451,.T.);
#449 = VERTEX_POINT('',#450);
#450 = CARTESIAN_POINT('',(20.25,4.393078501076,-7.130321611499));
#451 = LINE('',#452,#453);
#452 = CARTESIAN_POINT('',(20.25,8.37157890325,0.239356777002));
#453 = VECTOR('',#454,1.);
#454 = DIRECTION('',(0.,-0.47504482414,-0.879961598627));
#455 = ORIENTED_EDGE('',*,*,#456,.F.);
#456 = EDGE_CURVE('',#417,#449,#457,.T.);
#457 = LINE('',#458,#459);
#458 = CARTESIAN_POINT('',(17.5,4.393078501076,-7.130321611499));
#459 = VECTOR('',#460,1.);
#460 = DIRECTION('',(1.,4.884981308351E-32,2.2E-16));
#461 = ORIENTED_EDGE('',*,*,#424,.F.);
#462 = ORIENTED_EDGE('',*,*,#291,.F.);
#463 = PLANE('',#464);
#464 = AXIS2_PLACEMENT_3D('',#465,#466,#467);
#465 = CARTESIAN_POINT('',(17.5,8.37157890325,0.239356777002));
#466 = DIRECTION('',(1.1E-16,0.879961598627,-0.47504482414));
#467 = DIRECTION('',(2.E-16,-0.47504482414,-0.879961598627));
#468 = ADVANCED_FACE('',(#469),#487,.F.);
#469 = FACE_BOUND('',#470,.F.);
#470 = EDGE_LOOP('',(#471,#479,#485,#486));
#471 = ORIENTED_EDGE('',*,*,#472,.T.);
#472 = EDGE_CURVE('',#276,#473,#475,.T.);
#473 = VERTEX_POINT('',#474);
#474 = CARTESIAN_POINT('',(20.25,3.978500402173,7.369678388501));
#475 = LINE('',#476,#477);
#476 = CARTESIAN_POINT('',(17.5,3.978500402173,7.369678388501));
#477 = VECTOR('',#478,1.);
#478 = DIRECTION('',(1.,4.884981308351E-32,2.2E-16));
#479 = ORIENTED_EDGE('',*,*,#480,.T.);
#480 = EDGE_CURVE('',#473,#441,#481,.T.);
#481 = LINE('',#482,#483);
#482 = CARTESIAN_POINT('',(20.25,3.978500402173,7.369678388501));
#483 = VECTOR('',#484,1.);
#484 = DIRECTION('',(-0.,0.524546686696,-0.851381684955));
#485 = ORIENTED_EDGE('',*,*,#440,.F.);
#486 = ORIENTED_EDGE('',*,*,#283,.F.);
#487 = PLANE('',#488);
#488 = AXIS2_PLACEMENT_3D('',#489,#490,#491);
#489 = CARTESIAN_POINT('',(17.5,3.978500402173,7.369678388501));
#490 = DIRECTION('',(-1.2E-16,0.851381684955,0.524546686696));
#491 = DIRECTION('',(1.9E-16,0.524546686696,-0.851381684955));
#492 = ADVANCED_FACE('',(#493),#512,.F.);
#493 = FACE_BOUND('',#494,.F.);
#494 = EDGE_LOOP('',(#495,#503,#509,#510,#511));
#495 = ORIENTED_EDGE('',*,*,#496,.T.);
#496 = EDGE_CURVE('',#393,#497,#499,.T.);
#497 = VERTEX_POINT('',#498);
#498 = CARTESIAN_POINT('',(20.25,-4.393078501076,7.130321611499));
#499 = LINE('',#500,#501);
#500 = CARTESIAN_POINT('',(17.5,-4.393078501076,7.130321611499));
#501 = VECTOR('',#502,1.);
#502 = DIRECTION('',(1.,4.884981308351E-32,2.2E-16));
#503 = ORIENTED_EDGE('',*,*,#504,.T.);
#504 = EDGE_CURVE('',#497,#473,#505,.T.);
#505 = LINE('',#506,#507);
#506 = CARTESIAN_POINT('',(20.25,-4.393078501076,7.130321611499));
#507 = VECTOR('',#508,1.);
#508 = DIRECTION('',(0.,0.999591510836,2.857991367183E-02));
#509 = ORIENTED_EDGE('',*,*,#472,.F.);
#510 = ORIENTED_EDGE('',*,*,#275,.F.);
#511 = ORIENTED_EDGE('',*,*,#392,.F.);
#512 = PLANE('',#513);
#513 = AXIS2_PLACEMENT_3D('',#514,#515,#516);
#514 = CARTESIAN_POINT('',(17.5,-4.393078501076,7.130321611499));
#515 = DIRECTION('',(-2.2E-16,-2.857991367183E-02,0.999591510836));
#516 = DIRECTION('',(-1.E-17,0.999591510836,2.857991367183E-02));
#517 = ADVANCED_FACE('',(#518),#530,.T.);
#518 = FACE_BOUND('',#519,.T.);
#519 = EDGE_LOOP('',(#520,#521,#522,#529));
#520 = ORIENTED_EDGE('',*,*,#315,.T.);
#521 = ORIENTED_EDGE('',*,*,#349,.T.);
#522 = ORIENTED_EDGE('',*,*,#523,.F.);
#523 = EDGE_CURVE('',#333,#341,#524,.T.);
#524 = CIRCLE('',#525,5.25);
#525 = AXIS2_PLACEMENT_3D('',#526,#527,#528);
#526 = CARTESIAN_POINT('',(23.5,0.,0.));
#527 = DIRECTION('',(1.,0.,-0.));
#528 = DIRECTION('',(0.,2.22044604925E-16,1.));
#529 = ORIENTED_EDGE('',*,*,#332,.F.);
#530 = PLANE('',#531);
#531 = AXIS2_PLACEMENT_3D('',#532,#533,#534);
#532 = CARTESIAN_POINT('',(23.5,-8.E-17,-9.1E-16));
#533 = DIRECTION('',(1.,-3.330669073875E-32,-1.5E-16));
#534 = DIRECTION('',(1.5E-16,2.22044604925E-16,1.));
#535 = ADVANCED_FACE('',(#536),#562,.F.);
#536 = FACE_BOUND('',#537,.T.);
#537 = EDGE_LOOP('',(#538,#546,#547,#555));
#538 = ORIENTED_EDGE('',*,*,#539,.F.);
#539 = EDGE_CURVE('',#341,#540,#542,.T.);
#540 = VERTEX_POINT('',#541);
#541 = CARTESIAN_POINT('',(20.25,3.165734175856E-15,5.25));
#542 = LINE('',#543,#544);
#543 = CARTESIAN_POINT('',(23.5,1.165734175856E-15,5.25));
#544 = VECTOR('',#545,1.);
#545 = DIRECTION('',(-1.,0.,0.));
#546 = ORIENTED_EDGE('',*,*,#340,.T.);
#547 = ORIENTED_EDGE('',*,*,#548,.T.);
#548 = EDGE_CURVE('',#333,#549,#551,.T.);
#549 = VERTEX_POINT('',#550);
#550 = CARTESIAN_POINT('',(20.25,5.25,-4.165734175856E-15));
#551 = LINE('',#552,#553);
#552 = CARTESIAN_POINT('',(23.5,5.25,-1.165734175856E-15));
#553 = VECTOR('',#554,1.);
#554 = DIRECTION('',(-1.,0.,0.));
#555 = ORIENTED_EDGE('',*,*,#556,.T.);
#556 = EDGE_CURVE('',#549,#540,#557,.T.);
#557 = CIRCLE('',#558,5.25);
#558 = AXIS2_PLACEMENT_3D('',#559,#560,#561);
#559 = CARTESIAN_POINT('',(20.25,0.,0.));
#560 = DIRECTION('',(-1.,0.,0.));
#561 = DIRECTION('',(0.,6.62044604925E-16,1.));
#562 = CYLINDRICAL_SURFACE('',#563,5.25);
#563 = AXIS2_PLACEMENT_3D('',#564,#565,#566);
#564 = CARTESIAN_POINT('',(23.5,0.,0.));
#565 = DIRECTION('',(-1.,0.,0.));
#566 = DIRECTION('',(0.,6.62044604925E-16,1.));
#567 = ADVANCED_FACE('',(#568),#586,.F.);
#568 = FACE_BOUND('',#569,.F.);
#569 = EDGE_LOOP('',(#570,#571,#579,#585));
#570 = ORIENTED_EDGE('',*,*,#456,.T.);
#571 = ORIENTED_EDGE('',*,*,#572,.T.);
#572 = EDGE_CURVE('',#449,#573,#575,.T.);
#573 = VERTEX_POINT('',#574);
#574 = CARTESIAN_POINT('',(20.25,-3.978500402173,-7.369678388501));
#575 = LINE('',#576,#577);
#576 = CARTESIAN_POINT('',(20.25,4.393078501076,-7.130321611499));
#577 = VECTOR('',#578,1.);
#578 = DIRECTION('',(0.,-0.999591510836,-2.857991367183E-02));
#579 = ORIENTED_EDGE('',*,*,#580,.F.);
#580 = EDGE_CURVE('',#409,#573,#581,.T.);
#581 = LINE('',#582,#583);
#582 = CARTESIAN_POINT('',(17.5,-3.978500402173,-7.369678388501));
#583 = VECTOR('',#584,1.);
#584 = DIRECTION('',(1.,4.884981308351E-32,2.2E-16));
#585 = ORIENTED_EDGE('',*,*,#416,.F.);
#586 = PLANE('',#587);
#587 = AXIS2_PLACEMENT_3D('',#588,#589,#590);
#588 = CARTESIAN_POINT('',(17.5,4.393078501076,-7.130321611499));
#589 = DIRECTION('',(2.2E-16,2.857991367183E-02,-0.999591510836));
#590 = DIRECTION('',(1.E-17,-0.999591510836,-2.857991367183E-02));
#591 = ADVANCED_FACE('',(#592),#610,.F.);
#592 = FACE_BOUND('',#593,.F.);
#593 = EDGE_LOOP('',(#594,#595,#603,#609));
#594 = ORIENTED_EDGE('',*,*,#580,.T.);
#595 = ORIENTED_EDGE('',*,*,#596,.T.);
#596 = EDGE_CURVE('',#573,#597,#599,.T.);
#597 = VERTEX_POINT('',#598);
#598 = CARTESIAN_POINT('',(20.25,-8.37157890325,-0.239356777002));
#599 = LINE('',#600,#601);
#600 = CARTESIAN_POINT('',(20.25,-3.978500402173,-7.369678388501));
#601 = VECTOR('',#602,1.);
#602 = DIRECTION('',(0.,-0.524546686696,0.851381684955));
#603 = ORIENTED_EDGE('',*,*,#604,.F.);
#604 = EDGE_CURVE('',#401,#597,#605,.T.);
#605 = LINE('',#606,#607);
#606 = CARTESIAN_POINT('',(17.5,-8.37157890325,-0.239356777002));
#607 = VECTOR('',#608,1.);
#608 = DIRECTION('',(1.,4.884981308351E-32,2.2E-16));
#609 = ORIENTED_EDGE('',*,*,#408,.F.);
#610 = PLANE('',#611);
#611 = AXIS2_PLACEMENT_3D('',#612,#613,#614);
#612 = CARTESIAN_POINT('',(17.5,-3.978500402173,-7.369678388501));
#613 = DIRECTION('',(1.2E-16,-0.851381684955,-0.524546686696));
#614 = DIRECTION('',(-1.9E-16,-0.524546686696,0.851381684955));
#615 = ADVANCED_FACE('',(#616),#627,.F.);
#616 = FACE_BOUND('',#617,.F.);
#617 = EDGE_LOOP('',(#618,#619,#625,#626));
#618 = ORIENTED_EDGE('',*,*,#604,.T.);
#619 = ORIENTED_EDGE('',*,*,#620,.T.);
#620 = EDGE_CURVE('',#597,#497,#621,.T.);
#621 = LINE('',#622,#623);
#622 = CARTESIAN_POINT('',(20.25,-8.37157890325,-0.239356777002));
#623 = VECTOR('',#624,1.);
#624 = DIRECTION('',(0.,0.47504482414,0.879961598627));
#625 = ORIENTED_EDGE('',*,*,#496,.F.);
#626 = ORIENTED_EDGE('',*,*,#400,.F.);
#627 = PLANE('',#628);
#628 = AXIS2_PLACEMENT_3D('',#629,#630,#631);
#629 = CARTESIAN_POINT('',(17.5,-8.37157890325,-0.239356777002));
#630 = DIRECTION('',(-1.1E-16,-0.879961598627,0.47504482414));
#631 = DIRECTION('',(-2.E-16,0.47504482414,0.879961598627));
#632 = ADVANCED_FACE('',(#633,#641),#651,.F.);
#633 = FACE_BOUND('',#634,.F.);
#634 = EDGE_LOOP('',(#635,#636,#637,#638,#639,#640));
#635 = ORIENTED_EDGE('',*,*,#448,.F.);
#636 = ORIENTED_EDGE('',*,*,#480,.F.);
#637 = ORIENTED_EDGE('',*,*,#504,.F.);
#638 = ORIENTED_EDGE('',*,*,#620,.F.);
#639 = ORIENTED_EDGE('',*,*,#596,.F.);
#640 = ORIENTED_EDGE('',*,*,#572,.F.);
#641 = FACE_BOUND('',#642,.F.);
#642 = EDGE_LOOP('',(#643,#650));
#643 = ORIENTED_EDGE('',*,*,#644,.F.);
#644 = EDGE_CURVE('',#549,#540,#645,.T.);
#645 = CIRCLE('',#646,5.25);
#646 = AXIS2_PLACEMENT_3D('',#647,#648,#649);
#647 = CARTESIAN_POINT('',(20.25,1.59872115546E-31,7.2E-16));
#648 = DIRECTION('',(1.,-4.884981308351E-32,-2.2E-16));
#649 = DIRECTION('',(2.2E-16,4.42044604925E-16,1.));
#650 = ORIENTED_EDGE('',*,*,#556,.T.);
#651 = PLANE('',#652);
#652 = AXIS2_PLACEMENT_3D('',#653,#654,#655);
#653 = CARTESIAN_POINT('',(20.25,1.4E-16,8.4E-16));
#654 = DIRECTION('',(1.,0.,0.));
#655 = DIRECTION('',(0.,2.22044604925E-16,1.));
#656 = ADVANCED_FACE('',(#657),#663,.F.);
#657 = FACE_BOUND('',#658,.F.);
#658 = EDGE_LOOP('',(#659,#660,#661,#662));
#659 = ORIENTED_EDGE('',*,*,#539,.F.);
#660 = ORIENTED_EDGE('',*,*,#523,.F.);
#661 = ORIENTED_EDGE('',*,*,#548,.T.);
#662 = ORIENTED_EDGE('',*,*,#644,.T.);
#663 = CYLINDRICAL_SURFACE('',#664,5.25);
#664 = AXIS2_PLACEMENT_3D('',#665,#666,#667);
#665 = CARTESIAN_POINT('',(23.5,0.,0.));
#666 = DIRECTION('',(1.,-4.884981308351E-32,-2.2E-16));
#667 = DIRECTION('',(2.2E-16,4.42044604925E-16,1.));
#668 = ( GEOMETRIC_REPRESENTATION_CONTEXT(3) 
GLOBAL_UNCERTAINTY_ASSIGNED_CONTEXT((#672)) GLOBAL_UNIT_ASSIGNED_CONTEXT
((#669,#670,#671)) REPRESENTATION_CONTEXT('Context #1',
  '3D Context with UNIT and UNCERTAINTY') );
#669 = ( LENGTH_UNIT() NAMED_UNIT(*) SI_UNIT(.MILLI.,.METRE.) );
#670 = ( NAMED_UNIT(*) PLANE_ANGLE_UNIT() SI_UNIT($,.RADIAN.) );
#671 = ( NAMED_UNIT(*) SI_UNIT($,.STERADIAN.) SOLID_ANGLE_UNIT() );
#672 = UNCERTAINTY_MEASURE_WITH_UNIT(LENGTH_MEASURE(1.E-07),#669,
  'distance_accuracy_value','confusion accuracy');
#673 = CONTEXT_DEPENDENT_SHAPE_REPRESENTATION(#674,#676);
#674 = ( REPRESENTATION_RELATIONSHIP('','',#68,#10) 
REPRESENTATION_RELATIONSHIP_WITH_TRANSFORMATION(#675) 
SHAPE_REPRESENTATION_RELATIONSHIP() );
#675 = ITEM_DEFINED_TRANSFORMATION('','',#11,#15);
#676 = PRODUCT_DEFINITION_SHAPE('Placement','Placement of an item',#677
  );
#677 = NEXT_ASSEMBLY_USAGE_OCCURRENCE('1','Body','',#5,#63,$);
#678 = PRODUCT_RELATED_PRODUCT_CATEGORY('part',$,(#65));
#679 = SHAPE_DEFINITION_REPRESENTATION(#680,#686);
#680 = PRODUCT_DEFINITION_SHAPE('','',#681);
#681 = PRODUCT_DEFINITION('design','',#682,#685);
#682 = PRODUCT_DEFINITION_FORMATION('','',#683);
#683 = PRODUCT('Sketch','Sketch','',(#684));
#684 = PRODUCT_CONTEXT('',#2,'mechanical');
#685 = PRODUCT_DEFINITION_CONTEXT('part definition',#2,'design');
#686 = GEOMETRICALLY_BOUNDED_WIREFRAME_SHAPE_REPRESENTATION('',(#11,#687
    ),#730);
#687 = GEOMETRIC_CURVE_SET('',(#688,#695,#702,#709,#716,#723));
#688 = TRIMMED_CURVE('',#689,(#693,PARAMETER_VALUE(0.)),(#694,
    PARAMETER_VALUE(23.5)),.T.,.PARAMETER.);
#689 = LINE('',#690,#691);
#690 = CARTESIAN_POINT('',(0.,15.,0.));
#691 = VECTOR('',#692,1.);
#692 = DIRECTION('',(1.,0.,0.));
#693 = CARTESIAN_POINT('',(0.,15.,0.));
#694 = CARTESIAN_POINT('',(23.5,15.,0.));
#695 = TRIMMED_CURVE('',#696,(#700,PARAMETER_VALUE(0.)),(#701,
    PARAMETER_VALUE(9.75)),.T.,.PARAMETER.);
#696 = LINE('',#697,#698);
#697 = CARTESIAN_POINT('',(23.5,15.,0.));
#698 = VECTOR('',#699,1.);
#699 = DIRECTION('',(0.,-1.,0.));
#700 = CARTESIAN_POINT('',(23.5,15.,0.));
#701 = CARTESIAN_POINT('',(23.5,5.25,0.));
#702 = TRIMMED_CURVE('',#703,(#707,PARAMETER_VALUE(0.)),(#708,
    PARAMETER_VALUE(6.)),.T.,.PARAMETER.);
#703 = LINE('',#704,#705);
#704 = CARTESIAN_POINT('',(23.5,5.25,0.));
#705 = VECTOR('',#706,1.);
#706 = DIRECTION('',(-1.,0.,0.));
#707 = CARTESIAN_POINT('',(23.5,5.25,0.));
#708 = CARTESIAN_POINT('',(17.5,5.25,0.));
#709 = TRIMMED_CURVE('',#710,(#714,PARAMETER_VALUE(0.)),(#715,
    PARAMETER_VALUE(3.25)),.T.,.PARAMETER.);
#710 = LINE('',#711,#712);
#711 = CARTESIAN_POINT('',(17.5,5.25,0.));
#712 = VECTOR('',#713,1.);
#713 = DIRECTION('',(0.,1.,0.));
#714 = CARTESIAN_POINT('',(17.5,5.25,0.));
#715 = CARTESIAN_POINT('',(17.5,8.5,0.));
#716 = TRIMMED_CURVE('',#717,(#721,PARAMETER_VALUE(0.)),(#722,
    PARAMETER_VALUE(17.5)),.T.,.PARAMETER.);
#717 = LINE('',#718,#719);
#718 = CARTESIAN_POINT('',(17.5,8.5,0.));
#719 = VECTOR('',#720,1.);
#720 = DIRECTION('',(-1.,0.,0.));
#721 = CARTESIAN_POINT('',(17.5,8.5,0.));
#722 = CARTESIAN_POINT('',(0.,8.5,0.));
#723 = TRIMMED_CURVE('',#724,(#728,PARAMETER_VALUE(0.)),(#729,
    PARAMETER_VALUE(6.5)),.T.,.PARAMETER.);
#724 = LINE('',#725,#726);
#725 = CARTESIAN_POINT('',(0.,15.,0.));
#726 = VECTOR('',#727,1.);
#727 = DIRECTION('',(0.,-1.,0.));
#728 = CARTESIAN_POINT('',(0.,15.,0.));
#729 = CARTESIAN_POINT('',(0.,8.5,0.));
#730 = ( GEOMETRIC_REPRESENTATION_CONTEXT(3) 
GLOBAL_UNCERTAINTY_ASSIGNED_CONTEXT((#734)) GLOBAL_UNIT_ASSIGNED_CONTEXT
((#731,#732,#733)) REPRESENTATION_CONTEXT('Context #1',
  '3D Context with UNIT and UNCERTAINTY') );
#731 = ( LENGTH_UNIT() NAMED_UNIT(*) SI_UNIT(.MILLI.,.METRE.) );
#732 = ( NAMED_UNIT(*) PLANE_ANGLE_UNIT() SI_UNIT($,.RADIAN.) );
#733 = ( NAMED_UNIT(*) SI_UNIT($,.STERADIAN.) SOLID_ANGLE_UNIT() );
#734 = UNCERTAINTY_MEASURE_WITH_UNIT(LENGTH_MEASURE(1.E-07),#731,
  'distance_accuracy_value','confusion accuracy');
#735 = CONTEXT_DEPENDENT_SHAPE_REPRESENTATION(#736,#738);
#736 = ( REPRESENTATION_RELATIONSHIP('','',#686,#10) 
REPRESENTATION_RELATIONSHIP_WITH_TRANSFORMATION(#737) 
SHAPE_REPRESENTATION_RELATIONSHIP() );
#737 = ITEM_DEFINED_TRANSFORMATION('','',#11,#19);
#738 = PRODUCT_DEFINITION_SHAPE('Placement','Placement of an item',#739
  );
#739 = NEXT_ASSEMBLY_USAGE_OCCURRENCE('2','Sketch','',#5,#681,$);
#740 = PRODUCT_RELATED_PRODUCT_CATEGORY('part',$,(#683));
#741 = SHAPE_DEFINITION_REPRESENTATION(#742,#748);
#742 = PRODUCT_DEFINITION_SHAPE('','',#743);
#743 = PRODUCT_DEFINITION('design','',#744,#747);
#744 = PRODUCT_DEFINITION_FORMATION('','',#745);
#745 = PRODUCT('Revolution','Revolution','',(#746));
#746 = PRODUCT_CONTEXT('',#2,'mechanical');
#747 = PRODUCT_DEFINITION_CONTEXT('part definition',#2,'design');
#748 = ADVANCED_BREP_SHAPE_REPRESENTATION('',(#11,#749),#971);
#749 = MANIFOLD_SOLID_BREP('',#750);
#750 = CLOSED_SHELL('',(#751,#793,#825,#857,#889,#921,#943,#957));
#751 = ADVANCED_FACE('',(#752),#788,.T.);
#752 = FACE_BOUND('',#753,.T.);
#753 = EDGE_LOOP('',(#754,#765,#773,#782));
#754 = ORIENTED_EDGE('',*,*,#755,.T.);
#755 = EDGE_CURVE('',#756,#758,#760,.T.);
#756 = VERTEX_POINT('',#757);
#757 = CARTESIAN_POINT('',(0.,15.,0.));
#758 = VERTEX_POINT('',#759);
#759 = CARTESIAN_POINT('',(0.,0.,-15.));
#760 = CIRCLE('',#761,15.);
#761 = AXIS2_PLACEMENT_3D('',#762,#763,#764);
#762 = CARTESIAN_POINT('',(0.,0.,0.));
#763 = DIRECTION('',(1.,0.,0.));
#764 = DIRECTION('',(0.,1.,-4.4E-16));
#765 = ORIENTED_EDGE('',*,*,#766,.T.);
#766 = EDGE_CURVE('',#758,#767,#769,.T.);
#767 = VERTEX_POINT('',#768);
#768 = CARTESIAN_POINT('',(23.5,0.,-15.));
#769 = LINE('',#770,#771);
#770 = CARTESIAN_POINT('',(0.,0.,-15.));
#771 = VECTOR('',#772,1.);
#772 = DIRECTION('',(1.,0.,0.));
#773 = ORIENTED_EDGE('',*,*,#774,.F.);
#774 = EDGE_CURVE('',#775,#767,#777,.T.);
#775 = VERTEX_POINT('',#776);
#776 = CARTESIAN_POINT('',(23.5,15.,0.));
#777 = CIRCLE('',#778,15.);
#778 = AXIS2_PLACEMENT_3D('',#779,#780,#781);
#779 = CARTESIAN_POINT('',(23.5,0.,0.));
#780 = DIRECTION('',(1.,0.,0.));
#781 = DIRECTION('',(0.,1.,-4.4E-16));
#782 = ORIENTED_EDGE('',*,*,#783,.F.);
#783 = EDGE_CURVE('',#756,#775,#784,.T.);
#784 = LINE('',#785,#786);
#785 = CARTESIAN_POINT('',(0.,15.,0.));
#786 = VECTOR('',#787,1.);
#787 = DIRECTION('',(1.,0.,0.));
#788 = CYLINDRICAL_SURFACE('',#789,15.);
#789 = AXIS2_PLACEMENT_3D('',#790,#791,#792);
#790 = CARTESIAN_POINT('',(0.,0.,0.));
#791 = DIRECTION('',(1.,0.,0.));
#792 = DIRECTION('',(0.,1.,-4.4E-16));
#793 = ADVANCED_FACE('',(#794),#820,.T.);
#794 = FACE_BOUND('',#795,.T.);
#795 = EDGE_LOOP('',(#796,#797,#805,#814));
#796 = ORIENTED_EDGE('',*,*,#774,.T.);
#797 = ORIENTED_EDGE('',*,*,#798,.T.);
#798 = EDGE_CURVE('',#767,#799,#801,.T.);
#799 = VERTEX_POINT('',#800);
#800 = CARTESIAN_POINT('',(23.5,0.,-5.25));
#801 = LINE('',#802,#803);
#802 = CARTESIAN_POINT('',(23.5,0.,-15.));
#803 = VECTOR('',#804,1.);
#804 = DIRECTION('',(0.,0.,1.));
#805 = ORIENTED_EDGE('',*,*,#806,.F.);
#806 = EDGE_CURVE('',#807,#799,#809,.T.);
#807 = VERTEX_POINT('',#808);
#808 = CARTESIAN_POINT('',(23.5,5.25,0.));
#809 = CIRCLE('',#810,5.25);
#810 = AXIS2_PLACEMENT_3D('',#811,#812,#813);
#811 = CARTESIAN_POINT('',(23.5,0.,0.));
#812 = DIRECTION('',(1.,0.,0.));
#813 = DIRECTION('',(0.,1.,-4.4E-16));
#814 = ORIENTED_EDGE('',*,*,#815,.F.);
#815 = EDGE_CURVE('',#775,#807,#816,.T.);
#816 = LINE('',#817,#818);
#817 = CARTESIAN_POINT('',(23.5,15.,0.));
#818 = VECTOR('',#819,1.);
#819 = DIRECTION('',(0.,-1.,0.));
#820 = PLANE('',#821);
#821 = AXIS2_PLACEMENT_3D('',#822,#823,#824);
#822 = CARTESIAN_POINT('',(23.5,0.,0.));
#823 = DIRECTION('',(1.,0.,0.));
#824 = DIRECTION('',(0.,1.,-4.4E-16));
#825 = ADVANCED_FACE('',(#826),#852,.F.);
#826 = FACE_BOUND('',#827,.T.);
#827 = EDGE_LOOP('',(#828,#829,#837,#846));
#828 = ORIENTED_EDGE('',*,*,#806,.T.);
#829 = ORIENTED_EDGE('',*,*,#830,.T.);
#830 = EDGE_CURVE('',#799,#831,#833,.T.);
#831 = VERTEX_POINT('',#832);
#832 = CARTESIAN_POINT('',(17.5,0.,-5.25));
#833 = LINE('',#834,#835);
#834 = CARTESIAN_POINT('',(23.5,0.,-5.25));
#835 = VECTOR('',#836,1.);
#836 = DIRECTION('',(-1.,0.,0.));
#837 = ORIENTED_EDGE('',*,*,#838,.F.);
#838 = EDGE_CURVE('',#839,#831,#841,.T.);
#839 = VERTEX_POINT('',#840);
#840 = CARTESIAN_POINT('',(17.5,5.25,0.));
#841 = CIRCLE('',#842,5.25);
#842 = AXIS2_PLACEMENT_3D('',#843,#844,#845);
#843 = CARTESIAN_POINT('',(17.5,0.,0.));
#844 = DIRECTION('',(1.,0.,0.));
#845 = DIRECTION('',(0.,1.,-4.4E-16));
#846 = ORIENTED_EDGE('',*,*,#847,.F.);
#847 = EDGE_CURVE('',#807,#839,#848,.T.);
#848 = LINE('',#849,#850);
#849 = CARTESIAN_POINT('',(23.5,5.25,0.));
#850 = VECTOR('',#851,1.);
#851 = DIRECTION('',(-1.,0.,0.));
#852 = CYLINDRICAL_SURFACE('',#853,5.25);
#853 = AXIS2_PLACEMENT_3D('',#854,#855,#856);
#854 = CARTESIAN_POINT('',(23.5,0.,0.));
#855 = DIRECTION('',(-1.,-0.,-0.));
#856 = DIRECTION('',(0.,1.,-4.4E-16));
#857 = ADVANCED_FACE('',(#858),#884,.F.);
#858 = FACE_BOUND('',#859,.T.);
#859 = EDGE_LOOP('',(#860,#861,#869,#878));
#860 = ORIENTED_EDGE('',*,*,#838,.T.);
#861 = ORIENTED_EDGE('',*,*,#862,.T.);
#862 = EDGE_CURVE('',#831,#863,#865,.T.);
#863 = VERTEX_POINT('',#864);
#864 = CARTESIAN_POINT('',(17.5,0.,-8.5));
#865 = LINE('',#866,#867);
#866 = CARTESIAN_POINT('',(17.5,0.,-5.25));
#867 = VECTOR('',#868,1.);
#868 = DIRECTION('',(0.,0.,-1.));
#869 = ORIENTED_EDGE('',*,*,#870,.F.);
#870 = EDGE_CURVE('',#871,#863,#873,.T.);
#871 = VERTEX_POINT('',#872);
#872 = CARTESIAN_POINT('',(17.5,8.5,0.));
#873 = CIRCLE('',#874,8.5);
#874 = AXIS2_PLACEMENT_3D('',#875,#876,#877);
#875 = CARTESIAN_POINT('',(17.5,0.,0.));
#876 = DIRECTION('',(1.,0.,0.));
#877 = DIRECTION('',(0.,1.,-4.4E-16));
#878 = ORIENTED_EDGE('',*,*,#879,.F.);
#879 = EDGE_CURVE('',#839,#871,#880,.T.);
#880 = LINE('',#881,#882);
#881 = CARTESIAN_POINT('',(17.5,5.25,0.));
#882 = VECTOR('',#883,1.);
#883 = DIRECTION('',(0.,1.,0.));
#884 = PLANE('',#885);
#885 = AXIS2_PLACEMENT_3D('',#886,#887,#888);
#886 = CARTESIAN_POINT('',(17.5,0.,0.));
#887 = DIRECTION('',(1.,0.,0.));
#888 = DIRECTION('',(-0.,1.,-4.4E-16));
#889 = ADVANCED_FACE('',(#890),#916,.F.);
#890 = FACE_BOUND('',#891,.T.);
#891 = EDGE_LOOP('',(#892,#893,#901,#910));
#892 = ORIENTED_EDGE('',*,*,#870,.T.);
#893 = ORIENTED_EDGE('',*,*,#894,.T.);
#894 = EDGE_CURVE('',#863,#895,#897,.T.);
#895 = VERTEX_POINT('',#896);
#896 = CARTESIAN_POINT('',(0.,0.,-8.5));
#897 = LINE('',#898,#899);
#898 = CARTESIAN_POINT('',(17.5,0.,-8.5));
#899 = VECTOR('',#900,1.);
#900 = DIRECTION('',(-1.,0.,0.));
#901 = ORIENTED_EDGE('',*,*,#902,.F.);
#902 = EDGE_CURVE('',#903,#895,#905,.T.);
#903 = VERTEX_POINT('',#904);
#904 = CARTESIAN_POINT('',(0.,8.5,0.));
#905 = CIRCLE('',#906,8.5);
#906 = AXIS2_PLACEMENT_3D('',#907,#908,#909);
#907 = CARTESIAN_POINT('',(0.,0.,0.));
#908 = DIRECTION('',(1.,0.,0.));
#909 = DIRECTION('',(0.,1.,-4.4E-16));
#910 = ORIENTED_EDGE('',*,*,#911,.F.);
#911 = EDGE_CURVE('',#871,#903,#912,.T.);
#912 = LINE('',#913,#914);
#913 = CARTESIAN_POINT('',(17.5,8.5,0.));
#914 = VECTOR('',#915,1.);
#915 = DIRECTION('',(-1.,0.,0.));
#916 = CYLINDRICAL_SURFACE('',#917,8.5);
#917 = AXIS2_PLACEMENT_3D('',#918,#919,#920);
#918 = CARTESIAN_POINT('',(17.5,0.,0.));
#919 = DIRECTION('',(-1.,-0.,-0.));
#920 = DIRECTION('',(0.,1.,-4.4E-16));
#921 = ADVANCED_FACE('',(#922),#938,.F.);
#922 = FACE_BOUND('',#923,.F.);
#923 = EDGE_LOOP('',(#924,#925,#931,#932));
#924 = ORIENTED_EDGE('',*,*,#755,.T.);
#925 = ORIENTED_EDGE('',*,*,#926,.T.);
#926 = EDGE_CURVE('',#758,#895,#927,.T.);
#927 = LINE('',#928,#929);
#928 = CARTESIAN_POINT('',(0.,0.,-15.));
#929 = VECTOR('',#930,1.);
#930 = DIRECTION('',(0.,0.,1.));
#931 = ORIENTED_EDGE('',*,*,#902,.F.);
#932 = ORIENTED_EDGE('',*,*,#933,.F.);
#933 = EDGE_CURVE('',#756,#903,#934,.T.);
#934 = LINE('',#935,#936);
#935 = CARTESIAN_POINT('',(0.,15.,0.));
#936 = VECTOR('',#937,1.);
#937 = DIRECTION('',(0.,-1.,0.));
#938 = PLANE('',#939);
#939 = AXIS2_PLACEMENT_3D('',#940,#941,#942);
#940 = CARTESIAN_POINT('',(0.,0.,0.));
#941 = DIRECTION('',(1.,0.,0.));
#942 = DIRECTION('',(0.,1.,-4.4E-16));
#943 = ADVANCED_FACE('',(#944),#952,.T.);
#944 = FACE_BOUND('',#945,.T.);
#945 = EDGE_LOOP('',(#946,#947,#948,#949,#950,#951));
#946 = ORIENTED_EDGE('',*,*,#783,.T.);
#947 = ORIENTED_EDGE('',*,*,#815,.T.);
#948 = ORIENTED_EDGE('',*,*,#847,.T.);
#949 = ORIENTED_EDGE('',*,*,#879,.T.);
#950 = ORIENTED_EDGE('',*,*,#911,.T.);
#951 = ORIENTED_EDGE('',*,*,#933,.F.);
#952 = PLANE('',#953);
#953 = AXIS2_PLACEMENT_3D('',#954,#955,#956);
#954 = CARTESIAN_POINT('',(12.605263157895,10.980263157895,-2.44E-15));
#955 = DIRECTION('',(0.,-2.2E-16,-1.));
#956 = DIRECTION('',(0.,1.,-2.2E-16));
#957 = ADVANCED_FACE('',(#958),#966,.F.);
#958 = FACE_BOUND('',#959,.F.);
#959 = EDGE_LOOP('',(#960,#961,#962,#963,#964,#965));
#960 = ORIENTED_EDGE('',*,*,#766,.T.);
#961 = ORIENTED_EDGE('',*,*,#798,.T.);
#962 = ORIENTED_EDGE('',*,*,#830,.T.);
#963 = ORIENTED_EDGE('',*,*,#862,.T.);
#964 = ORIENTED_EDGE('',*,*,#894,.T.);
#965 = ORIENTED_EDGE('',*,*,#926,.F.);
#966 = PLANE('',#967);
#967 = AXIS2_PLACEMENT_3D('',#968,#969,#970);
#968 = CARTESIAN_POINT('',(12.605263157895,-2.44E-15,-10.98026315789));
#969 = DIRECTION('',(0.,-1.,2.2E-16));
#970 = DIRECTION('',(0.,-2.2E-16,-1.));
#971 = ( GEOMETRIC_REPRESENTATION_CONTEXT(3) 
GLOBAL_UNCERTAINTY_ASSIGNED_CONTEXT((#975)) GLOBAL_UNIT_ASSIGNED_CONTEXT
((#972,#973,#974)) REPRESENTATION_CONTEXT('Context #1',
  '3D Context with UNIT and UNCERTAINTY') );
#972 = ( LENGTH_UNIT() NAMED_UNIT(*) SI_UNIT(.MILLI.,.METRE.) );
#973 = ( NAMED_UNIT(*) PLANE_ANGLE_UNIT() SI_UNIT($,.RADIAN.) );
#974 = ( NAMED_UNIT(*) SI_UNIT($,.STERADIAN.) SOLID_ANGLE_UNIT() );
#975 = UNCERTAINTY_MEASURE_WITH_UNIT(LENGTH_MEASURE(1.E-07),#972,
  'distance_accuracy_value','confusion accuracy');
#976 = CONTEXT_DEPENDENT_SHAPE_REPRESENTATION(#977,#979);
#977 = ( REPRESENTATION_RELATIONSHIP('','',#748,#10) 
REPRESENTATION_RELATIONSHIP_WITH_TRANSFORMATION(#978) 
SHAPE_REPRESENTATION_RELATIONSHIP() );
#978 = ITEM_DEFINED_TRANSFORMATION('','',#11,#23);
#979 = PRODUCT_DEFINITION_SHAPE('Placement','Placement of an item',#980
  );
#980 = NEXT_ASSEMBLY_USAGE_OCCURRENCE('3','Revolution','',#5,#743,$);
#981 = PRODUCT_RELATED_PRODUCT_CATEGORY('part',$,(#745));
#982 = SHAPE_DEFINITION_REPRESENTATION(#983,#989);
#983 = PRODUCT_DEFINITION_SHAPE('','',#984);
#984 = PRODUCT_DEFINITION('design','',#985,#988);
#985 = PRODUCT_DEFINITION_FORMATION('','',#986);
#986 = PRODUCT('Sketch001','Sketch001','',(#987));
#987 = PRODUCT_CONTEXT('',#2,'mechanical');
#988 = PRODUCT_DEFINITION_CONTEXT('part definition',#2,'design');
#989 = GEOMETRICALLY_BOUNDED_WIREFRAME_SHAPE_REPRESENTATION('',(#11,#990
    ),#1033);
#990 = GEOMETRIC_CURVE_SET('',(#991,#998,#1005,#1012,#1019,#1026));
#991 = TRIMMED_CURVE('',#992,(#996,PARAMETER_VALUE(0.)),(#997,
    PARAMETER_VALUE(8.375000000002)),.T.,.PARAMETER.);
#992 = LINE('',#993,#994);
#993 = CARTESIAN_POINT('',(-0.239356777002,-8.37157890325,0.));
#994 = VECTOR('',#995,1.);
#995 = DIRECTION('',(0.879961598627,0.47504482414,0.));
#996 = CARTESIAN_POINT('',(-0.239356777002,-8.37157890325,0.));
#997 = CARTESIAN_POINT('',(7.130321611499,-4.393078501076,0.));
#998 = TRIMMED_CURVE('',#999,(#1003,PARAMETER_VALUE(0.)),(#1004,
    PARAMETER_VALUE(8.375000000002)),.T.,.PARAMETER.);
#999 = LINE('',#1000,#1001);
#1000 = CARTESIAN_POINT('',(7.130321611499,-4.393078501076,0.));
#1001 = VECTOR('',#1002,1.);
#1002 = DIRECTION('',(2.857991367183E-02,0.999591510836,0.));
#1003 = CARTESIAN_POINT('',(7.130321611499,-4.393078501076,0.));
#1004 = CARTESIAN_POINT('',(7.369678388501,3.978500402173,0.));
#1005 = TRIMMED_CURVE('',#1006,(#1010,PARAMETER_VALUE(0.)),(#1011,
    PARAMETER_VALUE(8.375000000002)),.T.,.PARAMETER.);
#1006 = LINE('',#1007,#1008);
#1007 = CARTESIAN_POINT('',(7.369678388501,3.978500402173,0.));
#1008 = VECTOR('',#1009,1.);
#1009 = DIRECTION('',(-0.851381684955,0.524546686696,0.));
#1010 = CARTESIAN_POINT('',(7.369678388501,3.978500402173,0.));
#1011 = CARTESIAN_POINT('',(0.239356777002,8.37157890325,0.));
#1012 = TRIMMED_CURVE('',#1013,(#1017,PARAMETER_VALUE(0.)),(#1018,
    PARAMETER_VALUE(8.375000000002)),.T.,.PARAMETER.);
#1013 = LINE('',#1014,#1015);
#1014 = CARTESIAN_POINT('',(0.239356777002,8.37157890325,0.));
#1015 = VECTOR('',#1016,1.);
#1016 = DIRECTION('',(-0.879961598627,-0.47504482414,0.));
#1017 = CARTESIAN_POINT('',(0.239356777002,8.37157890325,0.));
#1018 = CARTESIAN_POINT('',(-7.130321611499,4.393078501076,0.));
#1019 = TRIMMED_CURVE('',#1020,(#1024,PARAMETER_VALUE(0.)),(#1025,
    PARAMETER_VALUE(8.375000000002)),.T.,.PARAMETER.);
#1020 = LINE('',#1021,#1022);
#1021 = CARTESIAN_POINT('',(-7.130321611499,4.393078501076,0.));
#1022 = VECTOR('',#1023,1.);
#1023 = DIRECTION('',(-2.857991367183E-02,-0.999591510836,0.));
#1024 = CARTESIAN_POINT('',(-7.130321611499,4.393078501076,0.));
#1025 = CARTESIAN_POINT('',(-7.369678388501,-3.978500402173,0.));
#1026 = TRIMMED_CURVE('',#1027,(#1031,PARAMETER_VALUE(0.)),(#1032,
    PARAMETER_VALUE(8.375000000002)),.T.,.PARAMETER.);
#1027 = LINE('',#1028,#1029);
#1028 = CARTESIAN_POINT('',(-7.369678388501,-3.978500402173,0.));
#1029 = VECTOR('',#1030,1.);
#1030 = DIRECTION('',(0.851381684955,-0.524546686696,0.));
#1031 = CARTESIAN_POINT('',(-7.369678388501,-3.978500402173,0.));
#1032 = CARTESIAN_POINT('',(-0.239356777002,-8.37157890325,0.));
#1033 = ( GEOMETRIC_REPRESENTATION_CONTEXT(3) 
GLOBAL_UNCERTAINTY_ASSIGNED_CONTEXT((#1037)) 
GLOBAL_UNIT_ASSIGNED_CONTEXT((#1034,#1035,#1036)) REPRESENTATION_CONTEXT
('Context #1','3D Context with UNIT and UNCERTAINTY') );
#1034 = ( LENGTH_UNIT() NAMED_UNIT(*) SI_UNIT(.MILLI.,.METRE.) );
#1035 = ( NAMED_UNIT(*) PLANE_ANGLE_UNIT() SI_UNIT($,.RADIAN.) );
#1036 = ( NAMED_UNIT(*) SI_UNIT($,.STERADIAN.) SOLID_ANGLE_UNIT() );
#1037 = UNCERTAINTY_MEASURE_WITH_UNIT(LENGTH_MEASURE(1.E-07),#1034,
  'distance_accuracy_value','confusion accuracy');
#1038 = CONTEXT_DEPENDENT_SHAPE_REPRESENTATION(#1039,#1041);
#1039 = ( REPRESENTATION_RELATIONSHIP('','',#989,#10) 
REPRESENTATION_RELATIONSHIP_WITH_TRANSFORMATION(#1040) 
SHAPE_REPRESENTATION_RELATIONSHIP() );
#1040 = ITEM_DEFINED_TRANSFORMATION('','',#11,#27);
#1041 = PRODUCT_DEFINITION_SHAPE('Placement','Placement of an item',
  #1042);
#1042 = NEXT_ASSEMBLY_USAGE_OCCURRENCE('4','Sketch001','',#5,#984,$);
#1043 = PRODUCT_RELATED_PRODUCT_CATEGORY('part',$,(#986));
#1044 = SHAPE_DEFINITION_REPRESENTATION(#1045,#1051);
#1045 = PRODUCT_DEFINITION_SHAPE('','',#1046);
#1046 = PRODUCT_DEFINITION('design','',#1047,#1050);
#1047 = PRODUCT_DEFINITION_FORMATION('','',#1048);
#1048 = PRODUCT('Sketch002','Sketch002','',(#1049));
#1049 = PRODUCT_CONTEXT('',#2,'mechanical');
#1050 = PRODUCT_DEFINITION_CONTEXT('part definition',#2,'design');
#1051 = GEOMETRICALLY_BOUNDED_WIREFRAME_SHAPE_REPRESENTATION('',(#11,
    #1052),#1061);
#1052 = GEOMETRIC_CURVE_SET('',(#1053));
#1053 = TRIMMED_CURVE('',#1054,(#1059,PARAMETER_VALUE(0.)),(#1060,
    PARAMETER_VALUE(6.28318530718)),.T.,.PARAMETER.);
#1054 = CIRCLE('',#1055,1.625);
#1055 = AXIS2_PLACEMENT_3D('',#1056,#1057,#1058);
#1056 = CARTESIAN_POINT('',(-8.,8.413804133684,0.));
#1057 = DIRECTION('',(0.,0.,1.));
#1058 = DIRECTION('',(1.,0.,0.));
#1059 = CARTESIAN_POINT('',(-6.375,8.413804133684,0.));
#1060 = CARTESIAN_POINT('',(-6.375,8.413804133684,0.));
#1061 = ( GEOMETRIC_REPRESENTATION_CONTEXT(3) 
GLOBAL_UNCERTAINTY_ASSIGNED_CONTEXT((#1065)) 
GLOBAL_UNIT_ASSIGNED_CONTEXT((#1062,#1063,#1064)) REPRESENTATION_CONTEXT
('Context #1','3D Context with UNIT and UNCERTAINTY') );
#1062 = ( LENGTH_UNIT() NAMED_UNIT(*) SI_UNIT(.MILLI.,.METRE.) );
#1063 = ( NAMED_UNIT(*) PLANE_ANGLE_UNIT() SI_UNIT($,.RADIAN.) );
#1064 = ( NAMED_UNIT(*) SI_UNIT($,.STERADIAN.) SOLID_ANGLE_UNIT() );
#1065 = UNCERTAINTY_MEASURE_WITH_UNIT(LENGTH_MEASURE(1.E-07),#1062,
  'distance_accuracy_value','confusion accuracy');
#1066 = CONTEXT_DEPENDENT_SHAPE_REPRESENTATION(#1067,#1069);
#1067 = ( REPRESENTATION_RELATIONSHIP('','',#1051,#10) 
REPRESENTATION_RELATIONSHIP_WITH_TRANSFORMATION(#1068) 
SHAPE_REPRESENTATION_RELATIONSHIP() );
#1068 = ITEM_DEFINED_TRANSFORMATION('','',#11,#31);
#1069 = PRODUCT_DEFINITION_SHAPE('Placement','Placement of an item',
  #1070);
#1070 = NEXT_ASSEMBLY_USAGE_OCCURRENCE('5','Sketch002','',#5,#1046,$);
#1071 = PRODUCT_RELATED_PRODUCT_CATEGORY('part',$,(#1048));
#1072 = SHAPE_DEFINITION_REPRESENTATION(#1073,#1079);
#1073 = PRODUCT_DEFINITION_SHAPE('','',#1074);
#1074 = PRODUCT_DEFINITION('design','',#1075,#1078);
#1075 = PRODUCT_DEFINITION_FORMATION('','',#1076);
#1076 = PRODUCT('Sketch004','Sketch004','',(#1077));
#1077 = PRODUCT_CONTEXT('',#2,'mechanical');
#1078 = PRODUCT_DEFINITION_CONTEXT('part definition',#2,'design');
#1079 = SHAPE_REPRESENTATION('',(#11,#1080,#1089),#1098);
#1080 = GEOMETRIC_CURVE_SET('',(#1081));
#1081 = TRIMMED_CURVE('',#1082,(#1087,PARAMETER_VALUE(0.)),(#1088,
    PARAMETER_VALUE(6.28318530718)),.T.,.PARAMETER.);
#1082 = CIRCLE('',#1083,15.);
#1083 = AXIS2_PLACEMENT_3D('',#1084,#1085,#1086);
#1084 = CARTESIAN_POINT('',(0.,0.,0.));
#1085 = DIRECTION('',(0.,0.,1.));
#1086 = DIRECTION('',(1.,0.,-0.));
#1087 = CARTESIAN_POINT('',(15.,0.,0.));
#1088 = CARTESIAN_POINT('',(15.,0.,0.));
#1089 = GEOMETRIC_CURVE_SET('',(#1090));
#1090 = TRIMMED_CURVE('',#1091,(#1096,PARAMETER_VALUE(0.)),(#1097,
    PARAMETER_VALUE(6.28318530718)),.T.,.PARAMETER.);
#1091 = CIRCLE('',#1092,5.25);
#1092 = AXIS2_PLACEMENT_3D('',#1093,#1094,#1095);
#1093 = CARTESIAN_POINT('',(0.,0.,0.));
#1094 = DIRECTION('',(0.,0.,1.));
#1095 = DIRECTION('',(1.,0.,-0.));
#1096 = CARTESIAN_POINT('',(5.25,0.,0.));
#1097 = CARTESIAN_POINT('',(5.25,0.,0.));
#1098 = ( GEOMETRIC_REPRESENTATION_CONTEXT(3) 
GLOBAL_UNCERTAINTY_ASSIGNED_CONTEXT((#1102)) 
GLOBAL_UNIT_ASSIGNED_CONTEXT((#1099,#1100,#1101)) REPRESENTATION_CONTEXT
('Context #1','3D Context with UNIT and UNCERTAINTY') );
#1099 = ( LENGTH_UNIT() NAMED_UNIT(*) SI_UNIT(.MILLI.,.METRE.) );
#1100 = ( NAMED_UNIT(*) PLANE_ANGLE_UNIT() SI_UNIT($,.RADIAN.) );
#1101 = ( NAMED_UNIT(*) SI_UNIT($,.STERADIAN.) SOLID_ANGLE_UNIT() );
#1102 = UNCERTAINTY_MEASURE_WITH_UNIT(LENGTH_MEASURE(2.E-07),#1099,
  'distance_accuracy_value','confusion accuracy');
#1103 = CONTEXT_DEPENDENT_SHAPE_REPRESENTATION(#1104,#1106);
#1104 = ( REPRESENTATION_RELATIONSHIP('','',#1079,#10) 
REPRESENTATION_RELATIONSHIP_WITH_TRANSFORMATION(#1105) 
SHAPE_REPRESENTATION_RELATIONSHIP() );
#1105 = ITEM_DEFINED_TRANSFORMATION('','',#11,#35);
#1106 = PRODUCT_DEFINITION_SHAPE('Placement','Placement of an item',
  #1107);
#1107 = NEXT_ASSEMBLY_USAGE_OCCURRENCE('6','Sketch004','',#5,#1074,$);
#1108 = PRODUCT_RELATED_PRODUCT_CATEGORY('part',$,(#1076));
#1109 = SHAPE_DEFINITION_REPRESENTATION(#1110,#1116);
#1110 = PRODUCT_DEFINITION_SHAPE('','',#1111);
#1111 = PRODUCT_DEFINITION('design','',#1112,#1115);
#1112 = PRODUCT_DEFINITION_FORMATION('','',#1113);
#1113 = PRODUCT('Sketch003','Sketch003','',(#1114));
#1114 = PRODUCT_CONTEXT('',#2,'mechanical');
#1115 = PRODUCT_DEFINITION_CONTEXT('part definition',#2,'design');
#1116 = GEOMETRICALLY_BOUNDED_WIREFRAME_SHAPE_REPRESENTATION('',(#11,
    #1117),#1126);
#1117 = GEOMETRIC_CURVE_SET('',(#1118));
#1118 = TRIMMED_CURVE('',#1119,(#1124,PARAMETER_VALUE(0.)),(#1125,
    PARAMETER_VALUE(6.28318530718)),.T.,.PARAMETER.);
#1119 = CIRCLE('',#1120,3.75);
#1120 = AXIS2_PLACEMENT_3D('',#1121,#1122,#1123);
#1121 = CARTESIAN_POINT('',(-8.,8.413804133684,0.));
#1122 = DIRECTION('',(0.,0.,1.));
#1123 = DIRECTION('',(1.,0.,0.));
#1124 = CARTESIAN_POINT('',(-4.25,8.413804133684,0.));
#1125 = CARTESIAN_POINT('',(-4.25,8.413804133684,0.));
#1126 = ( GEOMETRIC_REPRESENTATION_CONTEXT(3) 
GLOBAL_UNCERTAINTY_ASSIGNED_CONTEXT((#1130)) 
GLOBAL_UNIT_ASSIGNED_CONTEXT((#1127,#1128,#1129)) REPRESENTATION_CONTEXT
('Context #1','3D Context with UNIT and UNCERTAINTY') );
#1127 = ( LENGTH_UNIT() NAMED_UNIT(*) SI_UNIT(.MILLI.,.METRE.) );
#1128 = ( NAMED_UNIT(*) PLANE_ANGLE_UNIT() SI_UNIT($,.RADIAN.) );
#1129 = ( NAMED_UNIT(*) SI_UNIT($,.STERADIAN.) SOLID_ANGLE_UNIT() );
#1130 = UNCERTAINTY_MEASURE_WITH_UNIT(LENGTH_MEASURE(1.E-07),#1127,
  'distance_accuracy_value','confusion accuracy');
#1131 = CONTEXT_DEPENDENT_SHAPE_REPRESENTATION(#1132,#1134);
#1132 = ( REPRESENTATION_RELATIONSHIP('','',#1116,#10) 
REPRESENTATION_RELATIONSHIP_WITH_TRANSFORMATION(#1133) 
SHAPE_REPRESENTATION_RELATIONSHIP() );
#1133 = ITEM_DEFINED_TRANSFORMATION('','',#11,#39);
#1134 = PRODUCT_DEFINITION_SHAPE('Placement','Placement of an item',
  #1135);
#1135 = NEXT_ASSEMBLY_USAGE_OCCURRENCE('7','Sketch003','',#5,#1111,$);
#1136 = PRODUCT_RELATED_PRODUCT_CATEGORY('part',$,(#1113));
#1137 = SHAPE_DEFINITION_REPRESENTATION(#1138,#1144);
#1138 = PRODUCT_DEFINITION_SHAPE('','',#1139);
#1139 = PRODUCT_DEFINITION('design','',#1140,#1143);
#1140 = PRODUCT_DEFINITION_FORMATION('','',#1141);
#1141 = PRODUCT('Pad','Pad','',(#1142));
#1142 = PRODUCT_CONTEXT('',#2,'mechanical');
#1143 = PRODUCT_DEFINITION_CONTEXT('part definition',#2,'design');
#1144 = ADVANCED_BREP_SHAPE_REPRESENTATION('',(#11,#1145),#1479);
#1145 = MANIFOLD_SOLID_BREP('',#1146);
#1146 = CLOSED_SHELL('',(#1147,#1189,#1220,#1252,#1283,#1301,#1319,#1359
    ,#1377,#1409,#1427,#1455,#1467));
#1147 = ADVANCED_FACE('',(#1148),#1184,.T.);
#1148 = FACE_BOUND('',#1149,.T.);
#1149 = EDGE_LOOP('',(#1150,#1160,#1169,#1177));
#1150 = ORIENTED_EDGE('',*,*,#1151,.F.);
#1151 = EDGE_CURVE('',#1152,#1154,#1156,.T.);
#1152 = VERTEX_POINT('',#1153);
#1153 = CARTESIAN_POINT('',(0.,15.,0.));
#1154 = VERTEX_POINT('',#1155);
#1155 = CARTESIAN_POINT('',(17.5,15.,0.));
#1156 = LINE('',#1157,#1158);
#1157 = CARTESIAN_POINT('',(0.,15.,0.));
#1158 = VECTOR('',#1159,1.);
#1159 = DIRECTION('',(1.,0.,0.));
#1160 = ORIENTED_EDGE('',*,*,#1161,.T.);
#1161 = EDGE_CURVE('',#1152,#1162,#1164,.T.);
#1162 = VERTEX_POINT('',#1163);
#1163 = CARTESIAN_POINT('',(0.,0.,-15.));
#1164 = CIRCLE('',#1165,15.);
#1165 = AXIS2_PLACEMENT_3D('',#1166,#1167,#1168);
#1166 = CARTESIAN_POINT('',(0.,0.,0.));
#1167 = DIRECTION('',(1.,-0.,0.));
#1168 = DIRECTION('',(0.,1.,-4.4E-16));
#1169 = ORIENTED_EDGE('',*,*,#1170,.T.);
#1170 = EDGE_CURVE('',#1162,#1171,#1173,.T.);
#1171 = VERTEX_POINT('',#1172);
#1172 = CARTESIAN_POINT('',(17.5,-1.E-15,-15.));
#1173 = LINE('',#1174,#1175);
#1174 = CARTESIAN_POINT('',(0.,0.,-15.));
#1175 = VECTOR('',#1176,1.);
#1176 = DIRECTION('',(1.,0.,0.));
#1177 = ORIENTED_EDGE('',*,*,#1178,.F.);
#1178 = EDGE_CURVE('',#1154,#1171,#1179,.T.);
#1179 = CIRCLE('',#1180,15.);
#1180 = AXIS2_PLACEMENT_3D('',#1181,#1182,#1183);
#1181 = CARTESIAN_POINT('',(17.5,1.E-15,0.));
#1182 = DIRECTION('',(1.,0.,0.));
#1183 = DIRECTION('',(0.,1.,0.));
#1184 = CYLINDRICAL_SURFACE('',#1185,15.);
#1185 = AXIS2_PLACEMENT_3D('',#1186,#1187,#1188);
#1186 = CARTESIAN_POINT('',(0.,0.,0.));
#1187 = DIRECTION('',(1.,0.,0.));
#1188 = DIRECTION('',(0.,1.,-4.4E-16));
#1189 = ADVANCED_FACE('',(#1190),#1215,.T.);
#1190 = FACE_BOUND('',#1191,.T.);
#1191 = EDGE_LOOP('',(#1192,#1200,#1201,#1209));
#1192 = ORIENTED_EDGE('',*,*,#1193,.F.);
#1193 = EDGE_CURVE('',#1152,#1194,#1196,.T.);
#1194 = VERTEX_POINT('',#1195);
#1195 = CARTESIAN_POINT('',(0.,8.5,0.));
#1196 = LINE('',#1197,#1198);
#1197 = CARTESIAN_POINT('',(0.,15.,0.));
#1198 = VECTOR('',#1199,1.);
#1199 = DIRECTION('',(0.,-1.,0.));
#1200 = ORIENTED_EDGE('',*,*,#1151,.T.);
#1201 = ORIENTED_EDGE('',*,*,#1202,.T.);
#1202 = EDGE_CURVE('',#1154,#1203,#1205,.T.);
#1203 = VERTEX_POINT('',#1204);
#1204 = CARTESIAN_POINT('',(17.5,8.5,0.));
#1205 = LINE('',#1206,#1207);
#1206 = CARTESIAN_POINT('',(17.5,5.490131578947,-2.44E-15));
#1207 = VECTOR('',#1208,1.);
#1208 = DIRECTION('',(-1.5E-16,-1.,4.4E-16));
#1209 = ORIENTED_EDGE('',*,*,#1210,.T.);
#1210 = EDGE_CURVE('',#1203,#1194,#1211,.T.);
#1211 = LINE('',#1212,#1213);
#1212 = CARTESIAN_POINT('',(17.5,8.5,0.));
#1213 = VECTOR('',#1214,1.);
#1214 = DIRECTION('',(-1.,0.,0.));
#1215 = PLANE('',#1216);
#1216 = AXIS2_PLACEMENT_3D('',#1217,#1218,#1219);
#1217 = CARTESIAN_POINT('',(12.605263157895,10.980263157895,-2.44E-15));
#1218 = DIRECTION('',(0.,-2.2E-16,-1.));
#1219 = DIRECTION('',(0.,1.,-2.2E-16));
#1220 = ADVANCED_FACE('',(#1221),#1247,.T.);
#1221 = FACE_BOUND('',#1222,.T.);
#1222 = EDGE_LOOP('',(#1223,#1231,#1232,#1240));
#1223 = ORIENTED_EDGE('',*,*,#1224,.F.);
#1224 = EDGE_CURVE('',#1154,#1225,#1227,.T.);
#1225 = VERTEX_POINT('',#1226);
#1226 = CARTESIAN_POINT('',(23.5,15.,-4.E-15));
#1227 = LINE('',#1228,#1229);
#1228 = CARTESIAN_POINT('',(0.,15.,0.));
#1229 = VECTOR('',#1230,1.);
#1230 = DIRECTION('',(1.,0.,0.));
#1231 = ORIENTED_EDGE('',*,*,#1178,.T.);
#1232 = ORIENTED_EDGE('',*,*,#1233,.T.);
#1233 = EDGE_CURVE('',#1171,#1234,#1236,.T.);
#1234 = VERTEX_POINT('',#1235);
#1235 = CARTESIAN_POINT('',(23.5,0.,-15.));
#1236 = LINE('',#1237,#1238);
#1237 = CARTESIAN_POINT('',(0.,0.,-15.));
#1238 = VECTOR('',#1239,1.);
#1239 = DIRECTION('',(1.,0.,0.));
#1240 = ORIENTED_EDGE('',*,*,#1241,.F.);
#1241 = EDGE_CURVE('',#1225,#1234,#1242,.T.);
#1242 = CIRCLE('',#1243,15.);
#1243 = AXIS2_PLACEMENT_3D('',#1244,#1245,#1246);
#1244 = CARTESIAN_POINT('',(23.5,0.,0.));
#1245 = DIRECTION('',(1.,-0.,0.));
#1246 = DIRECTION('',(0.,1.,-4.4E-16));
#1247 = CYLINDRICAL_SURFACE('',#1248,15.);
#1248 = AXIS2_PLACEMENT_3D('',#1249,#1250,#1251);
#1249 = CARTESIAN_POINT('',(0.,0.,0.));
#1250 = DIRECTION('',(1.,0.,0.));
#1251 = DIRECTION('',(0.,1.,-4.4E-16));
#1252 = ADVANCED_FACE('',(#1253),#1278,.F.);
#1253 = FACE_BOUND('',#1254,.F.);
#1254 = EDGE_LOOP('',(#1255,#1263,#1264,#1272));
#1255 = ORIENTED_EDGE('',*,*,#1256,.F.);
#1256 = EDGE_CURVE('',#1162,#1257,#1259,.T.);
#1257 = VERTEX_POINT('',#1258);
#1258 = CARTESIAN_POINT('',(0.,0.,-8.5));
#1259 = LINE('',#1260,#1261);
#1260 = CARTESIAN_POINT('',(0.,0.,-15.));
#1261 = VECTOR('',#1262,1.);
#1262 = DIRECTION('',(0.,0.,1.));
#1263 = ORIENTED_EDGE('',*,*,#1170,.T.);
#1264 = ORIENTED_EDGE('',*,*,#1265,.T.);
#1265 = EDGE_CURVE('',#1171,#1266,#1268,.T.);
#1266 = VERTEX_POINT('',#1267);
#1267 = CARTESIAN_POINT('',(17.5,0.,-8.5));
#1268 = LINE('',#1269,#1270);
#1269 = CARTESIAN_POINT('',(17.5,-3.66E-15,-5.490131578947));
#1270 = VECTOR('',#1271,1.);
#1271 = DIRECTION('',(0.,6.7E-16,1.));
#1272 = ORIENTED_EDGE('',*,*,#1273,.T.);
#1273 = EDGE_CURVE('',#1266,#1257,#1274,.T.);
#1274 = LINE('',#1275,#1276);
#1275 = CARTESIAN_POINT('',(17.5,0.,-8.5));
#1276 = VECTOR('',#1277,1.);
#1277 = DIRECTION('',(-1.,0.,0.));
#1278 = PLANE('',#1279);
#1279 = AXIS2_PLACEMENT_3D('',#1280,#1281,#1282);
#1280 = CARTESIAN_POINT('',(12.605263157895,-2.44E-15,-10.98026315789));
#1281 = DIRECTION('',(0.,-1.,2.2E-16));
#1282 = DIRECTION('',(0.,-2.2E-16,-1.));
#1283 = ADVANCED_FACE('',(#1284),#1296,.F.);
#1284 = FACE_BOUND('',#1285,.F.);
#1285 = EDGE_LOOP('',(#1286,#1287,#1288,#1295));
#1286 = ORIENTED_EDGE('',*,*,#1161,.T.);
#1287 = ORIENTED_EDGE('',*,*,#1256,.T.);
#1288 = ORIENTED_EDGE('',*,*,#1289,.F.);
#1289 = EDGE_CURVE('',#1194,#1257,#1290,.T.);
#1290 = CIRCLE('',#1291,8.5);
#1291 = AXIS2_PLACEMENT_3D('',#1292,#1293,#1294);
#1292 = CARTESIAN_POINT('',(0.,0.,0.));
#1293 = DIRECTION('',(1.,-0.,0.));
#1294 = DIRECTION('',(0.,1.,-4.4E-16));
#1295 = ORIENTED_EDGE('',*,*,#1193,.F.);
#1296 = PLANE('',#1297);
#1297 = AXIS2_PLACEMENT_3D('',#1298,#1299,#1300);
#1298 = CARTESIAN_POINT('',(0.,0.,0.));
#1299 = DIRECTION('',(1.,0.,0.));
#1300 = DIRECTION('',(0.,1.,-4.4E-16));
#1301 = ADVANCED_FACE('',(#1302),#1314,.F.);
#1302 = FACE_BOUND('',#1303,.T.);
#1303 = EDGE_LOOP('',(#1304,#1311,#1312,#1313));
#1304 = ORIENTED_EDGE('',*,*,#1305,.T.);
#1305 = EDGE_CURVE('',#1203,#1266,#1306,.T.);
#1306 = CIRCLE('',#1307,8.5);
#1307 = AXIS2_PLACEMENT_3D('',#1308,#1309,#1310);
#1308 = CARTESIAN_POINT('',(17.5,0.,0.));
#1309 = DIRECTION('',(1.,-0.,0.));
#1310 = DIRECTION('',(0.,1.,-4.4E-16));
#1311 = ORIENTED_EDGE('',*,*,#1273,.T.);
#1312 = ORIENTED_EDGE('',*,*,#1289,.F.);
#1313 = ORIENTED_EDGE('',*,*,#1210,.F.);
#1314 = CYLINDRICAL_SURFACE('',#1315,8.5);
#1315 = AXIS2_PLACEMENT_3D('',#1316,#1317,#1318);
#1316 = CARTESIAN_POINT('',(17.5,0.,0.));
#1317 = DIRECTION('',(-1.,-0.,-0.));
#1318 = DIRECTION('',(0.,1.,-4.4E-16));
#1319 = ADVANCED_FACE('',(#1320),#1354,.F.);
#1320 = FACE_BOUND('',#1321,.F.);
#1321 = EDGE_LOOP('',(#1322,#1329,#1330,#1338,#1347,#1353));
#1322 = ORIENTED_EDGE('',*,*,#1323,.T.);
#1323 = EDGE_CURVE('',#1171,#1154,#1324,.T.);
#1324 = CIRCLE('',#1325,15.);
#1325 = AXIS2_PLACEMENT_3D('',#1326,#1327,#1328);
#1326 = CARTESIAN_POINT('',(17.5,1.E-15,0.));
#1327 = DIRECTION('',(1.,0.,0.));
#1328 = DIRECTION('',(0.,1.,0.));
#1329 = ORIENTED_EDGE('',*,*,#1202,.T.);
#1330 = ORIENTED_EDGE('',*,*,#1331,.F.);
#1331 = EDGE_CURVE('',#1332,#1203,#1334,.T.);
#1332 = VERTEX_POINT('',#1333);
#1333 = CARTESIAN_POINT('',(17.5,5.25,-2.E-15));
#1334 = LINE('',#1335,#1336);
#1335 = CARTESIAN_POINT('',(17.5,5.25,0.));
#1336 = VECTOR('',#1337,1.);
#1337 = DIRECTION('',(0.,1.,0.));
#1338 = ORIENTED_EDGE('',*,*,#1339,.F.);
#1339 = EDGE_CURVE('',#1340,#1332,#1342,.T.);
#1340 = VERTEX_POINT('',#1341);
#1341 = CARTESIAN_POINT('',(17.5,0.,-5.25));
#1342 = CIRCLE('',#1343,5.25);
#1343 = AXIS2_PLACEMENT_3D('',#1344,#1345,#1346);
#1344 = CARTESIAN_POINT('',(17.5,1.E-15,0.));
#1345 = DIRECTION('',(1.,0.,0.));
#1346 = DIRECTION('',(0.,1.,0.));
#1347 = ORIENTED_EDGE('',*,*,#1348,.T.);
#1348 = EDGE_CURVE('',#1340,#1266,#1349,.T.);
#1349 = LINE('',#1350,#1351);
#1350 = CARTESIAN_POINT('',(17.5,0.,-5.25));
#1351 = VECTOR('',#1352,1.);
#1352 = DIRECTION('',(0.,0.,-1.));
#1353 = ORIENTED_EDGE('',*,*,#1265,.F.);
#1354 = PLANE('',#1355);
#1355 = AXIS2_PLACEMENT_3D('',#1356,#1357,#1358);
#1356 = CARTESIAN_POINT('',(17.5,9.E-17,8.E-17));
#1357 = DIRECTION('',(1.,-1.5E-16,0.));
#1358 = DIRECTION('',(1.5E-16,1.,0.));
#1359 = ADVANCED_FACE('',(#1360),#1372,.T.);
#1360 = FACE_BOUND('',#1361,.T.);
#1361 = EDGE_LOOP('',(#1362,#1363,#1364,#1371));
#1362 = ORIENTED_EDGE('',*,*,#1323,.T.);
#1363 = ORIENTED_EDGE('',*,*,#1224,.T.);
#1364 = ORIENTED_EDGE('',*,*,#1365,.F.);
#1365 = EDGE_CURVE('',#1234,#1225,#1366,.T.);
#1366 = CIRCLE('',#1367,15.);
#1367 = AXIS2_PLACEMENT_3D('',#1368,#1369,#1370);
#1368 = CARTESIAN_POINT('',(23.5,0.,0.));
#1369 = DIRECTION('',(1.,0.,0.));
#1370 = DIRECTION('',(0.,1.,0.));
#1371 = ORIENTED_EDGE('',*,*,#1233,.F.);
#1372 = CYLINDRICAL_SURFACE('',#1373,15.);
#1373 = AXIS2_PLACEMENT_3D('',#1374,#1375,#1376);
#1374 = CARTESIAN_POINT('',(23.5,0.,0.));
#1375 = DIRECTION('',(1.,-2.2E-16,0.));
#1376 = DIRECTION('',(2.2E-16,1.,-2.2E-16));
#1377 = ADVANCED_FACE('',(#1378),#1404,.T.);
#1378 = FACE_BOUND('',#1379,.T.);
#1379 = EDGE_LOOP('',(#1380,#1381,#1389,#1398));
#1380 = ORIENTED_EDGE('',*,*,#1241,.T.);
#1381 = ORIENTED_EDGE('',*,*,#1382,.T.);
#1382 = EDGE_CURVE('',#1234,#1383,#1385,.T.);
#1383 = VERTEX_POINT('',#1384);
#1384 = CARTESIAN_POINT('',(23.5,0.,-5.25));
#1385 = LINE('',#1386,#1387);
#1386 = CARTESIAN_POINT('',(23.5,0.,-15.));
#1387 = VECTOR('',#1388,1.);
#1388 = DIRECTION('',(0.,0.,1.));
#1389 = ORIENTED_EDGE('',*,*,#1390,.F.);
#1390 = EDGE_CURVE('',#1391,#1383,#1393,.T.);
#1391 = VERTEX_POINT('',#1392);
#1392 = CARTESIAN_POINT('',(23.5,5.25,-2.E-15));
#1393 = CIRCLE('',#1394,5.25);
#1394 = AXIS2_PLACEMENT_3D('',#1395,#1396,#1397);
#1395 = CARTESIAN_POINT('',(23.5,0.,0.));
#1396 = DIRECTION('',(1.,-0.,0.));
#1397 = DIRECTION('',(0.,1.,-4.4E-16));
#1398 = ORIENTED_EDGE('',*,*,#1399,.F.);
#1399 = EDGE_CURVE('',#1225,#1391,#1400,.T.);
#1400 = LINE('',#1401,#1402);
#1401 = CARTESIAN_POINT('',(23.5,15.,0.));
#1402 = VECTOR('',#1403,1.);
#1403 = DIRECTION('',(0.,-1.,0.));
#1404 = PLANE('',#1405);
#1405 = AXIS2_PLACEMENT_3D('',#1406,#1407,#1408);
#1406 = CARTESIAN_POINT('',(23.5,0.,0.));
#1407 = DIRECTION('',(1.,0.,0.));
#1408 = DIRECTION('',(0.,1.,-4.4E-16));
#1409 = ADVANCED_FACE('',(#1410),#1422,.F.);
#1410 = FACE_BOUND('',#1411,.T.);
#1411 = EDGE_LOOP('',(#1412,#1419,#1420,#1421));
#1412 = ORIENTED_EDGE('',*,*,#1413,.T.);
#1413 = EDGE_CURVE('',#1332,#1340,#1414,.T.);
#1414 = CIRCLE('',#1415,5.25);
#1415 = AXIS2_PLACEMENT_3D('',#1416,#1417,#1418);
#1416 = CARTESIAN_POINT('',(17.5,0.,0.));
#1417 = DIRECTION('',(1.,-0.,0.));
#1418 = DIRECTION('',(0.,1.,-4.4E-16));
#1419 = ORIENTED_EDGE('',*,*,#1348,.T.);
#1420 = ORIENTED_EDGE('',*,*,#1305,.F.);
#1421 = ORIENTED_EDGE('',*,*,#1331,.F.);
#1422 = PLANE('',#1423);
#1423 = AXIS2_PLACEMENT_3D('',#1424,#1425,#1426);
#1424 = CARTESIAN_POINT('',(17.5,0.,0.));
#1425 = DIRECTION('',(1.,0.,0.));
#1426 = DIRECTION('',(0.,1.,-4.4E-16));
#1427 = ADVANCED_FACE('',(#1428),#1450,.F.);
#1428 = FACE_BOUND('',#1429,.F.);
#1429 = EDGE_LOOP('',(#1430,#1436,#1443,#1449));
#1430 = ORIENTED_EDGE('',*,*,#1431,.F.);
#1431 = EDGE_CURVE('',#1391,#1332,#1432,.T.);
#1432 = LINE('',#1433,#1434);
#1433 = CARTESIAN_POINT('',(23.5,5.25,0.));
#1434 = VECTOR('',#1435,1.);
#1435 = DIRECTION('',(-1.,0.,0.));
#1436 = ORIENTED_EDGE('',*,*,#1437,.F.);
#1437 = EDGE_CURVE('',#1383,#1391,#1438,.T.);
#1438 = CIRCLE('',#1439,5.25);
#1439 = AXIS2_PLACEMENT_3D('',#1440,#1441,#1442);
#1440 = CARTESIAN_POINT('',(23.5,0.,0.));
#1441 = DIRECTION('',(1.,0.,0.));
#1442 = DIRECTION('',(0.,1.,0.));
#1443 = ORIENTED_EDGE('',*,*,#1444,.T.);
#1444 = EDGE_CURVE('',#1383,#1340,#1445,.T.);
#1445 = LINE('',#1446,#1447);
#1446 = CARTESIAN_POINT('',(23.5,0.,-5.25));
#1447 = VECTOR('',#1448,1.);
#1448 = DIRECTION('',(-1.,0.,0.));
#1449 = ORIENTED_EDGE('',*,*,#1339,.T.);
#1450 = CYLINDRICAL_SURFACE('',#1451,5.25);
#1451 = AXIS2_PLACEMENT_3D('',#1452,#1453,#1454);
#1452 = CARTESIAN_POINT('',(23.5,0.,0.));
#1453 = DIRECTION('',(1.,-2.2E-16,0.));
#1454 = DIRECTION('',(2.2E-16,1.,-2.2E-16));
#1455 = ADVANCED_FACE('',(#1456),#1462,.T.);
#1456 = FACE_BOUND('',#1457,.T.);
#1457 = EDGE_LOOP('',(#1458,#1459,#1460,#1461));
#1458 = ORIENTED_EDGE('',*,*,#1365,.T.);
#1459 = ORIENTED_EDGE('',*,*,#1399,.T.);
#1460 = ORIENTED_EDGE('',*,*,#1437,.F.);
#1461 = ORIENTED_EDGE('',*,*,#1382,.F.);
#1462 = PLANE('',#1463);
#1463 = AXIS2_PLACEMENT_3D('',#1464,#1465,#1466);
#1464 = CARTESIAN_POINT('',(23.5,-9.1E-16,8.E-17));
#1465 = DIRECTION('',(1.,-1.5E-16,0.));
#1466 = DIRECTION('',(1.5E-16,1.,0.));
#1467 = ADVANCED_FACE('',(#1468),#1474,.F.);
#1468 = FACE_BOUND('',#1469,.T.);
#1469 = EDGE_LOOP('',(#1470,#1471,#1472,#1473));
#1470 = ORIENTED_EDGE('',*,*,#1390,.T.);
#1471 = ORIENTED_EDGE('',*,*,#1444,.T.);
#1472 = ORIENTED_EDGE('',*,*,#1413,.F.);
#1473 = ORIENTED_EDGE('',*,*,#1431,.F.);
#1474 = CYLINDRICAL_SURFACE('',#1475,5.25);
#1475 = AXIS2_PLACEMENT_3D('',#1476,#1477,#1478);
#1476 = CARTESIAN_POINT('',(23.5,0.,0.));
#1477 = DIRECTION('',(-1.,-0.,-0.));
#1478 = DIRECTION('',(0.,1.,-4.4E-16));
#1479 = ( GEOMETRIC_REPRESENTATION_CONTEXT(3) 
GLOBAL_UNCERTAINTY_ASSIGNED_CONTEXT((#1483)) 
GLOBAL_UNIT_ASSIGNED_CONTEXT((#1480,#1481,#1482)) REPRESENTATION_CONTEXT
('Context #1','3D Context with UNIT and UNCERTAINTY') );
#1480 = ( LENGTH_UNIT() NAMED_UNIT(*) SI_UNIT(.MILLI.,.METRE.) );
#1481 = ( NAMED_UNIT(*) PLANE_ANGLE_UNIT() SI_UNIT($,.RADIAN.) );
#1482 = ( NAMED_UNIT(*) SI_UNIT($,.STERADIAN.) SOLID_ANGLE_UNIT() );
#1483 = UNCERTAINTY_MEASURE_WITH_UNIT(LENGTH_MEASURE(1.E-07),#1480,
  'distance_accuracy_value','confusion accuracy');
#1484 = CONTEXT_DEPENDENT_SHAPE_REPRESENTATION(#1485,#1487);
#1485 = ( REPRESENTATION_RELATIONSHIP('','',#1144,#10) 
REPRESENTATION_RELATIONSHIP_WITH_TRANSFORMATION(#1486) 
SHAPE_REPRESENTATION_RELATIONSHIP() );
#1486 = ITEM_DEFINED_TRANSFORMATION('','',#11,#43);
#1487 = PRODUCT_DEFINITION_SHAPE('Placement','Placement of an item',
  #1488);
#1488 = NEXT_ASSEMBLY_USAGE_OCCURRENCE('8','Pad','',#5,#1139,$);
#1489 = PRODUCT_RELATED_PRODUCT_CATEGORY('part',$,(#1141));
#1490 = SHAPE_DEFINITION_REPRESENTATION(#1491,#1497);
#1491 = PRODUCT_DEFINITION_SHAPE('','',#1492);
#1492 = PRODUCT_DEFINITION('design','',#1493,#1496);
#1493 = PRODUCT_DEFINITION_FORMATION('','',#1494);
#1494 = PRODUCT('Pocket','Pocket','',(#1495));
#1495 = PRODUCT_CONTEXT('',#2,'mechanical');
#1496 = PRODUCT_DEFINITION_CONTEXT('part definition',#2,'design');
#1497 = ADVANCED_BREP_SHAPE_REPRESENTATION('',(#11,#1498),#2058);
#1498 = MANIFOLD_SOLID_BREP('',#1499);
#1499 = CLOSED_SHELL('',(#1500,#1542,#1573,#1605,#1636,#1654,#1672,#1727
    ,#1745,#1777,#1826,#1858,#1882,#1907,#1925,#1957,#1981,#2005,#2022,
    #2046));
#1500 = ADVANCED_FACE('',(#1501),#1537,.T.);
#1501 = FACE_BOUND('',#1502,.T.);
#1502 = EDGE_LOOP('',(#1503,#1513,#1522,#1530));
#1503 = ORIENTED_EDGE('',*,*,#1504,.F.);
#1504 = EDGE_CURVE('',#1505,#1507,#1509,.T.);
#1505 = VERTEX_POINT('',#1506);
#1506 = CARTESIAN_POINT('',(0.,15.,0.));
#1507 = VERTEX_POINT('',#1508);
#1508 = CARTESIAN_POINT('',(17.5,15.,0.));
#1509 = LINE('',#1510,#1511);
#1510 = CARTESIAN_POINT('',(0.,15.,0.));
#1511 = VECTOR('',#1512,1.);
#1512 = DIRECTION('',(1.,0.,0.));
#1513 = ORIENTED_EDGE('',*,*,#1514,.T.);
#1514 = EDGE_CURVE('',#1505,#1515,#1517,.T.);
#1515 = VERTEX_POINT('',#1516);
#1516 = CARTESIAN_POINT('',(0.,0.,-15.));
#1517 = CIRCLE('',#1518,15.);
#1518 = AXIS2_PLACEMENT_3D('',#1519,#1520,#1521);
#1519 = CARTESIAN_POINT('',(0.,0.,0.));
#1520 = DIRECTION('',(1.,-0.,0.));
#1521 = DIRECTION('',(0.,1.,-4.4E-16));
#1522 = ORIENTED_EDGE('',*,*,#1523,.T.);
#1523 = EDGE_CURVE('',#1515,#1524,#1526,.T.);
#1524 = VERTEX_POINT('',#1525);
#1525 = CARTESIAN_POINT('',(17.5,-1.E-15,-15.));
#1526 = LINE('',#1527,#1528);
#1527 = CARTESIAN_POINT('',(0.,0.,-15.));
#1528 = VECTOR('',#1529,1.);
#1529 = DIRECTION('',(1.,0.,0.));
#1530 = ORIENTED_EDGE('',*,*,#1531,.F.);
#1531 = EDGE_CURVE('',#1507,#1524,#1532,.T.);
#1532 = CIRCLE('',#1533,15.);
#1533 = AXIS2_PLACEMENT_3D('',#1534,#1535,#1536);
#1534 = CARTESIAN_POINT('',(17.5,1.E-15,0.));
#1535 = DIRECTION('',(1.,0.,0.));
#1536 = DIRECTION('',(0.,1.,0.));
#1537 = CYLINDRICAL_SURFACE('',#1538,15.);
#1538 = AXIS2_PLACEMENT_3D('',#1539,#1540,#1541);
#1539 = CARTESIAN_POINT('',(0.,0.,0.));
#1540 = DIRECTION('',(1.,0.,0.));
#1541 = DIRECTION('',(0.,1.,-4.4E-16));
#1542 = ADVANCED_FACE('',(#1543),#1568,.T.);
#1543 = FACE_BOUND('',#1544,.T.);
#1544 = EDGE_LOOP('',(#1545,#1553,#1554,#1562));
#1545 = ORIENTED_EDGE('',*,*,#1546,.F.);
#1546 = EDGE_CURVE('',#1505,#1547,#1549,.T.);
#1547 = VERTEX_POINT('',#1548);
#1548 = CARTESIAN_POINT('',(0.,8.5,0.));
#1549 = LINE('',#1550,#1551);
#1550 = CARTESIAN_POINT('',(0.,15.,0.));
#1551 = VECTOR('',#1552,1.);
#1552 = DIRECTION('',(0.,-1.,0.));
#1553 = ORIENTED_EDGE('',*,*,#1504,.T.);
#1554 = ORIENTED_EDGE('',*,*,#1555,.T.);
#1555 = EDGE_CURVE('',#1507,#1556,#1558,.T.);
#1556 = VERTEX_POINT('',#1557);
#1557 = CARTESIAN_POINT('',(17.5,8.5,0.));
#1558 = LINE('',#1559,#1560);
#1559 = CARTESIAN_POINT('',(17.5,5.490131578947,-2.44E-15));
#1560 = VECTOR('',#1561,1.);
#1561 = DIRECTION('',(-1.5E-16,-1.,4.4E-16));
#1562 = ORIENTED_EDGE('',*,*,#1563,.T.);
#1563 = EDGE_CURVE('',#1556,#1547,#1564,.T.);
#1564 = LINE('',#1565,#1566);
#1565 = CARTESIAN_POINT('',(17.5,8.5,0.));
#1566 = VECTOR('',#1567,1.);
#1567 = DIRECTION('',(-1.,0.,0.));
#1568 = PLANE('',#1569);
#1569 = AXIS2_PLACEMENT_3D('',#1570,#1571,#1572);
#1570 = CARTESIAN_POINT('',(12.605263157895,10.980263157895,-2.44E-15));
#1571 = DIRECTION('',(0.,-2.2E-16,-1.));
#1572 = DIRECTION('',(0.,1.,-2.2E-16));
#1573 = ADVANCED_FACE('',(#1574),#1600,.T.);
#1574 = FACE_BOUND('',#1575,.T.);
#1575 = EDGE_LOOP('',(#1576,#1584,#1585,#1593));
#1576 = ORIENTED_EDGE('',*,*,#1577,.F.);
#1577 = EDGE_CURVE('',#1507,#1578,#1580,.T.);
#1578 = VERTEX_POINT('',#1579);
#1579 = CARTESIAN_POINT('',(23.5,15.,-4.E-15));
#1580 = LINE('',#1581,#1582);
#1581 = CARTESIAN_POINT('',(0.,15.,0.));
#1582 = VECTOR('',#1583,1.);
#1583 = DIRECTION('',(1.,0.,0.));
#1584 = ORIENTED_EDGE('',*,*,#1531,.T.);
#1585 = ORIENTED_EDGE('',*,*,#1586,.T.);
#1586 = EDGE_CURVE('',#1524,#1587,#1589,.T.);
#1587 = VERTEX_POINT('',#1588);
#1588 = CARTESIAN_POINT('',(23.5,0.,-15.));
#1589 = LINE('',#1590,#1591);
#1590 = CARTESIAN_POINT('',(0.,0.,-15.));
#1591 = VECTOR('',#1592,1.);
#1592 = DIRECTION('',(1.,0.,0.));
#1593 = ORIENTED_EDGE('',*,*,#1594,.F.);
#1594 = EDGE_CURVE('',#1578,#1587,#1595,.T.);
#1595 = CIRCLE('',#1596,15.);
#1596 = AXIS2_PLACEMENT_3D('',#1597,#1598,#1599);
#1597 = CARTESIAN_POINT('',(23.5,0.,0.));
#1598 = DIRECTION('',(1.,-0.,0.));
#1599 = DIRECTION('',(0.,1.,-4.4E-16));
#1600 = CYLINDRICAL_SURFACE('',#1601,15.);
#1601 = AXIS2_PLACEMENT_3D('',#1602,#1603,#1604);
#1602 = CARTESIAN_POINT('',(0.,0.,0.));
#1603 = DIRECTION('',(1.,0.,0.));
#1604 = DIRECTION('',(0.,1.,-4.4E-16));
#1605 = ADVANCED_FACE('',(#1606),#1631,.F.);
#1606 = FACE_BOUND('',#1607,.F.);
#1607 = EDGE_LOOP('',(#1608,#1616,#1617,#1625));
#1608 = ORIENTED_EDGE('',*,*,#1609,.F.);
#1609 = EDGE_CURVE('',#1515,#1610,#1612,.T.);
#1610 = VERTEX_POINT('',#1611);
#1611 = CARTESIAN_POINT('',(0.,0.,-8.5));
#1612 = LINE('',#1613,#1614);
#1613 = CARTESIAN_POINT('',(0.,0.,-15.));
#1614 = VECTOR('',#1615,1.);
#1615 = DIRECTION('',(0.,0.,1.));
#1616 = ORIENTED_EDGE('',*,*,#1523,.T.);
#1617 = ORIENTED_EDGE('',*,*,#1618,.T.);
#1618 = EDGE_CURVE('',#1524,#1619,#1621,.T.);
#1619 = VERTEX_POINT('',#1620);
#1620 = CARTESIAN_POINT('',(17.5,0.,-8.5));
#1621 = LINE('',#1622,#1623);
#1622 = CARTESIAN_POINT('',(17.5,-3.66E-15,-5.490131578947));
#1623 = VECTOR('',#1624,1.);
#1624 = DIRECTION('',(0.,6.7E-16,1.));
#1625 = ORIENTED_EDGE('',*,*,#1626,.T.);
#1626 = EDGE_CURVE('',#1619,#1610,#1627,.T.);
#1627 = LINE('',#1628,#1629);
#1628 = CARTESIAN_POINT('',(17.5,0.,-8.5));
#1629 = VECTOR('',#1630,1.);
#1630 = DIRECTION('',(-1.,0.,0.));
#1631 = PLANE('',#1632);
#1632 = AXIS2_PLACEMENT_3D('',#1633,#1634,#1635);
#1633 = CARTESIAN_POINT('',(12.605263157895,-2.44E-15,-10.98026315789));
#1634 = DIRECTION('',(0.,-1.,2.2E-16));
#1635 = DIRECTION('',(0.,-2.2E-16,-1.));
#1636 = ADVANCED_FACE('',(#1637),#1649,.F.);
#1637 = FACE_BOUND('',#1638,.F.);
#1638 = EDGE_LOOP('',(#1639,#1640,#1641,#1648));
#1639 = ORIENTED_EDGE('',*,*,#1514,.T.);
#1640 = ORIENTED_EDGE('',*,*,#1609,.T.);
#1641 = ORIENTED_EDGE('',*,*,#1642,.F.);
#1642 = EDGE_CURVE('',#1547,#1610,#1643,.T.);
#1643 = CIRCLE('',#1644,8.5);
#1644 = AXIS2_PLACEMENT_3D('',#1645,#1646,#1647);
#1645 = CARTESIAN_POINT('',(0.,0.,0.));
#1646 = DIRECTION('',(1.,-0.,0.));
#1647 = DIRECTION('',(0.,1.,-4.4E-16));
#1648 = ORIENTED_EDGE('',*,*,#1546,.F.);
#1649 = PLANE('',#1650);
#1650 = AXIS2_PLACEMENT_3D('',#1651,#1652,#1653);
#1651 = CARTESIAN_POINT('',(0.,0.,0.));
#1652 = DIRECTION('',(1.,0.,0.));
#1653 = DIRECTION('',(0.,1.,-4.4E-16));
#1654 = ADVANCED_FACE('',(#1655),#1667,.F.);
#1655 = FACE_BOUND('',#1656,.T.);
#1656 = EDGE_LOOP('',(#1657,#1664,#1665,#1666));
#1657 = ORIENTED_EDGE('',*,*,#1658,.T.);
#1658 = EDGE_CURVE('',#1556,#1619,#1659,.T.);
#1659 = CIRCLE('',#1660,8.5);
#1660 = AXIS2_PLACEMENT_3D('',#1661,#1662,#1663);
#1661 = CARTESIAN_POINT('',(17.5,0.,0.));
#1662 = DIRECTION('',(1.,-0.,0.));
#1663 = DIRECTION('',(0.,1.,-4.4E-16));
#1664 = ORIENTED_EDGE('',*,*,#1626,.T.);
#1665 = ORIENTED_EDGE('',*,*,#1642,.F.);
#1666 = ORIENTED_EDGE('',*,*,#1563,.F.);
#1667 = CYLINDRICAL_SURFACE('',#1668,8.5);
#1668 = AXIS2_PLACEMENT_3D('',#1669,#1670,#1671);
#1669 = CARTESIAN_POINT('',(17.5,0.,0.));
#1670 = DIRECTION('',(-1.,-0.,-0.));
#1671 = DIRECTION('',(0.,1.,-4.4E-16));
#1672 = ADVANCED_FACE('',(#1673),#1722,.F.);
#1673 = FACE_BOUND('',#1674,.F.);
#1674 = EDGE_LOOP('',(#1675,#1676,#1683,#1684,#1692,#1700,#1708,#1716));
#1675 = ORIENTED_EDGE('',*,*,#1618,.F.);
#1676 = ORIENTED_EDGE('',*,*,#1677,.T.);
#1677 = EDGE_CURVE('',#1524,#1507,#1678,.T.);
#1678 = CIRCLE('',#1679,15.);
#1679 = AXIS2_PLACEMENT_3D('',#1680,#1681,#1682);
#1680 = CARTESIAN_POINT('',(17.5,1.E-15,0.));
#1681 = DIRECTION('',(1.,0.,0.));
#1682 = DIRECTION('',(0.,1.,0.));
#1683 = ORIENTED_EDGE('',*,*,#1555,.T.);
#1684 = ORIENTED_EDGE('',*,*,#1685,.F.);
#1685 = EDGE_CURVE('',#1686,#1556,#1688,.T.);
#1686 = VERTEX_POINT('',#1687);
#1687 = CARTESIAN_POINT('',(17.5,7.255926724141,-3.E-15));
#1688 = LINE('',#1689,#1690);
#1689 = CARTESIAN_POINT('',(17.5,5.25,0.));
#1690 = VECTOR('',#1691,1.);
#1691 = DIRECTION('',(0.,1.,0.));
#1692 = ORIENTED_EDGE('',*,*,#1693,.T.);
#1693 = EDGE_CURVE('',#1686,#1694,#1696,.T.);
#1694 = VERTEX_POINT('',#1695);
#1695 = CARTESIAN_POINT('',(17.5,7.369678388501,-3.978500402173));
#1696 = LINE('',#1697,#1698);
#1697 = CARTESIAN_POINT('',(17.5,7.130321611499,4.393078501076));
#1698 = VECTOR('',#1699,1.);
#1699 = DIRECTION('',(-0.,2.857991367183E-02,-0.999591510836));
#1700 = ORIENTED_EDGE('',*,*,#1701,.T.);
#1701 = EDGE_CURVE('',#1694,#1702,#1704,.T.);
#1702 = VERTEX_POINT('',#1703);
#1703 = CARTESIAN_POINT('',(17.5,0.239356777002,-8.37157890325));
#1704 = LINE('',#1705,#1706);
#1705 = CARTESIAN_POINT('',(17.5,7.369678388501,-3.978500402173));
#1706 = VECTOR('',#1707,1.);
#1707 = DIRECTION('',(0.,-0.851381684955,-0.524546686696));
#1708 = ORIENTED_EDGE('',*,*,#1709,.T.);
#1709 = EDGE_CURVE('',#1702,#1710,#1712,.T.);
#1710 = VERTEX_POINT('',#1711);
#1711 = CARTESIAN_POINT('',(17.5,-5.E-15,-8.242362812212));
#1712 = LINE('',#1713,#1714);
#1713 = CARTESIAN_POINT('',(17.5,0.239356777002,-8.37157890325));
#1714 = VECTOR('',#1715,1.);
#1715 = DIRECTION('',(0.,-0.879961598627,0.47504482414));
#1716 = ORIENTED_EDGE('',*,*,#1717,.T.);
#1717 = EDGE_CURVE('',#1710,#1619,#1718,.T.);
#1718 = LINE('',#1719,#1720);
#1719 = CARTESIAN_POINT('',(17.5,0.,-5.25));
#1720 = VECTOR('',#1721,1.);
#1721 = DIRECTION('',(0.,0.,-1.));
#1722 = PLANE('',#1723);
#1723 = AXIS2_PLACEMENT_3D('',#1724,#1725,#1726);
#1724 = CARTESIAN_POINT('',(17.5,9.E-17,8.E-17));
#1725 = DIRECTION('',(1.,-1.5E-16,0.));
#1726 = DIRECTION('',(1.5E-16,1.,0.));
#1727 = ADVANCED_FACE('',(#1728),#1740,.T.);
#1728 = FACE_BOUND('',#1729,.T.);
#1729 = EDGE_LOOP('',(#1730,#1731,#1732,#1739));
#1730 = ORIENTED_EDGE('',*,*,#1677,.T.);
#1731 = ORIENTED_EDGE('',*,*,#1577,.T.);
#1732 = ORIENTED_EDGE('',*,*,#1733,.F.);
#1733 = EDGE_CURVE('',#1587,#1578,#1734,.T.);
#1734 = CIRCLE('',#1735,15.);
#1735 = AXIS2_PLACEMENT_3D('',#1736,#1737,#1738);
#1736 = CARTESIAN_POINT('',(23.5,0.,0.));
#1737 = DIRECTION('',(1.,0.,0.));
#1738 = DIRECTION('',(0.,1.,0.));
#1739 = ORIENTED_EDGE('',*,*,#1586,.F.);
#1740 = CYLINDRICAL_SURFACE('',#1741,15.);
#1741 = AXIS2_PLACEMENT_3D('',#1742,#1743,#1744);
#1742 = CARTESIAN_POINT('',(23.5,0.,0.));
#1743 = DIRECTION('',(1.,-2.2E-16,0.));
#1744 = DIRECTION('',(2.2E-16,1.,-2.2E-16));
#1745 = ADVANCED_FACE('',(#1746),#1772,.T.);
#1746 = FACE_BOUND('',#1747,.T.);
#1747 = EDGE_LOOP('',(#1748,#1749,#1757,#1766));
#1748 = ORIENTED_EDGE('',*,*,#1594,.T.);
#1749 = ORIENTED_EDGE('',*,*,#1750,.T.);
#1750 = EDGE_CURVE('',#1587,#1751,#1753,.T.);
#1751 = VERTEX_POINT('',#1752);
#1752 = CARTESIAN_POINT('',(23.5,0.,-5.25));
#1753 = LINE('',#1754,#1755);
#1754 = CARTESIAN_POINT('',(23.5,0.,-15.));
#1755 = VECTOR('',#1756,1.);
#1756 = DIRECTION('',(0.,0.,1.));
#1757 = ORIENTED_EDGE('',*,*,#1758,.F.);
#1758 = EDGE_CURVE('',#1759,#1751,#1761,.T.);
#1759 = VERTEX_POINT('',#1760);
#1760 = CARTESIAN_POINT('',(23.5,5.25,-2.E-15));
#1761 = CIRCLE('',#1762,5.25);
#1762 = AXIS2_PLACEMENT_3D('',#1763,#1764,#1765);
#1763 = CARTESIAN_POINT('',(23.5,0.,0.));
#1764 = DIRECTION('',(1.,-0.,0.));
#1765 = DIRECTION('',(0.,1.,-4.4E-16));
#1766 = ORIENTED_EDGE('',*,*,#1767,.F.);
#1767 = EDGE_CURVE('',#1578,#1759,#1768,.T.);
#1768 = LINE('',#1769,#1770);
#1769 = CARTESIAN_POINT('',(23.5,15.,0.));
#1770 = VECTOR('',#1771,1.);
#1771 = DIRECTION('',(0.,-1.,0.));
#1772 = PLANE('',#1773);
#1773 = AXIS2_PLACEMENT_3D('',#1774,#1775,#1776);
#1774 = CARTESIAN_POINT('',(23.5,0.,0.));
#1775 = DIRECTION('',(1.,0.,0.));
#1776 = DIRECTION('',(0.,1.,-4.4E-16));
#1777 = ADVANCED_FACE('',(#1778),#1821,.F.);
#1778 = FACE_BOUND('',#1779,.T.);
#1779 = EDGE_LOOP('',(#1780,#1781,#1789,#1797,#1805,#1813,#1819,#1820));
#1780 = ORIENTED_EDGE('',*,*,#1685,.F.);
#1781 = ORIENTED_EDGE('',*,*,#1782,.F.);
#1782 = EDGE_CURVE('',#1783,#1686,#1785,.T.);
#1783 = VERTEX_POINT('',#1784);
#1784 = CARTESIAN_POINT('',(17.5,7.130321611499,4.393078501076));
#1785 = LINE('',#1786,#1787);
#1786 = CARTESIAN_POINT('',(17.5,7.130321611499,4.393078501076));
#1787 = VECTOR('',#1788,1.);
#1788 = DIRECTION('',(-0.,2.857991367183E-02,-0.999591510836));
#1789 = ORIENTED_EDGE('',*,*,#1790,.F.);
#1790 = EDGE_CURVE('',#1791,#1783,#1793,.T.);
#1791 = VERTEX_POINT('',#1792);
#1792 = CARTESIAN_POINT('',(17.5,-0.239356777002,8.37157890325));
#1793 = LINE('',#1794,#1795);
#1794 = CARTESIAN_POINT('',(17.5,-0.239356777002,8.37157890325));
#1795 = VECTOR('',#1796,1.);
#1796 = DIRECTION('',(-0.,0.879961598627,-0.47504482414));
#1797 = ORIENTED_EDGE('',*,*,#1798,.F.);
#1798 = EDGE_CURVE('',#1799,#1791,#1801,.T.);
#1799 = VERTEX_POINT('',#1800);
#1800 = CARTESIAN_POINT('',(17.5,-7.369678388501,3.978500402173));
#1801 = LINE('',#1802,#1803);
#1802 = CARTESIAN_POINT('',(17.5,-7.369678388501,3.978500402173));
#1803 = VECTOR('',#1804,1.);
#1804 = DIRECTION('',(0.,0.851381684955,0.524546686696));
#1805 = ORIENTED_EDGE('',*,*,#1806,.F.);
#1806 = EDGE_CURVE('',#1807,#1799,#1809,.T.);
#1807 = VERTEX_POINT('',#1808);
#1808 = CARTESIAN_POINT('',(17.5,-7.130321611499,-4.393078501076));
#1809 = LINE('',#1810,#1811);
#1810 = CARTESIAN_POINT('',(17.5,-7.130321611499,-4.393078501076));
#1811 = VECTOR('',#1812,1.);
#1812 = DIRECTION('',(0.,-2.857991367183E-02,0.999591510836));
#1813 = ORIENTED_EDGE('',*,*,#1814,.F.);
#1814 = EDGE_CURVE('',#1710,#1807,#1815,.T.);
#1815 = LINE('',#1816,#1817);
#1816 = CARTESIAN_POINT('',(17.5,0.239356777002,-8.37157890325));
#1817 = VECTOR('',#1818,1.);
#1818 = DIRECTION('',(0.,-0.879961598627,0.47504482414));
#1819 = ORIENTED_EDGE('',*,*,#1717,.T.);
#1820 = ORIENTED_EDGE('',*,*,#1658,.F.);
#1821 = PLANE('',#1822);
#1822 = AXIS2_PLACEMENT_3D('',#1823,#1824,#1825);
#1823 = CARTESIAN_POINT('',(17.5,0.,0.));
#1824 = DIRECTION('',(1.,0.,0.));
#1825 = DIRECTION('',(0.,1.,-4.4E-16));
#1826 = ADVANCED_FACE('',(#1827),#1853,.F.);
#1827 = FACE_BOUND('',#1828,.F.);
#1828 = EDGE_LOOP('',(#1829,#1837,#1845,#1851,#1852));
#1829 = ORIENTED_EDGE('',*,*,#1830,.T.);
#1830 = EDGE_CURVE('',#1702,#1831,#1833,.T.);
#1831 = VERTEX_POINT('',#1832);
#1832 = CARTESIAN_POINT('',(20.25,0.239356777002,-8.37157890325));
#1833 = LINE('',#1834,#1835);
#1834 = CARTESIAN_POINT('',(17.5,0.239356777002,-8.37157890325));
#1835 = VECTOR('',#1836,1.);
#1836 = DIRECTION('',(1.,2.2E-16,-0.));
#1837 = ORIENTED_EDGE('',*,*,#1838,.T.);
#1838 = EDGE_CURVE('',#1831,#1839,#1841,.T.);
#1839 = VERTEX_POINT('',#1840);
#1840 = CARTESIAN_POINT('',(20.25,-7.130321611499,-4.393078501076));
#1841 = LINE('',#1842,#1843);
#1842 = CARTESIAN_POINT('',(20.25,0.239356777002,-8.37157890325));
#1843 = VECTOR('',#1844,1.);
#1844 = DIRECTION('',(0.,-0.879961598627,0.47504482414));
#1845 = ORIENTED_EDGE('',*,*,#1846,.F.);
#1846 = EDGE_CURVE('',#1807,#1839,#1847,.T.);
#1847 = LINE('',#1848,#1849);
#1848 = CARTESIAN_POINT('',(17.5,-7.130321611499,-4.393078501076));
#1849 = VECTOR('',#1850,1.);
#1850 = DIRECTION('',(1.,2.2E-16,-0.));
#1851 = ORIENTED_EDGE('',*,*,#1814,.F.);
#1852 = ORIENTED_EDGE('',*,*,#1709,.F.);
#1853 = PLANE('',#1854);
#1854 = AXIS2_PLACEMENT_3D('',#1855,#1856,#1857);
#1855 = CARTESIAN_POINT('',(17.5,0.239356777002,-8.37157890325));
#1856 = DIRECTION('',(1.1E-16,-0.47504482414,-0.879961598627));
#1857 = DIRECTION('',(2.E-16,-0.879961598627,0.47504482414));
#1858 = ADVANCED_FACE('',(#1859),#1877,.F.);
#1859 = FACE_BOUND('',#1860,.F.);
#1860 = EDGE_LOOP('',(#1861,#1869,#1875,#1876));
#1861 = ORIENTED_EDGE('',*,*,#1862,.T.);
#1862 = EDGE_CURVE('',#1694,#1863,#1865,.T.);
#1863 = VERTEX_POINT('',#1864);
#1864 = CARTESIAN_POINT('',(20.25,7.369678388501,-3.978500402173));
#1865 = LINE('',#1866,#1867);
#1866 = CARTESIAN_POINT('',(17.5,7.369678388501,-3.978500402173));
#1867 = VECTOR('',#1868,1.);
#1868 = DIRECTION('',(1.,2.2E-16,-0.));
#1869 = ORIENTED_EDGE('',*,*,#1870,.T.);
#1870 = EDGE_CURVE('',#1863,#1831,#1871,.T.);
#1871 = LINE('',#1872,#1873);
#1872 = CARTESIAN_POINT('',(20.25,7.369678388501,-3.978500402173));
#1873 = VECTOR('',#1874,1.);
#1874 = DIRECTION('',(0.,-0.851381684955,-0.524546686696));
#1875 = ORIENTED_EDGE('',*,*,#1830,.F.);
#1876 = ORIENTED_EDGE('',*,*,#1701,.F.);
#1877 = PLANE('',#1878);
#1878 = AXIS2_PLACEMENT_3D('',#1879,#1880,#1881);
#1879 = CARTESIAN_POINT('',(17.5,7.369678388501,-3.978500402173));
#1880 = DIRECTION('',(-1.2E-16,0.524546686696,-0.851381684955));
#1881 = DIRECTION('',(1.9E-16,-0.851381684955,-0.524546686696));
#1882 = ADVANCED_FACE('',(#1883),#1902,.F.);
#1883 = FACE_BOUND('',#1884,.F.);
#1884 = EDGE_LOOP('',(#1885,#1893,#1899,#1900,#1901));
#1885 = ORIENTED_EDGE('',*,*,#1886,.T.);
#1886 = EDGE_CURVE('',#1783,#1887,#1889,.T.);
#1887 = VERTEX_POINT('',#1888);
#1888 = CARTESIAN_POINT('',(20.25,7.130321611499,4.393078501076));
#1889 = LINE('',#1890,#1891);
#1890 = CARTESIAN_POINT('',(17.5,7.130321611499,4.393078501076));
#1891 = VECTOR('',#1892,1.);
#1892 = DIRECTION('',(1.,2.2E-16,-0.));
#1893 = ORIENTED_EDGE('',*,*,#1894,.T.);
#1894 = EDGE_CURVE('',#1887,#1863,#1895,.T.);
#1895 = LINE('',#1896,#1897);
#1896 = CARTESIAN_POINT('',(20.25,7.130321611499,4.393078501076));
#1897 = VECTOR('',#1898,1.);
#1898 = DIRECTION('',(-0.,2.857991367183E-02,-0.999591510836));
#1899 = ORIENTED_EDGE('',*,*,#1862,.F.);
#1900 = ORIENTED_EDGE('',*,*,#1693,.F.);
#1901 = ORIENTED_EDGE('',*,*,#1782,.F.);
#1902 = PLANE('',#1903);
#1903 = AXIS2_PLACEMENT_3D('',#1904,#1905,#1906);
#1904 = CARTESIAN_POINT('',(17.5,7.130321611499,4.393078501076));
#1905 = DIRECTION('',(-2.2E-16,0.999591510836,2.857991367183E-02));
#1906 = DIRECTION('',(-1.E-17,2.857991367183E-02,-0.999591510836));
#1907 = ADVANCED_FACE('',(#1908),#1920,.T.);
#1908 = FACE_BOUND('',#1909,.T.);
#1909 = EDGE_LOOP('',(#1910,#1911,#1912,#1919));
#1910 = ORIENTED_EDGE('',*,*,#1733,.T.);
#1911 = ORIENTED_EDGE('',*,*,#1767,.T.);
#1912 = ORIENTED_EDGE('',*,*,#1913,.F.);
#1913 = EDGE_CURVE('',#1751,#1759,#1914,.T.);
#1914 = CIRCLE('',#1915,5.25);
#1915 = AXIS2_PLACEMENT_3D('',#1916,#1917,#1918);
#1916 = CARTESIAN_POINT('',(23.5,0.,0.));
#1917 = DIRECTION('',(1.,0.,0.));
#1918 = DIRECTION('',(0.,1.,0.));
#1919 = ORIENTED_EDGE('',*,*,#1750,.F.);
#1920 = PLANE('',#1921);
#1921 = AXIS2_PLACEMENT_3D('',#1922,#1923,#1924);
#1922 = CARTESIAN_POINT('',(23.5,-9.1E-16,8.E-17));
#1923 = DIRECTION('',(1.,-1.5E-16,0.));
#1924 = DIRECTION('',(1.5E-16,1.,0.));
#1925 = ADVANCED_FACE('',(#1926),#1952,.F.);
#1926 = FACE_BOUND('',#1927,.T.);
#1927 = EDGE_LOOP('',(#1928,#1936,#1937,#1945));
#1928 = ORIENTED_EDGE('',*,*,#1929,.F.);
#1929 = EDGE_CURVE('',#1759,#1930,#1932,.T.);
#1930 = VERTEX_POINT('',#1931);
#1931 = CARTESIAN_POINT('',(20.25,5.25,-2.E-15));
#1932 = LINE('',#1933,#1934);
#1933 = CARTESIAN_POINT('',(23.5,5.25,0.));
#1934 = VECTOR('',#1935,1.);
#1935 = DIRECTION('',(-1.,0.,0.));
#1936 = ORIENTED_EDGE('',*,*,#1758,.T.);
#1937 = ORIENTED_EDGE('',*,*,#1938,.T.);
#1938 = EDGE_CURVE('',#1751,#1939,#1941,.T.);
#1939 = VERTEX_POINT('',#1940);
#1940 = CARTESIAN_POINT('',(20.25,-3.E-15,-5.25));
#1941 = LINE('',#1942,#1943);
#1942 = CARTESIAN_POINT('',(23.5,0.,-5.25));
#1943 = VECTOR('',#1944,1.);
#1944 = DIRECTION('',(-1.,0.,0.));
#1945 = ORIENTED_EDGE('',*,*,#1946,.T.);
#1946 = EDGE_CURVE('',#1939,#1930,#1947,.T.);
#1947 = CIRCLE('',#1948,5.25);
#1948 = AXIS2_PLACEMENT_3D('',#1949,#1950,#1951);
#1949 = CARTESIAN_POINT('',(20.25,0.,0.));
#1950 = DIRECTION('',(-1.,-0.,0.));
#1951 = DIRECTION('',(-0.,1.,-4.4E-16));
#1952 = CYLINDRICAL_SURFACE('',#1953,5.25);
#1953 = AXIS2_PLACEMENT_3D('',#1954,#1955,#1956);
#1954 = CARTESIAN_POINT('',(23.5,0.,0.));
#1955 = DIRECTION('',(-1.,-0.,-0.));
#1956 = DIRECTION('',(0.,1.,-4.4E-16));
#1957 = ADVANCED_FACE('',(#1958),#1976,.F.);
#1958 = FACE_BOUND('',#1959,.F.);
#1959 = EDGE_LOOP('',(#1960,#1961,#1969,#1975));
#1960 = ORIENTED_EDGE('',*,*,#1846,.T.);
#1961 = ORIENTED_EDGE('',*,*,#1962,.T.);
#1962 = EDGE_CURVE('',#1839,#1963,#1965,.T.);
#1963 = VERTEX_POINT('',#1964);
#1964 = CARTESIAN_POINT('',(20.25,-7.369678388501,3.978500402173));
#1965 = LINE('',#1966,#1967);
#1966 = CARTESIAN_POINT('',(20.25,-7.130321611499,-4.393078501076));
#1967 = VECTOR('',#1968,1.);
#1968 = DIRECTION('',(0.,-2.857991367183E-02,0.999591510836));
#1969 = ORIENTED_EDGE('',*,*,#1970,.F.);
#1970 = EDGE_CURVE('',#1799,#1963,#1971,.T.);
#1971 = LINE('',#1972,#1973);
#1972 = CARTESIAN_POINT('',(17.5,-7.369678388501,3.978500402173));
#1973 = VECTOR('',#1974,1.);
#1974 = DIRECTION('',(1.,2.2E-16,-0.));
#1975 = ORIENTED_EDGE('',*,*,#1806,.F.);
#1976 = PLANE('',#1977);
#1977 = AXIS2_PLACEMENT_3D('',#1978,#1979,#1980);
#1978 = CARTESIAN_POINT('',(17.5,-7.130321611499,-4.393078501076));
#1979 = DIRECTION('',(2.2E-16,-0.999591510836,-2.857991367183E-02));
#1980 = DIRECTION('',(1.E-17,-2.857991367183E-02,0.999591510836));
#1981 = ADVANCED_FACE('',(#1982),#2000,.F.);
#1982 = FACE_BOUND('',#1983,.F.);
#1983 = EDGE_LOOP('',(#1984,#1985,#1993,#1999));
#1984 = ORIENTED_EDGE('',*,*,#1970,.T.);
#1985 = ORIENTED_EDGE('',*,*,#1986,.T.);
#1986 = EDGE_CURVE('',#1963,#1987,#1989,.T.);
#1987 = VERTEX_POINT('',#1988);
#1988 = CARTESIAN_POINT('',(20.25,-0.239356777002,8.37157890325));
#1989 = LINE('',#1990,#1991);
#1990 = CARTESIAN_POINT('',(20.25,-7.369678388501,3.978500402173));
#1991 = VECTOR('',#1992,1.);
#1992 = DIRECTION('',(0.,0.851381684955,0.524546686696));
#1993 = ORIENTED_EDGE('',*,*,#1994,.F.);
#1994 = EDGE_CURVE('',#1791,#1987,#1995,.T.);
#1995 = LINE('',#1996,#1997);
#1996 = CARTESIAN_POINT('',(17.5,-0.239356777002,8.37157890325));
#1997 = VECTOR('',#1998,1.);
#1998 = DIRECTION('',(1.,2.2E-16,-0.));
#1999 = ORIENTED_EDGE('',*,*,#1798,.F.);
#2000 = PLANE('',#2001);
#2001 = AXIS2_PLACEMENT_3D('',#2002,#2003,#2004);
#2002 = CARTESIAN_POINT('',(17.5,-7.369678388501,3.978500402173));
#2003 = DIRECTION('',(1.2E-16,-0.524546686696,0.851381684955));
#2004 = DIRECTION('',(-1.9E-16,0.851381684955,0.524546686696));
#2005 = ADVANCED_FACE('',(#2006),#2017,.F.);
#2006 = FACE_BOUND('',#2007,.F.);
#2007 = EDGE_LOOP('',(#2008,#2009,#2015,#2016));
#2008 = ORIENTED_EDGE('',*,*,#1994,.T.);
#2009 = ORIENTED_EDGE('',*,*,#2010,.T.);
#2010 = EDGE_CURVE('',#1987,#1887,#2011,.T.);
#2011 = LINE('',#2012,#2013);
#2012 = CARTESIAN_POINT('',(20.25,-0.239356777002,8.37157890325));
#2013 = VECTOR('',#2014,1.);
#2014 = DIRECTION('',(-0.,0.879961598627,-0.47504482414));
#2015 = ORIENTED_EDGE('',*,*,#1886,.F.);
#2016 = ORIENTED_EDGE('',*,*,#1790,.F.);
#2017 = PLANE('',#2018);
#2018 = AXIS2_PLACEMENT_3D('',#2019,#2020,#2021);
#2019 = CARTESIAN_POINT('',(17.5,-0.239356777002,8.37157890325));
#2020 = DIRECTION('',(-1.1E-16,0.47504482414,0.879961598627));
#2021 = DIRECTION('',(-2.E-16,0.879961598627,-0.47504482414));
#2022 = ADVANCED_FACE('',(#2023,#2031),#2041,.F.);
#2023 = FACE_BOUND('',#2024,.F.);
#2024 = EDGE_LOOP('',(#2025,#2026,#2027,#2028,#2029,#2030));
#2025 = ORIENTED_EDGE('',*,*,#1838,.F.);
#2026 = ORIENTED_EDGE('',*,*,#1870,.F.);
#2027 = ORIENTED_EDGE('',*,*,#1894,.F.);
#2028 = ORIENTED_EDGE('',*,*,#2010,.F.);
#2029 = ORIENTED_EDGE('',*,*,#1986,.F.);
#2030 = ORIENTED_EDGE('',*,*,#1962,.F.);
#2031 = FACE_BOUND('',#2032,.F.);
#2032 = EDGE_LOOP('',(#2033,#2040));
#2033 = ORIENTED_EDGE('',*,*,#2034,.F.);
#2034 = EDGE_CURVE('',#1939,#1930,#2035,.T.);
#2035 = CIRCLE('',#2036,5.25);
#2036 = AXIS2_PLACEMENT_3D('',#2037,#2038,#2039);
#2037 = CARTESIAN_POINT('',(20.25,7.2E-16,-0.));
#2038 = DIRECTION('',(1.,-2.2E-16,-1.741711239665E-48));
#2039 = DIRECTION('',(2.2E-16,1.,-2.2E-16));
#2040 = ORIENTED_EDGE('',*,*,#1946,.T.);
#2041 = PLANE('',#2042);
#2042 = AXIS2_PLACEMENT_3D('',#2043,#2044,#2045);
#2043 = CARTESIAN_POINT('',(20.25,8.4E-16,-1.4E-16));
#2044 = DIRECTION('',(1.,0.,0.));
#2045 = DIRECTION('',(0.,1.,0.));
#2046 = ADVANCED_FACE('',(#2047),#2053,.F.);
#2047 = FACE_BOUND('',#2048,.F.);
#2048 = EDGE_LOOP('',(#2049,#2050,#2051,#2052));
#2049 = ORIENTED_EDGE('',*,*,#1929,.F.);
#2050 = ORIENTED_EDGE('',*,*,#1913,.F.);
#2051 = ORIENTED_EDGE('',*,*,#1938,.T.);
#2052 = ORIENTED_EDGE('',*,*,#2034,.T.);
#2053 = CYLINDRICAL_SURFACE('',#2054,5.25);
#2054 = AXIS2_PLACEMENT_3D('',#2055,#2056,#2057);
#2055 = CARTESIAN_POINT('',(23.5,0.,0.));
#2056 = DIRECTION('',(1.,-2.2E-16,0.));
#2057 = DIRECTION('',(2.2E-16,1.,-2.2E-16));
#2058 = ( GEOMETRIC_REPRESENTATION_CONTEXT(3) 
GLOBAL_UNCERTAINTY_ASSIGNED_CONTEXT((#2062)) 
GLOBAL_UNIT_ASSIGNED_CONTEXT((#2059,#2060,#2061)) REPRESENTATION_CONTEXT
('Context #1','3D Context with UNIT and UNCERTAINTY') );
#2059 = ( LENGTH_UNIT() NAMED_UNIT(*) SI_UNIT(.MILLI.,.METRE.) );
#2060 = ( NAMED_UNIT(*) PLANE_ANGLE_UNIT() SI_UNIT($,.RADIAN.) );
#2061 = ( NAMED_UNIT(*) SI_UNIT($,.STERADIAN.) SOLID_ANGLE_UNIT() );
#2062 = UNCERTAINTY_MEASURE_WITH_UNIT(LENGTH_MEASURE(1.E-07),#2059,
  'distance_accuracy_value','confusion accuracy');
#2063 = CONTEXT_DEPENDENT_SHAPE_REPRESENTATION(#2064,#2066);
#2064 = ( REPRESENTATION_RELATIONSHIP('','',#1497,#10) 
REPRESENTATION_RELATIONSHIP_WITH_TRANSFORMATION(#2065) 
SHAPE_REPRESENTATION_RELATIONSHIP() );
#2065 = ITEM_DEFINED_TRANSFORMATION('','',#11,#47);
#2066 = PRODUCT_DEFINITION_SHAPE('Placement','Placement of an item',
  #2067);
#2067 = NEXT_ASSEMBLY_USAGE_OCCURRENCE('9','Pocket','',#5,#1492,$);
#2068 = PRODUCT_RELATED_PRODUCT_CATEGORY('part',$,(#1494));
#2069 = SHAPE_DEFINITION_REPRESENTATION(#2070,#2076);
#2070 = PRODUCT_DEFINITION_SHAPE('','',#2071);
#2071 = PRODUCT_DEFINITION('design','',#2072,#2075);
#2072 = PRODUCT_DEFINITION_FORMATION('','',#2073);
#2073 = PRODUCT('Pocket001','Pocket001','',(#2074));
#2074 = PRODUCT_CONTEXT('',#2,'mechanical');
#2075 = PRODUCT_DEFINITION_CONTEXT('part definition',#2,'design');
#2076 = ADVANCED_BREP_SHAPE_REPRESENTATION('',(#11,#2077),#2676);
#2077 = MANIFOLD_SOLID_BREP('',#2078);
#2078 = CLOSED_SHELL('',(#2079,#2121,#2152,#2184,#2215,#2244,#2262,#2317
    ,#2335,#2378,#2395,#2444,#2476,#2500,#2525,#2543,#2575,#2599,#2623,
    #2640,#2664));
#2079 = ADVANCED_FACE('',(#2080),#2116,.T.);
#2080 = FACE_BOUND('',#2081,.T.);
#2081 = EDGE_LOOP('',(#2082,#2092,#2101,#2109));
#2082 = ORIENTED_EDGE('',*,*,#2083,.F.);
#2083 = EDGE_CURVE('',#2084,#2086,#2088,.T.);
#2084 = VERTEX_POINT('',#2085);
#2085 = CARTESIAN_POINT('',(0.,15.,0.));
#2086 = VERTEX_POINT('',#2087);
#2087 = CARTESIAN_POINT('',(17.5,15.,0.));
#2088 = LINE('',#2089,#2090);
#2089 = CARTESIAN_POINT('',(0.,15.,0.));
#2090 = VECTOR('',#2091,1.);
#2091 = DIRECTION('',(1.,0.,0.));
#2092 = ORIENTED_EDGE('',*,*,#2093,.T.);
#2093 = EDGE_CURVE('',#2084,#2094,#2096,.T.);
#2094 = VERTEX_POINT('',#2095);
#2095 = CARTESIAN_POINT('',(0.,0.,-15.));
#2096 = CIRCLE('',#2097,15.);
#2097 = AXIS2_PLACEMENT_3D('',#2098,#2099,#2100);
#2098 = CARTESIAN_POINT('',(0.,0.,0.));
#2099 = DIRECTION('',(1.,-0.,0.));
#2100 = DIRECTION('',(0.,1.,-4.4E-16));
#2101 = ORIENTED_EDGE('',*,*,#2102,.T.);
#2102 = EDGE_CURVE('',#2094,#2103,#2105,.T.);
#2103 = VERTEX_POINT('',#2104);
#2104 = CARTESIAN_POINT('',(17.5,-1.E-15,-15.));
#2105 = LINE('',#2106,#2107);
#2106 = CARTESIAN_POINT('',(0.,0.,-15.));
#2107 = VECTOR('',#2108,1.);
#2108 = DIRECTION('',(1.,0.,0.));
#2109 = ORIENTED_EDGE('',*,*,#2110,.F.);
#2110 = EDGE_CURVE('',#2086,#2103,#2111,.T.);
#2111 = CIRCLE('',#2112,15.);
#2112 = AXIS2_PLACEMENT_3D('',#2113,#2114,#2115);
#2113 = CARTESIAN_POINT('',(17.5,1.E-15,0.));
#2114 = DIRECTION('',(1.,0.,0.));
#2115 = DIRECTION('',(0.,1.,0.));
#2116 = CYLINDRICAL_SURFACE('',#2117,15.);
#2117 = AXIS2_PLACEMENT_3D('',#2118,#2119,#2120);
#2118 = CARTESIAN_POINT('',(0.,0.,0.));
#2119 = DIRECTION('',(1.,0.,0.));
#2120 = DIRECTION('',(0.,1.,-4.4E-16));
#2121 = ADVANCED_FACE('',(#2122),#2147,.T.);
#2122 = FACE_BOUND('',#2123,.T.);
#2123 = EDGE_LOOP('',(#2124,#2132,#2133,#2141));
#2124 = ORIENTED_EDGE('',*,*,#2125,.F.);
#2125 = EDGE_CURVE('',#2084,#2126,#2128,.T.);
#2126 = VERTEX_POINT('',#2127);
#2127 = CARTESIAN_POINT('',(0.,8.5,0.));
#2128 = LINE('',#2129,#2130);
#2129 = CARTESIAN_POINT('',(0.,15.,0.));
#2130 = VECTOR('',#2131,1.);
#2131 = DIRECTION('',(0.,-1.,0.));
#2132 = ORIENTED_EDGE('',*,*,#2083,.T.);
#2133 = ORIENTED_EDGE('',*,*,#2134,.T.);
#2134 = EDGE_CURVE('',#2086,#2135,#2137,.T.);
#2135 = VERTEX_POINT('',#2136);
#2136 = CARTESIAN_POINT('',(17.5,8.5,0.));
#2137 = LINE('',#2138,#2139);
#2138 = CARTESIAN_POINT('',(17.5,5.490131578947,-2.44E-15));
#2139 = VECTOR('',#2140,1.);
#2140 = DIRECTION('',(-1.5E-16,-1.,4.4E-16));
#2141 = ORIENTED_EDGE('',*,*,#2142,.T.);
#2142 = EDGE_CURVE('',#2135,#2126,#2143,.T.);
#2143 = LINE('',#2144,#2145);
#2144 = CARTESIAN_POINT('',(17.5,8.5,0.));
#2145 = VECTOR('',#2146,1.);
#2146 = DIRECTION('',(-1.,0.,0.));
#2147 = PLANE('',#2148);
#2148 = AXIS2_PLACEMENT_3D('',#2149,#2150,#2151);
#2149 = CARTESIAN_POINT('',(12.605263157895,10.980263157895,-2.44E-15));
#2150 = DIRECTION('',(0.,-2.2E-16,-1.));
#2151 = DIRECTION('',(0.,1.,-2.2E-16));
#2152 = ADVANCED_FACE('',(#2153),#2179,.T.);
#2153 = FACE_BOUND('',#2154,.T.);
#2154 = EDGE_LOOP('',(#2155,#2163,#2164,#2172));
#2155 = ORIENTED_EDGE('',*,*,#2156,.F.);
#2156 = EDGE_CURVE('',#2086,#2157,#2159,.T.);
#2157 = VERTEX_POINT('',#2158);
#2158 = CARTESIAN_POINT('',(23.5,15.,-4.E-15));
#2159 = LINE('',#2160,#2161);
#2160 = CARTESIAN_POINT('',(0.,15.,0.));
#2161 = VECTOR('',#2162,1.);
#2162 = DIRECTION('',(1.,0.,0.));
#2163 = ORIENTED_EDGE('',*,*,#2110,.T.);
#2164 = ORIENTED_EDGE('',*,*,#2165,.T.);
#2165 = EDGE_CURVE('',#2103,#2166,#2168,.T.);
#2166 = VERTEX_POINT('',#2167);
#2167 = CARTESIAN_POINT('',(23.5,0.,-15.));
#2168 = LINE('',#2169,#2170);
#2169 = CARTESIAN_POINT('',(0.,0.,-15.));
#2170 = VECTOR('',#2171,1.);
#2171 = DIRECTION('',(1.,0.,0.));
#2172 = ORIENTED_EDGE('',*,*,#2173,.F.);
#2173 = EDGE_CURVE('',#2157,#2166,#2174,.T.);
#2174 = CIRCLE('',#2175,15.);
#2175 = AXIS2_PLACEMENT_3D('',#2176,#2177,#2178);
#2176 = CARTESIAN_POINT('',(23.5,0.,0.));
#2177 = DIRECTION('',(1.,-0.,0.));
#2178 = DIRECTION('',(0.,1.,-4.4E-16));
#2179 = CYLINDRICAL_SURFACE('',#2180,15.);
#2180 = AXIS2_PLACEMENT_3D('',#2181,#2182,#2183);
#2181 = CARTESIAN_POINT('',(0.,0.,0.));
#2182 = DIRECTION('',(1.,0.,0.));
#2183 = DIRECTION('',(0.,1.,-4.4E-16));
#2184 = ADVANCED_FACE('',(#2185),#2210,.F.);
#2185 = FACE_BOUND('',#2186,.F.);
#2186 = EDGE_LOOP('',(#2187,#2195,#2196,#2204));
#2187 = ORIENTED_EDGE('',*,*,#2188,.F.);
#2188 = EDGE_CURVE('',#2094,#2189,#2191,.T.);
#2189 = VERTEX_POINT('',#2190);
#2190 = CARTESIAN_POINT('',(0.,0.,-8.5));
#2191 = LINE('',#2192,#2193);
#2192 = CARTESIAN_POINT('',(0.,0.,-15.));
#2193 = VECTOR('',#2194,1.);
#2194 = DIRECTION('',(0.,0.,1.));
#2195 = ORIENTED_EDGE('',*,*,#2102,.T.);
#2196 = ORIENTED_EDGE('',*,*,#2197,.T.);
#2197 = EDGE_CURVE('',#2103,#2198,#2200,.T.);
#2198 = VERTEX_POINT('',#2199);
#2199 = CARTESIAN_POINT('',(17.5,0.,-8.5));
#2200 = LINE('',#2201,#2202);
#2201 = CARTESIAN_POINT('',(17.5,-3.66E-15,-5.490131578947));
#2202 = VECTOR('',#2203,1.);
#2203 = DIRECTION('',(0.,6.7E-16,1.));
#2204 = ORIENTED_EDGE('',*,*,#2205,.T.);
#2205 = EDGE_CURVE('',#2198,#2189,#2206,.T.);
#2206 = LINE('',#2207,#2208);
#2207 = CARTESIAN_POINT('',(17.5,0.,-8.5));
#2208 = VECTOR('',#2209,1.);
#2209 = DIRECTION('',(-1.,0.,0.));
#2210 = PLANE('',#2211);
#2211 = AXIS2_PLACEMENT_3D('',#2212,#2213,#2214);
#2212 = CARTESIAN_POINT('',(12.605263157895,-2.44E-15,-10.98026315789));
#2213 = DIRECTION('',(0.,-1.,2.2E-16));
#2214 = DIRECTION('',(0.,-2.2E-16,-1.));
#2215 = ADVANCED_FACE('',(#2216,#2228),#2239,.F.);
#2216 = FACE_BOUND('',#2217,.F.);
#2217 = EDGE_LOOP('',(#2218,#2219,#2220,#2227));
#2218 = ORIENTED_EDGE('',*,*,#2093,.T.);
#2219 = ORIENTED_EDGE('',*,*,#2188,.T.);
#2220 = ORIENTED_EDGE('',*,*,#2221,.F.);
#2221 = EDGE_CURVE('',#2126,#2189,#2222,.T.);
#2222 = CIRCLE('',#2223,8.5);
#2223 = AXIS2_PLACEMENT_3D('',#2224,#2225,#2226);
#2224 = CARTESIAN_POINT('',(0.,0.,0.));
#2225 = DIRECTION('',(1.,-0.,0.));
#2226 = DIRECTION('',(0.,1.,-4.4E-16));
#2227 = ORIENTED_EDGE('',*,*,#2125,.F.);
#2228 = FACE_BOUND('',#2229,.F.);
#2229 = EDGE_LOOP('',(#2230));
#2230 = ORIENTED_EDGE('',*,*,#2231,.F.);
#2231 = EDGE_CURVE('',#2232,#2232,#2234,.T.);
#2232 = VERTEX_POINT('',#2233);
#2233 = CARTESIAN_POINT('',(0.,-6.375,8.413804133684));
#2234 = CIRCLE('',#2235,1.625);
#2235 = AXIS2_PLACEMENT_3D('',#2236,#2237,#2238);
#2236 = CARTESIAN_POINT('',(0.,-8.,8.413804133684));
#2237 = DIRECTION('',(1.,-2.2E-16,-1.741711239665E-48));
#2238 = DIRECTION('',(2.2E-16,1.,-2.2E-16));
#2239 = PLANE('',#2240);
#2240 = AXIS2_PLACEMENT_3D('',#2241,#2242,#2243);
#2241 = CARTESIAN_POINT('',(0.,0.,0.));
#2242 = DIRECTION('',(1.,0.,0.));
#2243 = DIRECTION('',(0.,1.,-4.4E-16));
#2244 = ADVANCED_FACE('',(#2245),#2257,.F.);
#2245 = FACE_BOUND('',#2246,.T.);
#2246 = EDGE_LOOP('',(#2247,#2254,#2255,#2256));
#2247 = ORIENTED_EDGE('',*,*,#2248,.T.);
#2248 = EDGE_CURVE('',#2135,#2198,#2249,.T.);
#2249 = CIRCLE('',#2250,8.5);
#2250 = AXIS2_PLACEMENT_3D('',#2251,#2252,#2253);
#2251 = CARTESIAN_POINT('',(17.5,0.,0.));
#2252 = DIRECTION('',(1.,-0.,0.));
#2253 = DIRECTION('',(0.,1.,-4.4E-16));
#2254 = ORIENTED_EDGE('',*,*,#2205,.T.);
#2255 = ORIENTED_EDGE('',*,*,#2221,.F.);
#2256 = ORIENTED_EDGE('',*,*,#2142,.F.);
#2257 = CYLINDRICAL_SURFACE('',#2258,8.5);
#2258 = AXIS2_PLACEMENT_3D('',#2259,#2260,#2261);
#2259 = CARTESIAN_POINT('',(17.5,0.,0.));
#2260 = DIRECTION('',(-1.,-0.,-0.));
#2261 = DIRECTION('',(0.,1.,-4.4E-16));
#2262 = ADVANCED_FACE('',(#2263),#2312,.F.);
#2263 = FACE_BOUND('',#2264,.F.);
#2264 = EDGE_LOOP('',(#2265,#2266,#2273,#2274,#2282,#2290,#2298,#2306));
#2265 = ORIENTED_EDGE('',*,*,#2197,.F.);
#2266 = ORIENTED_EDGE('',*,*,#2267,.T.);
#2267 = EDGE_CURVE('',#2103,#2086,#2268,.T.);
#2268 = CIRCLE('',#2269,15.);
#2269 = AXIS2_PLACEMENT_3D('',#2270,#2271,#2272);
#2270 = CARTESIAN_POINT('',(17.5,1.E-15,0.));
#2271 = DIRECTION('',(1.,0.,0.));
#2272 = DIRECTION('',(0.,1.,0.));
#2273 = ORIENTED_EDGE('',*,*,#2134,.T.);
#2274 = ORIENTED_EDGE('',*,*,#2275,.F.);
#2275 = EDGE_CURVE('',#2276,#2135,#2278,.T.);
#2276 = VERTEX_POINT('',#2277);
#2277 = CARTESIAN_POINT('',(17.5,7.255926724141,-3.E-15));
#2278 = LINE('',#2279,#2280);
#2279 = CARTESIAN_POINT('',(17.5,5.25,0.));
#2280 = VECTOR('',#2281,1.);
#2281 = DIRECTION('',(0.,1.,0.));
#2282 = ORIENTED_EDGE('',*,*,#2283,.T.);
#2283 = EDGE_CURVE('',#2276,#2284,#2286,.T.);
#2284 = VERTEX_POINT('',#2285);
#2285 = CARTESIAN_POINT('',(17.5,7.369678388501,-3.978500402173));
#2286 = LINE('',#2287,#2288);
#2287 = CARTESIAN_POINT('',(17.5,7.130321611499,4.393078501076));
#2288 = VECTOR('',#2289,1.);
#2289 = DIRECTION('',(-0.,2.857991367183E-02,-0.999591510836));
#2290 = ORIENTED_EDGE('',*,*,#2291,.T.);
#2291 = EDGE_CURVE('',#2284,#2292,#2294,.T.);
#2292 = VERTEX_POINT('',#2293);
#2293 = CARTESIAN_POINT('',(17.5,0.239356777002,-8.37157890325));
#2294 = LINE('',#2295,#2296);
#2295 = CARTESIAN_POINT('',(17.5,7.369678388501,-3.978500402173));
#2296 = VECTOR('',#2297,1.);
#2297 = DIRECTION('',(0.,-0.851381684955,-0.524546686696));
#2298 = ORIENTED_EDGE('',*,*,#2299,.T.);
#2299 = EDGE_CURVE('',#2292,#2300,#2302,.T.);
#2300 = VERTEX_POINT('',#2301);
#2301 = CARTESIAN_POINT('',(17.5,-5.E-15,-8.242362812212));
#2302 = LINE('',#2303,#2304);
#2303 = CARTESIAN_POINT('',(17.5,0.239356777002,-8.37157890325));
#2304 = VECTOR('',#2305,1.);
#2305 = DIRECTION('',(0.,-0.879961598627,0.47504482414));
#2306 = ORIENTED_EDGE('',*,*,#2307,.T.);
#2307 = EDGE_CURVE('',#2300,#2198,#2308,.T.);
#2308 = LINE('',#2309,#2310);
#2309 = CARTESIAN_POINT('',(17.5,0.,-5.25));
#2310 = VECTOR('',#2311,1.);
#2311 = DIRECTION('',(0.,0.,-1.));
#2312 = PLANE('',#2313);
#2313 = AXIS2_PLACEMENT_3D('',#2314,#2315,#2316);
#2314 = CARTESIAN_POINT('',(17.5,9.E-17,8.E-17));
#2315 = DIRECTION('',(1.,-1.5E-16,0.));
#2316 = DIRECTION('',(1.5E-16,1.,0.));
#2317 = ADVANCED_FACE('',(#2318),#2330,.T.);
#2318 = FACE_BOUND('',#2319,.T.);
#2319 = EDGE_LOOP('',(#2320,#2321,#2322,#2329));
#2320 = ORIENTED_EDGE('',*,*,#2267,.T.);
#2321 = ORIENTED_EDGE('',*,*,#2156,.T.);
#2322 = ORIENTED_EDGE('',*,*,#2323,.F.);
#2323 = EDGE_CURVE('',#2166,#2157,#2324,.T.);
#2324 = CIRCLE('',#2325,15.);
#2325 = AXIS2_PLACEMENT_3D('',#2326,#2327,#2328);
#2326 = CARTESIAN_POINT('',(23.5,0.,0.));
#2327 = DIRECTION('',(1.,0.,0.));
#2328 = DIRECTION('',(0.,1.,0.));
#2329 = ORIENTED_EDGE('',*,*,#2165,.F.);
#2330 = CYLINDRICAL_SURFACE('',#2331,15.);
#2331 = AXIS2_PLACEMENT_3D('',#2332,#2333,#2334);
#2332 = CARTESIAN_POINT('',(23.5,0.,0.));
#2333 = DIRECTION('',(1.,-2.2E-16,0.));
#2334 = DIRECTION('',(2.2E-16,1.,-2.2E-16));
#2335 = ADVANCED_FACE('',(#2336,#2362),#2373,.T.);
#2336 = FACE_BOUND('',#2337,.T.);
#2337 = EDGE_LOOP('',(#2338,#2339,#2347,#2356));
#2338 = ORIENTED_EDGE('',*,*,#2173,.T.);
#2339 = ORIENTED_EDGE('',*,*,#2340,.T.);
#2340 = EDGE_CURVE('',#2166,#2341,#2343,.T.);
#2341 = VERTEX_POINT('',#2342);
#2342 = CARTESIAN_POINT('',(23.5,0.,-5.25));
#2343 = LINE('',#2344,#2345);
#2344 = CARTESIAN_POINT('',(23.5,0.,-15.));
#2345 = VECTOR('',#2346,1.);
#2346 = DIRECTION('',(0.,0.,1.));
#2347 = ORIENTED_EDGE('',*,*,#2348,.F.);
#2348 = EDGE_CURVE('',#2349,#2341,#2351,.T.);
#2349 = VERTEX_POINT('',#2350);
#2350 = CARTESIAN_POINT('',(23.5,5.25,-2.E-15));
#2351 = CIRCLE('',#2352,5.25);
#2352 = AXIS2_PLACEMENT_3D('',#2353,#2354,#2355);
#2353 = CARTESIAN_POINT('',(23.5,0.,0.));
#2354 = DIRECTION('',(1.,-0.,0.));
#2355 = DIRECTION('',(0.,1.,-4.4E-16));
#2356 = ORIENTED_EDGE('',*,*,#2357,.F.);
#2357 = EDGE_CURVE('',#2157,#2349,#2358,.T.);
#2358 = LINE('',#2359,#2360);
#2359 = CARTESIAN_POINT('',(23.5,15.,0.));
#2360 = VECTOR('',#2361,1.);
#2361 = DIRECTION('',(0.,-1.,0.));
#2362 = FACE_BOUND('',#2363,.T.);
#2363 = EDGE_LOOP('',(#2364));
#2364 = ORIENTED_EDGE('',*,*,#2365,.F.);
#2365 = EDGE_CURVE('',#2366,#2366,#2368,.T.);
#2366 = VERTEX_POINT('',#2367);
#2367 = CARTESIAN_POINT('',(23.5,-6.375,8.413804133684));
#2368 = CIRCLE('',#2369,1.625);
#2369 = AXIS2_PLACEMENT_3D('',#2370,#2371,#2372);
#2370 = CARTESIAN_POINT('',(23.5,-8.,8.413804133684));
#2371 = DIRECTION('',(1.,0.,0.));
#2372 = DIRECTION('',(0.,1.,0.));
#2373 = PLANE('',#2374);
#2374 = AXIS2_PLACEMENT_3D('',#2375,#2376,#2377);
#2375 = CARTESIAN_POINT('',(23.5,0.,0.));
#2376 = DIRECTION('',(1.,0.,0.));
#2377 = DIRECTION('',(0.,1.,-4.4E-16));
#2378 = ADVANCED_FACE('',(#2379),#2390,.F.);
#2379 = FACE_BOUND('',#2380,.F.);
#2380 = EDGE_LOOP('',(#2381,#2382,#2388,#2389));
#2381 = ORIENTED_EDGE('',*,*,#2365,.F.);
#2382 = ORIENTED_EDGE('',*,*,#2383,.T.);
#2383 = EDGE_CURVE('',#2366,#2232,#2384,.T.);
#2384 = LINE('',#2385,#2386);
#2385 = CARTESIAN_POINT('',(23.5,-6.375,8.413804133684));
#2386 = VECTOR('',#2387,1.);
#2387 = DIRECTION('',(-1.,2.2E-16,-0.));
#2388 = ORIENTED_EDGE('',*,*,#2231,.T.);
#2389 = ORIENTED_EDGE('',*,*,#2383,.F.);
#2390 = CYLINDRICAL_SURFACE('',#2391,1.625);
#2391 = AXIS2_PLACEMENT_3D('',#2392,#2393,#2394);
#2392 = CARTESIAN_POINT('',(23.5,-8.,8.413804133684));
#2393 = DIRECTION('',(1.,-2.2E-16,0.));
#2394 = DIRECTION('',(2.2E-16,1.,-2.2E-16));
#2395 = ADVANCED_FACE('',(#2396),#2439,.F.);
#2396 = FACE_BOUND('',#2397,.T.);
#2397 = EDGE_LOOP('',(#2398,#2399,#2407,#2415,#2423,#2431,#2437,#2438));
#2398 = ORIENTED_EDGE('',*,*,#2275,.F.);
#2399 = ORIENTED_EDGE('',*,*,#2400,.F.);
#2400 = EDGE_CURVE('',#2401,#2276,#2403,.T.);
#2401 = VERTEX_POINT('',#2402);
#2402 = CARTESIAN_POINT('',(17.5,7.130321611499,4.393078501076));
#2403 = LINE('',#2404,#2405);
#2404 = CARTESIAN_POINT('',(17.5,7.130321611499,4.393078501076));
#2405 = VECTOR('',#2406,1.);
#2406 = DIRECTION('',(-0.,2.857991367183E-02,-0.999591510836));
#2407 = ORIENTED_EDGE('',*,*,#2408,.F.);
#2408 = EDGE_CURVE('',#2409,#2401,#2411,.T.);
#2409 = VERTEX_POINT('',#2410);
#2410 = CARTESIAN_POINT('',(17.5,-0.239356777002,8.37157890325));
#2411 = LINE('',#2412,#2413);
#2412 = CARTESIAN_POINT('',(17.5,-0.239356777002,8.37157890325));
#2413 = VECTOR('',#2414,1.);
#2414 = DIRECTION('',(-0.,0.879961598627,-0.47504482414));
#2415 = ORIENTED_EDGE('',*,*,#2416,.F.);
#2416 = EDGE_CURVE('',#2417,#2409,#2419,.T.);
#2417 = VERTEX_POINT('',#2418);
#2418 = CARTESIAN_POINT('',(17.5,-7.369678388501,3.978500402173));
#2419 = LINE('',#2420,#2421);
#2420 = CARTESIAN_POINT('',(17.5,-7.369678388501,3.978500402173));
#2421 = VECTOR('',#2422,1.);
#2422 = DIRECTION('',(0.,0.851381684955,0.524546686696));
#2423 = ORIENTED_EDGE('',*,*,#2424,.F.);
#2424 = EDGE_CURVE('',#2425,#2417,#2427,.T.);
#2425 = VERTEX_POINT('',#2426);
#2426 = CARTESIAN_POINT('',(17.5,-7.130321611499,-4.393078501076));
#2427 = LINE('',#2428,#2429);
#2428 = CARTESIAN_POINT('',(17.5,-7.130321611499,-4.393078501076));
#2429 = VECTOR('',#2430,1.);
#2430 = DIRECTION('',(0.,-2.857991367183E-02,0.999591510836));
#2431 = ORIENTED_EDGE('',*,*,#2432,.F.);
#2432 = EDGE_CURVE('',#2300,#2425,#2433,.T.);
#2433 = LINE('',#2434,#2435);
#2434 = CARTESIAN_POINT('',(17.5,0.239356777002,-8.37157890325));
#2435 = VECTOR('',#2436,1.);
#2436 = DIRECTION('',(0.,-0.879961598627,0.47504482414));
#2437 = ORIENTED_EDGE('',*,*,#2307,.T.);
#2438 = ORIENTED_EDGE('',*,*,#2248,.F.);
#2439 = PLANE('',#2440);
#2440 = AXIS2_PLACEMENT_3D('',#2441,#2442,#2443);
#2441 = CARTESIAN_POINT('',(17.5,0.,0.));
#2442 = DIRECTION('',(1.,0.,0.));
#2443 = DIRECTION('',(0.,1.,-4.4E-16));
#2444 = ADVANCED_FACE('',(#2445),#2471,.F.);
#2445 = FACE_BOUND('',#2446,.F.);
#2446 = EDGE_LOOP('',(#2447,#2455,#2463,#2469,#2470));
#2447 = ORIENTED_EDGE('',*,*,#2448,.T.);
#2448 = EDGE_CURVE('',#2292,#2449,#2451,.T.);
#2449 = VERTEX_POINT('',#2450);
#2450 = CARTESIAN_POINT('',(20.25,0.239356777002,-8.37157890325));
#2451 = LINE('',#2452,#2453);
#2452 = CARTESIAN_POINT('',(17.5,0.239356777002,-8.37157890325));
#2453 = VECTOR('',#2454,1.);
#2454 = DIRECTION('',(1.,2.2E-16,0.));
#2455 = ORIENTED_EDGE('',*,*,#2456,.T.);
#2456 = EDGE_CURVE('',#2449,#2457,#2459,.T.);
#2457 = VERTEX_POINT('',#2458);
#2458 = CARTESIAN_POINT('',(20.25,-7.130321611499,-4.393078501076));
#2459 = LINE('',#2460,#2461);
#2460 = CARTESIAN_POINT('',(20.25,0.239356777002,-8.37157890325));
#2461 = VECTOR('',#2462,1.);
#2462 = DIRECTION('',(0.,-0.879961598627,0.47504482414));
#2463 = ORIENTED_EDGE('',*,*,#2464,.F.);
#2464 = EDGE_CURVE('',#2425,#2457,#2465,.T.);
#2465 = LINE('',#2466,#2467);
#2466 = CARTESIAN_POINT('',(17.5,-7.130321611499,-4.393078501076));
#2467 = VECTOR('',#2468,1.);
#2468 = DIRECTION('',(1.,2.2E-16,0.));
#2469 = ORIENTED_EDGE('',*,*,#2432,.F.);
#2470 = ORIENTED_EDGE('',*,*,#2299,.F.);
#2471 = PLANE('',#2472);
#2472 = AXIS2_PLACEMENT_3D('',#2473,#2474,#2475);
#2473 = CARTESIAN_POINT('',(17.5,0.239356777002,-8.37157890325));
#2474 = DIRECTION('',(1.1E-16,-0.47504482414,-0.879961598627));
#2475 = DIRECTION('',(2.E-16,-0.879961598627,0.47504482414));
#2476 = ADVANCED_FACE('',(#2477),#2495,.F.);
#2477 = FACE_BOUND('',#2478,.F.);
#2478 = EDGE_LOOP('',(#2479,#2487,#2493,#2494));
#2479 = ORIENTED_EDGE('',*,*,#2480,.T.);
#2480 = EDGE_CURVE('',#2284,#2481,#2483,.T.);
#2481 = VERTEX_POINT('',#2482);
#2482 = CARTESIAN_POINT('',(20.25,7.369678388501,-3.978500402173));
#2483 = LINE('',#2484,#2485);
#2484 = CARTESIAN_POINT('',(17.5,7.369678388501,-3.978500402173));
#2485 = VECTOR('',#2486,1.);
#2486 = DIRECTION('',(1.,2.2E-16,0.));
#2487 = ORIENTED_EDGE('',*,*,#2488,.T.);
#2488 = EDGE_CURVE('',#2481,#2449,#2489,.T.);
#2489 = LINE('',#2490,#2491);
#2490 = CARTESIAN_POINT('',(20.25,7.369678388501,-3.978500402173));
#2491 = VECTOR('',#2492,1.);
#2492 = DIRECTION('',(0.,-0.851381684955,-0.524546686696));
#2493 = ORIENTED_EDGE('',*,*,#2448,.F.);
#2494 = ORIENTED_EDGE('',*,*,#2291,.F.);
#2495 = PLANE('',#2496);
#2496 = AXIS2_PLACEMENT_3D('',#2497,#2498,#2499);
#2497 = CARTESIAN_POINT('',(17.5,7.369678388501,-3.978500402173));
#2498 = DIRECTION('',(-1.2E-16,0.524546686696,-0.851381684955));
#2499 = DIRECTION('',(1.9E-16,-0.851381684955,-0.524546686696));
#2500 = ADVANCED_FACE('',(#2501),#2520,.F.);
#2501 = FACE_BOUND('',#2502,.F.);
#2502 = EDGE_LOOP('',(#2503,#2511,#2517,#2518,#2519));
#2503 = ORIENTED_EDGE('',*,*,#2504,.T.);
#2504 = EDGE_CURVE('',#2401,#2505,#2507,.T.);
#2505 = VERTEX_POINT('',#2506);
#2506 = CARTESIAN_POINT('',(20.25,7.130321611499,4.393078501076));
#2507 = LINE('',#2508,#2509);
#2508 = CARTESIAN_POINT('',(17.5,7.130321611499,4.393078501076));
#2509 = VECTOR('',#2510,1.);
#2510 = DIRECTION('',(1.,2.2E-16,0.));
#2511 = ORIENTED_EDGE('',*,*,#2512,.T.);
#2512 = EDGE_CURVE('',#2505,#2481,#2513,.T.);
#2513 = LINE('',#2514,#2515);
#2514 = CARTESIAN_POINT('',(20.25,7.130321611499,4.393078501076));
#2515 = VECTOR('',#2516,1.);
#2516 = DIRECTION('',(-0.,2.857991367183E-02,-0.999591510836));
#2517 = ORIENTED_EDGE('',*,*,#2480,.F.);
#2518 = ORIENTED_EDGE('',*,*,#2283,.F.);
#2519 = ORIENTED_EDGE('',*,*,#2400,.F.);
#2520 = PLANE('',#2521);
#2521 = AXIS2_PLACEMENT_3D('',#2522,#2523,#2524);
#2522 = CARTESIAN_POINT('',(17.5,7.130321611499,4.393078501076));
#2523 = DIRECTION('',(-2.2E-16,0.999591510836,2.857991367183E-02));
#2524 = DIRECTION('',(-1.E-17,2.857991367183E-02,-0.999591510836));
#2525 = ADVANCED_FACE('',(#2526),#2538,.T.);
#2526 = FACE_BOUND('',#2527,.T.);
#2527 = EDGE_LOOP('',(#2528,#2529,#2530,#2537));
#2528 = ORIENTED_EDGE('',*,*,#2323,.T.);
#2529 = ORIENTED_EDGE('',*,*,#2357,.T.);
#2530 = ORIENTED_EDGE('',*,*,#2531,.F.);
#2531 = EDGE_CURVE('',#2341,#2349,#2532,.T.);
#2532 = CIRCLE('',#2533,5.25);
#2533 = AXIS2_PLACEMENT_3D('',#2534,#2535,#2536);
#2534 = CARTESIAN_POINT('',(23.5,0.,0.));
#2535 = DIRECTION('',(1.,0.,0.));
#2536 = DIRECTION('',(0.,1.,0.));
#2537 = ORIENTED_EDGE('',*,*,#2340,.F.);
#2538 = PLANE('',#2539);
#2539 = AXIS2_PLACEMENT_3D('',#2540,#2541,#2542);
#2540 = CARTESIAN_POINT('',(23.5,-9.1E-16,8.E-17));
#2541 = DIRECTION('',(1.,-1.5E-16,0.));
#2542 = DIRECTION('',(1.5E-16,1.,0.));
#2543 = ADVANCED_FACE('',(#2544),#2570,.F.);
#2544 = FACE_BOUND('',#2545,.T.);
#2545 = EDGE_LOOP('',(#2546,#2554,#2555,#2563));
#2546 = ORIENTED_EDGE('',*,*,#2547,.F.);
#2547 = EDGE_CURVE('',#2349,#2548,#2550,.T.);
#2548 = VERTEX_POINT('',#2549);
#2549 = CARTESIAN_POINT('',(20.25,5.25,-2.E-15));
#2550 = LINE('',#2551,#2552);
#2551 = CARTESIAN_POINT('',(23.5,5.25,0.));
#2552 = VECTOR('',#2553,1.);
#2553 = DIRECTION('',(-1.,0.,0.));
#2554 = ORIENTED_EDGE('',*,*,#2348,.T.);
#2555 = ORIENTED_EDGE('',*,*,#2556,.T.);
#2556 = EDGE_CURVE('',#2341,#2557,#2559,.T.);
#2557 = VERTEX_POINT('',#2558);
#2558 = CARTESIAN_POINT('',(20.25,-3.E-15,-5.25));
#2559 = LINE('',#2560,#2561);
#2560 = CARTESIAN_POINT('',(23.5,0.,-5.25));
#2561 = VECTOR('',#2562,1.);
#2562 = DIRECTION('',(-1.,0.,0.));
#2563 = ORIENTED_EDGE('',*,*,#2564,.T.);
#2564 = EDGE_CURVE('',#2557,#2548,#2565,.T.);
#2565 = CIRCLE('',#2566,5.25);
#2566 = AXIS2_PLACEMENT_3D('',#2567,#2568,#2569);
#2567 = CARTESIAN_POINT('',(20.25,0.,0.));
#2568 = DIRECTION('',(-1.,0.,-0.));
#2569 = DIRECTION('',(0.,1.,-4.4E-16));
#2570 = CYLINDRICAL_SURFACE('',#2571,5.25);
#2571 = AXIS2_PLACEMENT_3D('',#2572,#2573,#2574);
#2572 = CARTESIAN_POINT('',(23.5,0.,0.));
#2573 = DIRECTION('',(-1.,-0.,-0.));
#2574 = DIRECTION('',(0.,1.,-4.4E-16));
#2575 = ADVANCED_FACE('',(#2576),#2594,.F.);
#2576 = FACE_BOUND('',#2577,.F.);
#2577 = EDGE_LOOP('',(#2578,#2579,#2587,#2593));
#2578 = ORIENTED_EDGE('',*,*,#2464,.T.);
#2579 = ORIENTED_EDGE('',*,*,#2580,.T.);
#2580 = EDGE_CURVE('',#2457,#2581,#2583,.T.);
#2581 = VERTEX_POINT('',#2582);
#2582 = CARTESIAN_POINT('',(20.25,-7.369678388501,3.978500402173));
#2583 = LINE('',#2584,#2585);
#2584 = CARTESIAN_POINT('',(20.25,-7.130321611499,-4.393078501076));
#2585 = VECTOR('',#2586,1.);
#2586 = DIRECTION('',(0.,-2.857991367183E-02,0.999591510836));
#2587 = ORIENTED_EDGE('',*,*,#2588,.F.);
#2588 = EDGE_CURVE('',#2417,#2581,#2589,.T.);
#2589 = LINE('',#2590,#2591);
#2590 = CARTESIAN_POINT('',(17.5,-7.369678388501,3.978500402173));
#2591 = VECTOR('',#2592,1.);
#2592 = DIRECTION('',(1.,2.2E-16,0.));
#2593 = ORIENTED_EDGE('',*,*,#2424,.F.);
#2594 = PLANE('',#2595);
#2595 = AXIS2_PLACEMENT_3D('',#2596,#2597,#2598);
#2596 = CARTESIAN_POINT('',(17.5,-7.130321611499,-4.393078501076));
#2597 = DIRECTION('',(2.2E-16,-0.999591510836,-2.857991367183E-02));
#2598 = DIRECTION('',(1.E-17,-2.857991367183E-02,0.999591510836));
#2599 = ADVANCED_FACE('',(#2600),#2618,.F.);
#2600 = FACE_BOUND('',#2601,.F.);
#2601 = EDGE_LOOP('',(#2602,#2603,#2611,#2617));
#2602 = ORIENTED_EDGE('',*,*,#2588,.T.);
#2603 = ORIENTED_EDGE('',*,*,#2604,.T.);
#2604 = EDGE_CURVE('',#2581,#2605,#2607,.T.);
#2605 = VERTEX_POINT('',#2606);
#2606 = CARTESIAN_POINT('',(20.25,-0.239356777002,8.37157890325));
#2607 = LINE('',#2608,#2609);
#2608 = CARTESIAN_POINT('',(20.25,-7.369678388501,3.978500402173));
#2609 = VECTOR('',#2610,1.);
#2610 = DIRECTION('',(0.,0.851381684955,0.524546686696));
#2611 = ORIENTED_EDGE('',*,*,#2612,.F.);
#2612 = EDGE_CURVE('',#2409,#2605,#2613,.T.);
#2613 = LINE('',#2614,#2615);
#2614 = CARTESIAN_POINT('',(17.5,-0.239356777002,8.37157890325));
#2615 = VECTOR('',#2616,1.);
#2616 = DIRECTION('',(1.,2.2E-16,0.));
#2617 = ORIENTED_EDGE('',*,*,#2416,.F.);
#2618 = PLANE('',#2619);
#2619 = AXIS2_PLACEMENT_3D('',#2620,#2621,#2622);
#2620 = CARTESIAN_POINT('',(17.5,-7.369678388501,3.978500402173));
#2621 = DIRECTION('',(1.2E-16,-0.524546686696,0.851381684955));
#2622 = DIRECTION('',(-1.9E-16,0.851381684955,0.524546686696));
#2623 = ADVANCED_FACE('',(#2624),#2635,.F.);
#2624 = FACE_BOUND('',#2625,.F.);
#2625 = EDGE_LOOP('',(#2626,#2627,#2633,#2634));
#2626 = ORIENTED_EDGE('',*,*,#2612,.T.);
#2627 = ORIENTED_EDGE('',*,*,#2628,.T.);
#2628 = EDGE_CURVE('',#2605,#2505,#2629,.T.);
#2629 = LINE('',#2630,#2631);
#2630 = CARTESIAN_POINT('',(20.25,-0.239356777002,8.37157890325));
#2631 = VECTOR('',#2632,1.);
#2632 = DIRECTION('',(-0.,0.879961598627,-0.47504482414));
#2633 = ORIENTED_EDGE('',*,*,#2504,.F.);
#2634 = ORIENTED_EDGE('',*,*,#2408,.F.);
#2635 = PLANE('',#2636);
#2636 = AXIS2_PLACEMENT_3D('',#2637,#2638,#2639);
#2637 = CARTESIAN_POINT('',(17.5,-0.239356777002,8.37157890325));
#2638 = DIRECTION('',(-1.1E-16,0.47504482414,0.879961598627));
#2639 = DIRECTION('',(-2.E-16,0.879961598627,-0.47504482414));
#2640 = ADVANCED_FACE('',(#2641,#2649),#2659,.F.);
#2641 = FACE_BOUND('',#2642,.F.);
#2642 = EDGE_LOOP('',(#2643,#2644,#2645,#2646,#2647,#2648));
#2643 = ORIENTED_EDGE('',*,*,#2456,.F.);
#2644 = ORIENTED_EDGE('',*,*,#2488,.F.);
#2645 = ORIENTED_EDGE('',*,*,#2512,.F.);
#2646 = ORIENTED_EDGE('',*,*,#2628,.F.);
#2647 = ORIENTED_EDGE('',*,*,#2604,.F.);
#2648 = ORIENTED_EDGE('',*,*,#2580,.F.);
#2649 = FACE_BOUND('',#2650,.F.);
#2650 = EDGE_LOOP('',(#2651,#2658));
#2651 = ORIENTED_EDGE('',*,*,#2652,.F.);
#2652 = EDGE_CURVE('',#2557,#2548,#2653,.T.);
#2653 = CIRCLE('',#2654,5.25);
#2654 = AXIS2_PLACEMENT_3D('',#2655,#2656,#2657);
#2655 = CARTESIAN_POINT('',(20.25,7.2E-16,0.));
#2656 = DIRECTION('',(1.,-2.2E-16,-1.741711239665E-48));
#2657 = DIRECTION('',(2.2E-16,1.,-2.2E-16));
#2658 = ORIENTED_EDGE('',*,*,#2564,.T.);
#2659 = PLANE('',#2660);
#2660 = AXIS2_PLACEMENT_3D('',#2661,#2662,#2663);
#2661 = CARTESIAN_POINT('',(20.25,8.4E-16,-1.4E-16));
#2662 = DIRECTION('',(1.,0.,0.));
#2663 = DIRECTION('',(0.,1.,0.));
#2664 = ADVANCED_FACE('',(#2665),#2671,.F.);
#2665 = FACE_BOUND('',#2666,.F.);
#2666 = EDGE_LOOP('',(#2667,#2668,#2669,#2670));
#2667 = ORIENTED_EDGE('',*,*,#2547,.F.);
#2668 = ORIENTED_EDGE('',*,*,#2531,.F.);
#2669 = ORIENTED_EDGE('',*,*,#2556,.T.);
#2670 = ORIENTED_EDGE('',*,*,#2652,.T.);
#2671 = CYLINDRICAL_SURFACE('',#2672,5.25);
#2672 = AXIS2_PLACEMENT_3D('',#2673,#2674,#2675);
#2673 = CARTESIAN_POINT('',(23.5,0.,0.));
#2674 = DIRECTION('',(1.,-2.2E-16,0.));
#2675 = DIRECTION('',(2.2E-16,1.,-2.2E-16));
#2676 = ( GEOMETRIC_REPRESENTATION_CONTEXT(3) 
GLOBAL_UNCERTAINTY_ASSIGNED_CONTEXT((#2680)) 
GLOBAL_UNIT_ASSIGNED_CONTEXT((#2677,#2678,#2679)) REPRESENTATION_CONTEXT
('Context #1','3D Context with UNIT and UNCERTAINTY') );
#2677 = ( LENGTH_UNIT() NAMED_UNIT(*) SI_UNIT(.MILLI.,.METRE.) );
#2678 = ( NAMED_UNIT(*) PLANE_ANGLE_UNIT() SI_UNIT($,.RADIAN.) );
#2679 = ( NAMED_UNIT(*) SI_UNIT($,.STERADIAN.) SOLID_ANGLE_UNIT() );
#2680 = UNCERTAINTY_MEASURE_WITH_UNIT(LENGTH_MEASURE(1.E-07),#2677,
  'distance_accuracy_value','confusion accuracy');
#2681 = CONTEXT_DEPENDENT_SHAPE_REPRESENTATION(#2682,#2684);
#2682 = ( REPRESENTATION_RELATIONSHIP('','',#2076,#10) 
REPRESENTATION_RELATIONSHIP_WITH_TRANSFORMATION(#2683) 
SHAPE_REPRESENTATION_RELATIONSHIP() );
#2683 = ITEM_DEFINED_TRANSFORMATION('','',#11,#51);
#2684 = PRODUCT_DEFINITION_SHAPE('Placement','Placement of an item',
  #2685);
#2685 = NEXT_ASSEMBLY_USAGE_OCCURRENCE('10','Pocket001','',#5,#2071,$);
#2686 = PRODUCT_RELATED_PRODUCT_CATEGORY('part',$,(#2073));
#2687 = MECHANICAL_DESIGN_GEOMETRIC_PRESENTATION_REPRESENTATION('',(
    #2688),#2058);
#2688 = STYLED_ITEM('color',(#2689),#1498);
#2689 = PRESENTATION_STYLE_ASSIGNMENT((#2690,#2696));
#2690 = SURFACE_STYLE_USAGE(.BOTH.,#2691);
#2691 = SURFACE_SIDE_STYLE('',(#2692));
#2692 = SURFACE_STYLE_FILL_AREA(#2693);
#2693 = FILL_AREA_STYLE('',(#2694));
#2694 = FILL_AREA_STYLE_COLOUR('',#2695);
#2695 = COLOUR_RGB('',0.800000010877,0.800000010877,0.800000010877);
#2696 = CURVE_STYLE('',#2697,POSITIVE_LENGTH_MEASURE(0.1),#2698);
#2697 = DRAUGHTING_PRE_DEFINED_CURVE_FONT('continuous');
#2698 = COLOUR_RGB('',9.803921802644E-02,9.803921802644E-02,
  9.803921802644E-02);
#2699 = MECHANICAL_DESIGN_GEOMETRIC_PRESENTATION_REPRESENTATION('',(
    #2700,#2710),#1098);
#2700 = STYLED_ITEM('color',(#2701),#1080);
#2701 = PRESENTATION_STYLE_ASSIGNMENT((#2702,#2707));
#2702 = SURFACE_STYLE_USAGE(.BOTH.,#2703);
#2703 = SURFACE_SIDE_STYLE('',(#2704));
#2704 = SURFACE_STYLE_FILL_AREA(#2705);
#2705 = FILL_AREA_STYLE('',(#2706));
#2706 = FILL_AREA_STYLE_COLOUR('',#2695);
#2707 = CURVE_STYLE('',#2708,POSITIVE_LENGTH_MEASURE(0.1),#2709);
#2708 = DRAUGHTING_PRE_DEFINED_CURVE_FONT('continuous');
#2709 = DRAUGHTING_PRE_DEFINED_COLOUR('white');
#2710 = STYLED_ITEM('color',(#2711),#1089);
#2711 = PRESENTATION_STYLE_ASSIGNMENT((#2712,#2717));
#2712 = SURFACE_STYLE_USAGE(.BOTH.,#2713);
#2713 = SURFACE_SIDE_STYLE('',(#2714));
#2714 = SURFACE_STYLE_FILL_AREA(#2715);
#2715 = FILL_AREA_STYLE('',(#2716));
#2716 = FILL_AREA_STYLE_COLOUR('',#2695);
#2717 = CURVE_STYLE('',#2718,POSITIVE_LENGTH_MEASURE(0.1),#2709);
#2718 = DRAUGHTING_PRE_DEFINED_CURVE_FONT('continuous');
#2719 = MECHANICAL_DESIGN_GEOMETRIC_PRESENTATION_REPRESENTATION('',(
    #2720),#730);
#2720 = STYLED_ITEM('color',(#2721),#687);
#2721 = PRESENTATION_STYLE_ASSIGNMENT((#2722,#2727));
#2722 = SURFACE_STYLE_USAGE(.BOTH.,#2723);
#2723 = SURFACE_SIDE_STYLE('',(#2724));
#2724 = SURFACE_STYLE_FILL_AREA(#2725);
#2725 = FILL_AREA_STYLE('',(#2726));
#2726 = FILL_AREA_STYLE_COLOUR('',#2695);
#2727 = CURVE_STYLE('',#2728,POSITIVE_LENGTH_MEASURE(0.1),#2709);
#2728 = DRAUGHTING_PRE_DEFINED_CURVE_FONT('continuous');
#2729 = MECHANICAL_DESIGN_GEOMETRIC_PRESENTATION_REPRESENTATION('',(
    #2730),#971);
#2730 = STYLED_ITEM('color',(#2731),#749);
#2731 = PRESENTATION_STYLE_ASSIGNMENT((#2732,#2737));
#2732 = SURFACE_STYLE_USAGE(.BOTH.,#2733);
#2733 = SURFACE_SIDE_STYLE('',(#2734));
#2734 = SURFACE_STYLE_FILL_AREA(#2735);
#2735 = FILL_AREA_STYLE('',(#2736));
#2736 = FILL_AREA_STYLE_COLOUR('',#2695);
#2737 = CURVE_STYLE('',#2738,POSITIVE_LENGTH_MEASURE(0.1),#2698);
#2738 = DRAUGHTING_PRE_DEFINED_CURVE_FONT('continuous');
#2739 = MECHANICAL_DESIGN_GEOMETRIC_PRESENTATION_REPRESENTATION('',(
    #2740),#1061);
#2740 = STYLED_ITEM('color',(#2741),#1052);
#2741 = PRESENTATION_STYLE_ASSIGNMENT((#2742,#2747));
#2742 = SURFACE_STYLE_USAGE(.BOTH.,#2743);
#2743 = SURFACE_SIDE_STYLE('',(#2744));
#2744 = SURFACE_STYLE_FILL_AREA(#2745);
#2745 = FILL_AREA_STYLE('',(#2746));
#2746 = FILL_AREA_STYLE_COLOUR('',#2695);
#2747 = CURVE_STYLE('',#2748,POSITIVE_LENGTH_MEASURE(0.1),#2709);
#2748 = DRAUGHTING_PRE_DEFINED_CURVE_FONT('continuous');
#2749 = MECHANICAL_DESIGN_GEOMETRIC_PRESENTATION_REPRESENTATION('',(
    #2750),#1479);
#2750 = STYLED_ITEM('color',(#2751),#1145);
#2751 = PRESENTATION_STYLE_ASSIGNMENT((#2752,#2757));
#2752 = SURFACE_STYLE_USAGE(.BOTH.,#2753);
#2753 = SURFACE_SIDE_STYLE('',(#2754));
#2754 = SURFACE_STYLE_FILL_AREA(#2755);
#2755 = FILL_AREA_STYLE('',(#2756));
#2756 = FILL_AREA_STYLE_COLOUR('',#2695);
#2757 = CURVE_STYLE('',#2758,POSITIVE_LENGTH_MEASURE(0.1),#2698);
#2758 = DRAUGHTING_PRE_DEFINED_CURVE_FONT('continuous');
#2759 = MECHANICAL_DESIGN_GEOMETRIC_PRESENTATION_REPRESENTATION('',(
    #2760),#1033);
#2760 = STYLED_ITEM('color',(#2761),#990);
#2761 = PRESENTATION_STYLE_ASSIGNMENT((#2762,#2767));
#2762 = SURFACE_STYLE_USAGE(.BOTH.,#2763);
#2763 = SURFACE_SIDE_STYLE('',(#2764));
#2764 = SURFACE_STYLE_FILL_AREA(#2765);
#2765 = FILL_AREA_STYLE('',(#2766));
#2766 = FILL_AREA_STYLE_COLOUR('',#2695);
#2767 = CURVE_STYLE('',#2768,POSITIVE_LENGTH_MEASURE(0.1),#2709);
#2768 = DRAUGHTING_PRE_DEFINED_CURVE_FONT('continuous');
#2769 = MECHANICAL_DESIGN_GEOMETRIC_PRESENTATION_REPRESENTATION('',(
    #2770),#668);
#2770 = STYLED_ITEM('color',(#2771),#69);
#2771 = PRESENTATION_STYLE_ASSIGNMENT((#2772,#2777));
#2772 = SURFACE_STYLE_USAGE(.BOTH.,#2773);
#2773 = SURFACE_SIDE_STYLE('',(#2774));
#2774 = SURFACE_STYLE_FILL_AREA(#2775);
#2775 = FILL_AREA_STYLE('',(#2776));
#2776 = FILL_AREA_STYLE_COLOUR('',#2695);
#2777 = CURVE_STYLE('',#2778,POSITIVE_LENGTH_MEASURE(0.1),#2698);
#2778 = DRAUGHTING_PRE_DEFINED_CURVE_FONT('continuous');
#2779 = MECHANICAL_DESIGN_GEOMETRIC_PRESENTATION_REPRESENTATION('',(
    #2780),#2676);
#2780 = STYLED_ITEM('color',(#2781),#2077);
#2781 = PRESENTATION_STYLE_ASSIGNMENT((#2782,#2787));
#2782 = SURFACE_STYLE_USAGE(.BOTH.,#2783);
#2783 = SURFACE_SIDE_STYLE('',(#2784));
#2784 = SURFACE_STYLE_FILL_AREA(#2785);
#2785 = FILL_AREA_STYLE('',(#2786));
#2786 = FILL_AREA_STYLE_COLOUR('',#2695);
#2787 = CURVE_STYLE('',#2788,POSITIVE_LENGTH_MEASURE(0.1),#2698);
#2788 = DRAUGHTING_PRE_DEFINED_CURVE_FONT('continuous');
#2789 = MECHANICAL_DESIGN_GEOMETRIC_PRESENTATION_REPRESENTATION('',(
    #2790),#1126);
#2790 = STYLED_ITEM('color',(#2791),#1117);
#2791 = PRESENTATION_STYLE_ASSIGNMENT((#2792,#2797));
#2792 = SURFACE_STYLE_USAGE(.BOTH.,#2793);
#2793 = SURFACE_SIDE_STYLE('',(#2794));
#2794 = SURFACE_STYLE_FILL_AREA(#2795);
#2795 = FILL_AREA_STYLE('',(#2796));
#2796 = FILL_AREA_STYLE_COLOUR('',#2695);
#2797 = CURVE_STYLE('',#2798,POSITIVE_LENGTH_MEASURE(0.1),#2709);
#2798 = DRAUGHTING_PRE_DEFINED_CURVE_FONT('continuous');
ENDSEC;
END-ISO-10303-21;
