ISO-10303-21;
HEADER;
FILE_DESCRIPTION(('FreeCAD Model'),'2;1');
FILE_NAME('Open CASCADE Shape Model','2025-12-16T11:08:35',('Author'),(
    ''),'Open CASCADE STEP processor 7.6','FreeCAD','Unknown');
FILE_SCHEMA(('AUTOMOTIVE_DESIGN { 1 0 10303 214 1 1 1 1 }'));
ENDSEC;
DATA;
#1 = APPLICATION_PROTOCOL_DEFINITION('international standard',
  'automotive_design',2000,#2);
#2 = APPLICATION_CONTEXT(
  'core data for automotive mechanical design processes');
#3 = SHAPE_DEFINITION_REPRESENTATION(#4,#10);
#4 = PRODUCT_DEFINITION_SHAPE('','',#5);
#5 = PRODUCT_DEFINITION('design','',#6,#9);
#6 = PRODUCT_DEFINITION_FORMATION('','',#7);
#7 = PRODUCT('Mirrored','Mirrored','',(#8));
#8 = PRODUCT_CONTEXT('',#2,'mechanical');
#9 = PRODUCT_DEFINITION_CONTEXT('part definition',#2,'design');
#10 = ADVANCED_BREP_SHAPE_REPRESENTATION('',(#11,#15),#2321);
#11 = AXIS2_PLACEMENT_3D('',#12,#13,#14);
#12 = CARTESIAN_POINT('',(0.,0.,0.));
#13 = DIRECTION('',(0.,0.,1.));
#14 = DIRECTION('',(1.,0.,-0.));
#15 = MANIFOLD_SOLID_BREP('',#16);
#16 = CLOSED_SHELL('',(#17,#172,#203,#228,#336,#444,#469,#493,#533,#564,
    #588,#612,#636,#653,#684,#708,#732,#756,#780,#797,#837,#871,#888,
    #905,#922,#939,#956,#973,#990,#1007,#1136,#1265,#1290,#1310,#1335,
    #1360,#1377,#1394,#1411,#1428,#1481,#1498,#1515,#1527,#1544,#1561,
    #1578,#1626,#1643,#1780,#1797,#1814,#1831,#1843,#1868,#1893,#1905,
    #1922,#1954,#1985,#1997,#2029,#2053,#2077,#2101,#2125,#2143,#2174,
    #2198,#2222,#2246,#2270,#2287,#2304));
#17 = ADVANCED_FACE('',(#18,#117),#167,.T.);
#18 = FACE_BOUND('',#19,.T.);
#19 = EDGE_LOOP('',(#20,#30,#39,#47,#55,#63,#71,#79,#87,#95,#103,#111));
#20 = ORIENTED_EDGE('',*,*,#21,.T.);
#21 = EDGE_CURVE('',#22,#24,#26,.T.);
#22 = VERTEX_POINT('',#23);
#23 = CARTESIAN_POINT('',(-10.,0.,0.));
#24 = VERTEX_POINT('',#25);
#25 = CARTESIAN_POINT('',(-10.,3.E-15,8.));
#26 = LINE('',#27,#28);
#27 = CARTESIAN_POINT('',(-10.,0.,0.));
#28 = VECTOR('',#29,1.);
#29 = DIRECTION('',(0.,4.4E-16,1.));
#30 = ORIENTED_EDGE('',*,*,#31,.T.);
#31 = EDGE_CURVE('',#24,#32,#34,.T.);
#32 = VERTEX_POINT('',#33);
#33 = CARTESIAN_POINT('',(-10.,2.,10.));
#34 = CIRCLE('',#35,2.);
#35 = AXIS2_PLACEMENT_3D('',#36,#37,#38);
#36 = CARTESIAN_POINT('',(-10.,2.,8.));
#37 = DIRECTION('',(-1.,0.,0.));
#38 = DIRECTION('',(0.,0.,-1.));
#39 = ORIENTED_EDGE('',*,*,#40,.T.);
#40 = EDGE_CURVE('',#32,#41,#43,.T.);
#41 = VERTEX_POINT('',#42);
#42 = CARTESIAN_POINT('',(-10.,18.,10.));
#43 = LINE('',#44,#45);
#44 = CARTESIAN_POINT('',(-10.,4.E-15,10.));
#45 = VECTOR('',#46,1.);
#46 = DIRECTION('',(0.,1.,0.));
#47 = ORIENTED_EDGE('',*,*,#48,.F.);
#48 = EDGE_CURVE('',#49,#41,#51,.T.);
#49 = VERTEX_POINT('',#50);
#50 = CARTESIAN_POINT('',(-10.,18.,5.353847577293));
#51 = LINE('',#52,#53);
#52 = CARTESIAN_POINT('',(-10.,18.,-7.99E-15));
#53 = VECTOR('',#54,1.);
#54 = DIRECTION('',(0.,4.4E-16,1.));
#55 = ORIENTED_EDGE('',*,*,#56,.F.);
#56 = EDGE_CURVE('',#57,#49,#59,.T.);
#57 = VERTEX_POINT('',#58);
#58 = CARTESIAN_POINT('',(-10.,16.602146997001,7.775));
#59 = LINE('',#60,#61);
#60 = CARTESIAN_POINT('',(-10.,16.602146997001,7.775));
#61 = VECTOR('',#62,1.);
#62 = DIRECTION('',(-0.,0.5,-0.866025403784));
#63 = ORIENTED_EDGE('',*,*,#64,.F.);
#64 = EDGE_CURVE('',#65,#57,#67,.T.);
#65 = VERTEX_POINT('',#66);
#66 = CARTESIAN_POINT('',(-10.,13.397853002999,7.775));
#67 = LINE('',#68,#69);
#68 = CARTESIAN_POINT('',(-10.,13.397853002999,7.775));
#69 = VECTOR('',#70,1.);
#70 = DIRECTION('',(0.,1.,0.));
#71 = ORIENTED_EDGE('',*,*,#72,.F.);
#72 = EDGE_CURVE('',#73,#65,#75,.T.);
#73 = VERTEX_POINT('',#74);
#74 = CARTESIAN_POINT('',(-10.,11.795706005998,5.));
#75 = LINE('',#76,#77);
#76 = CARTESIAN_POINT('',(-10.,11.795706005998,5.));
#77 = VECTOR('',#78,1.);
#78 = DIRECTION('',(0.,0.5,0.866025403784));
#79 = ORIENTED_EDGE('',*,*,#80,.F.);
#80 = EDGE_CURVE('',#81,#73,#83,.T.);
#81 = VERTEX_POINT('',#82);
#82 = CARTESIAN_POINT('',(-10.,13.397853002999,2.225));
#83 = LINE('',#84,#85);
#84 = CARTESIAN_POINT('',(-10.,13.397853002999,2.225));
#85 = VECTOR('',#86,1.);
#86 = DIRECTION('',(0.,-0.5,0.866025403784));
#87 = ORIENTED_EDGE('',*,*,#88,.F.);
#88 = EDGE_CURVE('',#89,#81,#91,.T.);
#89 = VERTEX_POINT('',#90);
#90 = CARTESIAN_POINT('',(-10.,16.602146997001,2.225));
#91 = LINE('',#92,#93);
#92 = CARTESIAN_POINT('',(-10.,16.602146997001,2.225));
#93 = VECTOR('',#94,1.);
#94 = DIRECTION('',(0.,-1.,0.));
#95 = ORIENTED_EDGE('',*,*,#96,.F.);
#96 = EDGE_CURVE('',#97,#89,#99,.T.);
#97 = VERTEX_POINT('',#98);
#98 = CARTESIAN_POINT('',(-10.,18.,4.646152422707));
#99 = LINE('',#100,#101);
#100 = CARTESIAN_POINT('',(-10.,18.204293994002,5.));
#101 = VECTOR('',#102,1.);
#102 = DIRECTION('',(0.,-0.5,-0.866025403784));
#103 = ORIENTED_EDGE('',*,*,#104,.F.);
#104 = EDGE_CURVE('',#105,#97,#107,.T.);
#105 = VERTEX_POINT('',#106);
#106 = CARTESIAN_POINT('',(-10.,18.,-8.E-15));
#107 = LINE('',#108,#109);
#108 = CARTESIAN_POINT('',(-10.,18.,-7.99E-15));
#109 = VECTOR('',#110,1.);
#110 = DIRECTION('',(0.,4.4E-16,1.));
#111 = ORIENTED_EDGE('',*,*,#112,.F.);
#112 = EDGE_CURVE('',#22,#105,#113,.T.);
#113 = LINE('',#114,#115);
#114 = CARTESIAN_POINT('',(-10.,0.,0.));
#115 = VECTOR('',#116,1.);
#116 = DIRECTION('',(0.,1.,0.));
#117 = FACE_BOUND('',#118,.T.);
#118 = EDGE_LOOP('',(#119,#129,#137,#145,#153,#161));
#119 = ORIENTED_EDGE('',*,*,#120,.F.);
#120 = EDGE_CURVE('',#121,#123,#125,.T.);
#121 = VERTEX_POINT('',#122);
#122 = CARTESIAN_POINT('',(-10.,1.795706005998,5.));
#123 = VERTEX_POINT('',#124);
#124 = CARTESIAN_POINT('',(-10.,3.397853002999,7.775));
#125 = LINE('',#126,#127);
#126 = CARTESIAN_POINT('',(-10.,1.795706005998,5.));
#127 = VECTOR('',#128,1.);
#128 = DIRECTION('',(0.,0.5,0.866025403784));
#129 = ORIENTED_EDGE('',*,*,#130,.F.);
#130 = EDGE_CURVE('',#131,#121,#133,.T.);
#131 = VERTEX_POINT('',#132);
#132 = CARTESIAN_POINT('',(-10.,3.397853002998,2.225));
#133 = LINE('',#134,#135);
#134 = CARTESIAN_POINT('',(-10.,3.397853002998,2.225));
#135 = VECTOR('',#136,1.);
#136 = DIRECTION('',(0.,-0.5,0.866025403785));
#137 = ORIENTED_EDGE('',*,*,#138,.F.);
#138 = EDGE_CURVE('',#139,#131,#141,.T.);
#139 = VERTEX_POINT('',#140);
#140 = CARTESIAN_POINT('',(-10.,6.602146997003,2.224999999999));
#141 = LINE('',#142,#143);
#142 = CARTESIAN_POINT('',(-10.,6.602146997003,2.224999999999));
#143 = VECTOR('',#144,1.);
#144 = DIRECTION('',(0.,-1.,1.9763E-13));
#145 = ORIENTED_EDGE('',*,*,#146,.F.);
#146 = EDGE_CURVE('',#147,#139,#149,.T.);
#147 = VERTEX_POINT('',#148);
#148 = CARTESIAN_POINT('',(-10.,8.204293994002,5.));
#149 = LINE('',#150,#151);
#150 = CARTESIAN_POINT('',(-10.,8.204293994002,5.));
#151 = VECTOR('',#152,1.);
#152 = DIRECTION('',(0.,-0.5,-0.866025403785));
#153 = ORIENTED_EDGE('',*,*,#154,.F.);
#154 = EDGE_CURVE('',#155,#147,#157,.T.);
#155 = VERTEX_POINT('',#156);
#156 = CARTESIAN_POINT('',(-10.,6.602146997001,7.775));
#157 = LINE('',#158,#159);
#158 = CARTESIAN_POINT('',(-10.,6.602146997001,7.775));
#159 = VECTOR('',#160,1.);
#160 = DIRECTION('',(-0.,0.5,-0.866025403784));
#161 = ORIENTED_EDGE('',*,*,#162,.F.);
#162 = EDGE_CURVE('',#123,#155,#163,.T.);
#163 = LINE('',#164,#165);
#164 = CARTESIAN_POINT('',(-10.,3.397853002999,7.775));
#165 = VECTOR('',#166,1.);
#166 = DIRECTION('',(0.,1.,0.));
#167 = PLANE('',#168);
#168 = AXIS2_PLACEMENT_3D('',#169,#170,#171);
#169 = CARTESIAN_POINT('',(-10.,0.,0.));
#170 = DIRECTION('',(-1.,0.,0.));
#171 = DIRECTION('',(0.,1.,-4.4E-16));
#172 = ADVANCED_FACE('',(#173),#198,.T.);
#173 = FACE_BOUND('',#174,.T.);
#174 = EDGE_LOOP('',(#175,#185,#191,#192));
#175 = ORIENTED_EDGE('',*,*,#176,.T.);
#176 = EDGE_CURVE('',#177,#179,#181,.T.);
#177 = VERTEX_POINT('',#178);
#178 = CARTESIAN_POINT('',(0.,0.,0.));
#179 = VERTEX_POINT('',#180);
#180 = CARTESIAN_POINT('',(0.,3.E-15,8.));
#181 = LINE('',#182,#183);
#182 = CARTESIAN_POINT('',(0.,0.,0.));
#183 = VECTOR('',#184,1.);
#184 = DIRECTION('',(0.,4.4E-16,1.));
#185 = ORIENTED_EDGE('',*,*,#186,.T.);
#186 = EDGE_CURVE('',#179,#24,#187,.T.);
#187 = LINE('',#188,#189);
#188 = CARTESIAN_POINT('',(0.,2.66E-15,8.));
#189 = VECTOR('',#190,1.);
#190 = DIRECTION('',(-1.,0.,0.));
#191 = ORIENTED_EDGE('',*,*,#21,.F.);
#192 = ORIENTED_EDGE('',*,*,#193,.F.);
#193 = EDGE_CURVE('',#177,#22,#194,.T.);
#194 = LINE('',#195,#196);
#195 = CARTESIAN_POINT('',(0.,0.,0.));
#196 = VECTOR('',#197,1.);
#197 = DIRECTION('',(-1.,0.,0.));
#198 = PLANE('',#199);
#199 = AXIS2_PLACEMENT_3D('',#200,#201,#202);
#200 = CARTESIAN_POINT('',(0.,0.,0.));
#201 = DIRECTION('',(0.,-1.,4.4E-16));
#202 = DIRECTION('',(-1.,0.,0.));
#203 = ADVANCED_FACE('',(#204),#223,.T.);
#204 = FACE_BOUND('',#205,.T.);
#205 = EDGE_LOOP('',(#206,#215,#221,#222));
#206 = ORIENTED_EDGE('',*,*,#207,.T.);
#207 = EDGE_CURVE('',#179,#208,#210,.T.);
#208 = VERTEX_POINT('',#209);
#209 = CARTESIAN_POINT('',(-1.4E-14,2.,10.));
#210 = CIRCLE('',#211,2.);
#211 = AXIS2_PLACEMENT_3D('',#212,#213,#214);
#212 = CARTESIAN_POINT('',(0.,2.,8.));
#213 = DIRECTION('',(-1.,0.,0.));
#214 = DIRECTION('',(0.,0.,-1.));
#215 = ORIENTED_EDGE('',*,*,#216,.T.);
#216 = EDGE_CURVE('',#208,#32,#217,.T.);
#217 = LINE('',#218,#219);
#218 = CARTESIAN_POINT('',(0.,2.,10.));
#219 = VECTOR('',#220,1.);
#220 = DIRECTION('',(-1.,0.,0.));
#221 = ORIENTED_EDGE('',*,*,#31,.F.);
#222 = ORIENTED_EDGE('',*,*,#186,.F.);
#223 = CYLINDRICAL_SURFACE('',#224,2.);
#224 = AXIS2_PLACEMENT_3D('',#225,#226,#227);
#225 = CARTESIAN_POINT('',(0.,2.,8.));
#226 = DIRECTION('',(-1.,0.,0.));
#227 = DIRECTION('',(0.,-1.,4.4E-16));
#228 = ADVANCED_FACE('',(#229),#331,.T.);
#229 = FACE_BOUND('',#230,.T.);
#230 = EDGE_LOOP('',(#231,#232,#241,#249,#258,#266,#275,#283,#291,#299,
    #307,#316,#324,#330));
#231 = ORIENTED_EDGE('',*,*,#112,.T.);
#232 = ORIENTED_EDGE('',*,*,#233,.T.);
#233 = EDGE_CURVE('',#105,#234,#236,.T.);
#234 = VERTEX_POINT('',#235);
#235 = CARTESIAN_POINT('',(-12.,20.,-9.E-15));
#236 = CIRCLE('',#237,2.);
#237 = AXIS2_PLACEMENT_3D('',#238,#239,#240);
#238 = CARTESIAN_POINT('',(-12.,18.,-7.99E-15));
#239 = DIRECTION('',(-0.,4.4E-16,1.));
#240 = DIRECTION('',(0.,-1.,4.4E-16));
#241 = ORIENTED_EDGE('',*,*,#242,.T.);
#242 = EDGE_CURVE('',#234,#243,#245,.T.);
#243 = VERTEX_POINT('',#244);
#244 = CARTESIAN_POINT('',(-33.,20.,-9.E-15));
#245 = LINE('',#246,#247);
#246 = CARTESIAN_POINT('',(-10.,20.,0.));
#247 = VECTOR('',#248,1.);
#248 = DIRECTION('',(-1.,0.,0.));
#249 = ORIENTED_EDGE('',*,*,#250,.T.);
#250 = EDGE_CURVE('',#243,#251,#253,.T.);
#251 = VERTEX_POINT('',#252);
#252 = CARTESIAN_POINT('',(-35.,18.,-8.E-15));
#253 = CIRCLE('',#254,2.);
#254 = AXIS2_PLACEMENT_3D('',#255,#256,#257);
#255 = CARTESIAN_POINT('',(-33.,18.,-7.99E-15));
#256 = DIRECTION('',(-0.,4.4E-16,1.));
#257 = DIRECTION('',(0.,-1.,4.4E-16));
#258 = ORIENTED_EDGE('',*,*,#259,.T.);
#259 = EDGE_CURVE('',#251,#260,#262,.T.);
#260 = VERTEX_POINT('',#261);
#261 = CARTESIAN_POINT('',(-35.,12.,-5.E-15));
#262 = LINE('',#263,#264);
#263 = CARTESIAN_POINT('',(-35.,20.,0.));
#264 = VECTOR('',#265,1.);
#265 = DIRECTION('',(0.,-1.,0.));
#266 = ORIENTED_EDGE('',*,*,#267,.T.);
#267 = EDGE_CURVE('',#260,#268,#270,.T.);
#268 = VERTEX_POINT('',#269);
#269 = CARTESIAN_POINT('',(-37.,10.,-4.E-15));
#270 = CIRCLE('',#271,2.);
#271 = AXIS2_PLACEMENT_3D('',#272,#273,#274);
#272 = CARTESIAN_POINT('',(-37.,12.,-5.33E-15));
#273 = DIRECTION('',(-0.,-4.4E-16,-1.));
#274 = DIRECTION('',(0.,-1.,4.4E-16));
#275 = ORIENTED_EDGE('',*,*,#276,.T.);
#276 = EDGE_CURVE('',#268,#277,#279,.T.);
#277 = VERTEX_POINT('',#278);
#278 = CARTESIAN_POINT('',(-90.,10.,-4.E-15));
#279 = LINE('',#280,#281);
#280 = CARTESIAN_POINT('',(-35.,10.,0.));
#281 = VECTOR('',#282,1.);
#282 = DIRECTION('',(-1.,0.,0.));
#283 = ORIENTED_EDGE('',*,*,#284,.F.);
#284 = EDGE_CURVE('',#285,#277,#287,.T.);
#285 = VERTEX_POINT('',#286);
#286 = CARTESIAN_POINT('',(-90.,20.,-9.E-15));
#287 = LINE('',#288,#289);
#288 = CARTESIAN_POINT('',(-90.,20.,0.));
#289 = VECTOR('',#290,1.);
#290 = DIRECTION('',(0.,-1.,0.));
#291 = ORIENTED_EDGE('',*,*,#292,.F.);
#292 = EDGE_CURVE('',#293,#285,#295,.T.);
#293 = VERTEX_POINT('',#294);
#294 = CARTESIAN_POINT('',(-45.,20.,0.));
#295 = LINE('',#296,#297);
#296 = CARTESIAN_POINT('',(-45.,20.,0.));
#297 = VECTOR('',#298,1.);
#298 = DIRECTION('',(-1.,0.,0.));
#299 = ORIENTED_EDGE('',*,*,#300,.F.);
#300 = EDGE_CURVE('',#301,#293,#303,.T.);
#301 = VERTEX_POINT('',#302);
#302 = CARTESIAN_POINT('',(-45.,28.,-1.2E-14));
#303 = LINE('',#304,#305);
#304 = CARTESIAN_POINT('',(-45.,30.,0.));
#305 = VECTOR('',#306,1.);
#306 = DIRECTION('',(0.,-1.,0.));
#307 = ORIENTED_EDGE('',*,*,#308,.F.);
#308 = EDGE_CURVE('',#309,#301,#311,.T.);
#309 = VERTEX_POINT('',#310);
#310 = CARTESIAN_POINT('',(-43.,30.,-1.3E-14));
#311 = CIRCLE('',#312,2.);
#312 = AXIS2_PLACEMENT_3D('',#313,#314,#315);
#313 = CARTESIAN_POINT('',(-43.,28.,-1.243E-14));
#314 = DIRECTION('',(-0.,4.4E-16,1.));
#315 = DIRECTION('',(0.,-1.,4.4E-16));
#316 = ORIENTED_EDGE('',*,*,#317,.F.);
#317 = EDGE_CURVE('',#318,#309,#320,.T.);
#318 = VERTEX_POINT('',#319);
#319 = CARTESIAN_POINT('',(0.,30.,0.));
#320 = LINE('',#321,#322);
#321 = CARTESIAN_POINT('',(0.,30.,0.));
#322 = VECTOR('',#323,1.);
#323 = DIRECTION('',(-1.,0.,0.));
#324 = ORIENTED_EDGE('',*,*,#325,.F.);
#325 = EDGE_CURVE('',#177,#318,#326,.T.);
#326 = LINE('',#327,#328);
#327 = CARTESIAN_POINT('',(0.,0.,0.));
#328 = VECTOR('',#329,1.);
#329 = DIRECTION('',(0.,1.,0.));
#330 = ORIENTED_EDGE('',*,*,#193,.T.);
#331 = PLANE('',#332);
#332 = AXIS2_PLACEMENT_3D('',#333,#334,#335);
#333 = CARTESIAN_POINT('',(-38.46153846153,17.307692307692,-3.84E-15));
#334 = DIRECTION('',(0.,-2.2E-16,-1.));
#335 = DIRECTION('',(0.,1.,-2.2E-16));
#336 = ADVANCED_FACE('',(#337),#439,.F.);
#337 = FACE_BOUND('',#338,.F.);
#338 = EDGE_LOOP('',(#339,#340,#349,#357,#366,#374,#383,#391,#399,#407,
    #415,#424,#432,#438));
#339 = ORIENTED_EDGE('',*,*,#40,.T.);
#340 = ORIENTED_EDGE('',*,*,#341,.T.);
#341 = EDGE_CURVE('',#41,#342,#344,.T.);
#342 = VERTEX_POINT('',#343);
#343 = CARTESIAN_POINT('',(-12.,20.,10.));
#344 = CIRCLE('',#345,2.);
#345 = AXIS2_PLACEMENT_3D('',#346,#347,#348);
#346 = CARTESIAN_POINT('',(-12.,18.,10.));
#347 = DIRECTION('',(-0.,4.4E-16,1.));
#348 = DIRECTION('',(0.,-1.,4.4E-16));
#349 = ORIENTED_EDGE('',*,*,#350,.T.);
#350 = EDGE_CURVE('',#342,#351,#353,.T.);
#351 = VERTEX_POINT('',#352);
#352 = CARTESIAN_POINT('',(-33.,20.,10.));
#353 = LINE('',#354,#355);
#354 = CARTESIAN_POINT('',(-10.,20.,10.));
#355 = VECTOR('',#356,1.);
#356 = DIRECTION('',(-1.,0.,0.));
#357 = ORIENTED_EDGE('',*,*,#358,.T.);
#358 = EDGE_CURVE('',#351,#359,#361,.T.);
#359 = VERTEX_POINT('',#360);
#360 = CARTESIAN_POINT('',(-35.,18.,10.));
#361 = CIRCLE('',#362,2.);
#362 = AXIS2_PLACEMENT_3D('',#363,#364,#365);
#363 = CARTESIAN_POINT('',(-33.,18.,10.));
#364 = DIRECTION('',(-0.,4.4E-16,1.));
#365 = DIRECTION('',(0.,-1.,4.4E-16));
#366 = ORIENTED_EDGE('',*,*,#367,.T.);
#367 = EDGE_CURVE('',#359,#368,#370,.T.);
#368 = VERTEX_POINT('',#369);
#369 = CARTESIAN_POINT('',(-35.,12.,10.));
#370 = LINE('',#371,#372);
#371 = CARTESIAN_POINT('',(-35.,20.,10.));
#372 = VECTOR('',#373,1.);
#373 = DIRECTION('',(0.,-1.,0.));
#374 = ORIENTED_EDGE('',*,*,#375,.T.);
#375 = EDGE_CURVE('',#368,#376,#378,.T.);
#376 = VERTEX_POINT('',#377);
#377 = CARTESIAN_POINT('',(-37.,10.,10.));
#378 = CIRCLE('',#379,2.);
#379 = AXIS2_PLACEMENT_3D('',#380,#381,#382);
#380 = CARTESIAN_POINT('',(-37.,12.,10.));
#381 = DIRECTION('',(-0.,-4.4E-16,-1.));
#382 = DIRECTION('',(0.,-1.,4.4E-16));
#383 = ORIENTED_EDGE('',*,*,#384,.T.);
#384 = EDGE_CURVE('',#376,#385,#387,.T.);
#385 = VERTEX_POINT('',#386);
#386 = CARTESIAN_POINT('',(-90.,10.,10.));
#387 = LINE('',#388,#389);
#388 = CARTESIAN_POINT('',(-35.,10.,10.));
#389 = VECTOR('',#390,1.);
#390 = DIRECTION('',(-1.,0.,0.));
#391 = ORIENTED_EDGE('',*,*,#392,.F.);
#392 = EDGE_CURVE('',#393,#385,#395,.T.);
#393 = VERTEX_POINT('',#394);
#394 = CARTESIAN_POINT('',(-90.,20.,10.));
#395 = LINE('',#396,#397);
#396 = CARTESIAN_POINT('',(-90.,20.,10.));
#397 = VECTOR('',#398,1.);
#398 = DIRECTION('',(0.,-1.,0.));
#399 = ORIENTED_EDGE('',*,*,#400,.F.);
#400 = EDGE_CURVE('',#401,#393,#403,.T.);
#401 = VERTEX_POINT('',#402);
#402 = CARTESIAN_POINT('',(-45.,20.,10.));
#403 = LINE('',#404,#405);
#404 = CARTESIAN_POINT('',(-45.,20.,10.));
#405 = VECTOR('',#406,1.);
#406 = DIRECTION('',(-1.,0.,0.));
#407 = ORIENTED_EDGE('',*,*,#408,.F.);
#408 = EDGE_CURVE('',#409,#401,#411,.T.);
#409 = VERTEX_POINT('',#410);
#410 = CARTESIAN_POINT('',(-45.,28.,10.));
#411 = LINE('',#412,#413);
#412 = CARTESIAN_POINT('',(-45.,30.,10.));
#413 = VECTOR('',#414,1.);
#414 = DIRECTION('',(0.,-1.,0.));
#415 = ORIENTED_EDGE('',*,*,#416,.F.);
#416 = EDGE_CURVE('',#417,#409,#419,.T.);
#417 = VERTEX_POINT('',#418);
#418 = CARTESIAN_POINT('',(-43.,30.,10.));
#419 = CIRCLE('',#420,2.);
#420 = AXIS2_PLACEMENT_3D('',#421,#422,#423);
#421 = CARTESIAN_POINT('',(-43.,28.,10.));
#422 = DIRECTION('',(-0.,4.4E-16,1.));
#423 = DIRECTION('',(0.,-1.,4.4E-16));
#424 = ORIENTED_EDGE('',*,*,#425,.F.);
#425 = EDGE_CURVE('',#426,#417,#428,.T.);
#426 = VERTEX_POINT('',#427);
#427 = CARTESIAN_POINT('',(0.,30.,10.));
#428 = LINE('',#429,#430);
#429 = CARTESIAN_POINT('',(0.,30.,10.));
#430 = VECTOR('',#431,1.);
#431 = DIRECTION('',(-1.,0.,0.));
#432 = ORIENTED_EDGE('',*,*,#433,.F.);
#433 = EDGE_CURVE('',#208,#426,#434,.T.);
#434 = LINE('',#435,#436);
#435 = CARTESIAN_POINT('',(0.,4.E-15,10.));
#436 = VECTOR('',#437,1.);
#437 = DIRECTION('',(0.,1.,0.));
#438 = ORIENTED_EDGE('',*,*,#216,.T.);
#439 = PLANE('',#440);
#440 = AXIS2_PLACEMENT_3D('',#441,#442,#443);
#441 = CARTESIAN_POINT('',(-38.46153846153,17.307692307692,10.));
#442 = DIRECTION('',(0.,-2.2E-16,-1.));
#443 = DIRECTION('',(0.,1.,-2.2E-16));
#444 = ADVANCED_FACE('',(#445),#464,.F.);
#445 = FACE_BOUND('',#446,.F.);
#446 = EDGE_LOOP('',(#447,#448,#456,#463));
#447 = ORIENTED_EDGE('',*,*,#233,.T.);
#448 = ORIENTED_EDGE('',*,*,#449,.T.);
#449 = EDGE_CURVE('',#234,#450,#452,.T.);
#450 = VERTEX_POINT('',#451);
#451 = CARTESIAN_POINT('',(-12.,20.,4.646152422707));
#452 = LINE('',#453,#454);
#453 = CARTESIAN_POINT('',(-12.,20.,-8.88E-15));
#454 = VECTOR('',#455,1.);
#455 = DIRECTION('',(0.,4.4E-16,1.));
#456 = ORIENTED_EDGE('',*,*,#457,.F.);
#457 = EDGE_CURVE('',#97,#450,#458,.T.);
#458 = CIRCLE('',#459,2.);
#459 = AXIS2_PLACEMENT_3D('',#460,#461,#462);
#460 = CARTESIAN_POINT('',(-12.,18.,4.646152422707));
#461 = DIRECTION('',(-0.,4.4E-16,1.));
#462 = DIRECTION('',(1.,0.,0.));
#463 = ORIENTED_EDGE('',*,*,#104,.F.);
#464 = CYLINDRICAL_SURFACE('',#465,2.);
#465 = AXIS2_PLACEMENT_3D('',#466,#467,#468);
#466 = CARTESIAN_POINT('',(-12.,18.,-7.99E-15));
#467 = DIRECTION('',(0.,4.4E-16,1.));
#468 = DIRECTION('',(1.,0.,0.));
#469 = ADVANCED_FACE('',(#470),#488,.F.);
#470 = FACE_BOUND('',#471,.F.);
#471 = EDGE_LOOP('',(#472,#480,#486,#487));
#472 = ORIENTED_EDGE('',*,*,#473,.T.);
#473 = EDGE_CURVE('',#49,#474,#476,.T.);
#474 = VERTEX_POINT('',#475);
#475 = CARTESIAN_POINT('',(-12.,20.,5.353847577293));
#476 = ( BOUNDED_CURVE() B_SPLINE_CURVE(2,(#477,#478,#479),
.UNSPECIFIED.,.F.,.F.) B_SPLINE_CURVE_WITH_KNOTS((3,3),(0.,
0.353847577293),.PIECEWISE_BEZIER_KNOTS.) CURVE() 
GEOMETRIC_REPRESENTATION_ITEM() RATIONAL_B_SPLINE_CURVE((1.,
0.707106781187,1.)) REPRESENTATION_ITEM('') );
#477 = CARTESIAN_POINT('',(-10.,18.,5.353847577293));
#478 = CARTESIAN_POINT('',(-10.,20.,5.353847577293));
#479 = CARTESIAN_POINT('',(-12.,20.,5.353847577293));
#480 = ORIENTED_EDGE('',*,*,#481,.T.);
#481 = EDGE_CURVE('',#474,#342,#482,.T.);
#482 = LINE('',#483,#484);
#483 = CARTESIAN_POINT('',(-12.,20.,-8.88E-15));
#484 = VECTOR('',#485,1.);
#485 = DIRECTION('',(0.,4.4E-16,1.));
#486 = ORIENTED_EDGE('',*,*,#341,.F.);
#487 = ORIENTED_EDGE('',*,*,#48,.F.);
#488 = CYLINDRICAL_SURFACE('',#489,2.);
#489 = AXIS2_PLACEMENT_3D('',#490,#491,#492);
#490 = CARTESIAN_POINT('',(-12.,18.,-7.99E-15));
#491 = DIRECTION('',(0.,4.4E-16,1.));
#492 = DIRECTION('',(1.,0.,0.));
#493 = ADVANCED_FACE('',(#494),#528,.F.);
#494 = FACE_BOUND('',#495,.F.);
#495 = EDGE_LOOP('',(#496,#497,#506,#514,#522));
#496 = ORIENTED_EDGE('',*,*,#96,.F.);
#497 = ORIENTED_EDGE('',*,*,#498,.T.);
#498 = EDGE_CURVE('',#97,#499,#501,.T.);
#499 = VERTEX_POINT('',#500);
#500 = CARTESIAN_POINT('',(-10.,18.204293994002,5.));
#501 = ( BOUNDED_CURVE() B_SPLINE_CURVE(3,(#502,#503,#504,#505),
.UNSPECIFIED.,.F.,.F.) B_SPLINE_CURVE_WITH_KNOTS((4,4),(4.646152422707,
5.),.PIECEWISE_BEZIER_KNOTS.) CURVE() GEOMETRIC_REPRESENTATION_ITEM() 
RATIONAL_B_SPLINE_CURVE((1.,1.,1.,1.)) REPRESENTATION_ITEM('') );
#502 = CARTESIAN_POINT('',(-10.,18.,4.646152422707));
#503 = CARTESIAN_POINT('',(-10.,18.068097998001,4.764101615138));
#504 = CARTESIAN_POINT('',(-10.,18.136195996002,4.882050807569));
#505 = CARTESIAN_POINT('',(-10.,18.204293994002,5.));
#506 = ORIENTED_EDGE('',*,*,#507,.T.);
#507 = EDGE_CURVE('',#499,#508,#510,.T.);
#508 = VERTEX_POINT('',#509);
#509 = CARTESIAN_POINT('',(-5.,18.204293994002,5.));
#510 = LINE('',#511,#512);
#511 = CARTESIAN_POINT('',(-10.,18.204293994002,5.));
#512 = VECTOR('',#513,1.);
#513 = DIRECTION('',(1.,2.2E-16,0.));
#514 = ORIENTED_EDGE('',*,*,#515,.T.);
#515 = EDGE_CURVE('',#508,#516,#518,.T.);
#516 = VERTEX_POINT('',#517);
#517 = CARTESIAN_POINT('',(-5.,16.602146997001,2.225));
#518 = LINE('',#519,#520);
#519 = CARTESIAN_POINT('',(-5.,18.204293994002,5.));
#520 = VECTOR('',#521,1.);
#521 = DIRECTION('',(0.,-0.5,-0.866025403784));
#522 = ORIENTED_EDGE('',*,*,#523,.F.);
#523 = EDGE_CURVE('',#89,#516,#524,.T.);
#524 = LINE('',#525,#526);
#525 = CARTESIAN_POINT('',(-10.,16.602146997001,2.225));
#526 = VECTOR('',#527,1.);
#527 = DIRECTION('',(1.,2.2E-16,0.));
#528 = PLANE('',#529);
#529 = AXIS2_PLACEMENT_3D('',#530,#531,#532);
#530 = CARTESIAN_POINT('',(-10.,18.204293994002,5.));
#531 = DIRECTION('',(-1.9E-16,0.866025403784,-0.5));
#532 = DIRECTION('',(1.1E-16,-0.5,-0.866025403784));
#533 = ADVANCED_FACE('',(#534),#559,.F.);
#534 = FACE_BOUND('',#535,.F.);
#535 = EDGE_LOOP('',(#536,#537,#545,#551,#552));
#536 = ORIENTED_EDGE('',*,*,#56,.F.);
#537 = ORIENTED_EDGE('',*,*,#538,.T.);
#538 = EDGE_CURVE('',#57,#539,#541,.T.);
#539 = VERTEX_POINT('',#540);
#540 = CARTESIAN_POINT('',(-5.,16.602146997001,7.775));
#541 = LINE('',#542,#543);
#542 = CARTESIAN_POINT('',(-10.,16.602146997001,7.775));
#543 = VECTOR('',#544,1.);
#544 = DIRECTION('',(1.,2.2E-16,0.));
#545 = ORIENTED_EDGE('',*,*,#546,.T.);
#546 = EDGE_CURVE('',#539,#508,#547,.T.);
#547 = LINE('',#548,#549);
#548 = CARTESIAN_POINT('',(-5.,16.602146997001,7.775));
#549 = VECTOR('',#550,1.);
#550 = DIRECTION('',(-0.,0.5,-0.866025403784));
#551 = ORIENTED_EDGE('',*,*,#507,.F.);
#552 = ORIENTED_EDGE('',*,*,#553,.T.);
#553 = EDGE_CURVE('',#499,#49,#554,.T.);
#554 = ( BOUNDED_CURVE() B_SPLINE_CURVE(3,(#555,#556,#557,#558),
.UNSPECIFIED.,.F.,.F.) B_SPLINE_CURVE_WITH_KNOTS((4,4),(5.,
5.353847577293),.PIECEWISE_BEZIER_KNOTS.) CURVE() 
GEOMETRIC_REPRESENTATION_ITEM() RATIONAL_B_SPLINE_CURVE((1.,1.,1.,1.)) 
REPRESENTATION_ITEM('') );
#555 = CARTESIAN_POINT('',(-10.,18.204293994002,5.));
#556 = CARTESIAN_POINT('',(-10.,18.136195996002,5.117949192431));
#557 = CARTESIAN_POINT('',(-10.,18.068097998001,5.235898384862));
#558 = CARTESIAN_POINT('',(-10.,18.,5.353847577293));
#559 = PLANE('',#560);
#560 = AXIS2_PLACEMENT_3D('',#561,#562,#563);
#561 = CARTESIAN_POINT('',(-10.,16.602146997001,7.775));
#562 = DIRECTION('',(-1.9E-16,0.866025403784,0.5));
#563 = DIRECTION('',(-1.1E-16,0.5,-0.866025403784));
#564 = ADVANCED_FACE('',(#565),#583,.F.);
#565 = FACE_BOUND('',#566,.F.);
#566 = EDGE_LOOP('',(#567,#568,#576,#582));
#567 = ORIENTED_EDGE('',*,*,#523,.T.);
#568 = ORIENTED_EDGE('',*,*,#569,.T.);
#569 = EDGE_CURVE('',#516,#570,#572,.T.);
#570 = VERTEX_POINT('',#571);
#571 = CARTESIAN_POINT('',(-5.,13.397853002999,2.225));
#572 = LINE('',#573,#574);
#573 = CARTESIAN_POINT('',(-5.,16.602146997001,2.225));
#574 = VECTOR('',#575,1.);
#575 = DIRECTION('',(0.,-1.,0.));
#576 = ORIENTED_EDGE('',*,*,#577,.F.);
#577 = EDGE_CURVE('',#81,#570,#578,.T.);
#578 = LINE('',#579,#580);
#579 = CARTESIAN_POINT('',(-10.,13.397853002999,2.225));
#580 = VECTOR('',#581,1.);
#581 = DIRECTION('',(1.,2.2E-16,0.));
#582 = ORIENTED_EDGE('',*,*,#88,.F.);
#583 = PLANE('',#584);
#584 = AXIS2_PLACEMENT_3D('',#585,#586,#587);
#585 = CARTESIAN_POINT('',(-10.,16.602146997001,2.225));
#586 = DIRECTION('',(0.,-2.2E-16,-1.));
#587 = DIRECTION('',(2.2E-16,-1.,2.2E-16));
#588 = ADVANCED_FACE('',(#589),#607,.F.);
#589 = FACE_BOUND('',#590,.F.);
#590 = EDGE_LOOP('',(#591,#599,#605,#606));
#591 = ORIENTED_EDGE('',*,*,#592,.T.);
#592 = EDGE_CURVE('',#65,#593,#595,.T.);
#593 = VERTEX_POINT('',#594);
#594 = CARTESIAN_POINT('',(-5.,13.397853002999,7.775));
#595 = LINE('',#596,#597);
#596 = CARTESIAN_POINT('',(-10.,13.397853002999,7.775));
#597 = VECTOR('',#598,1.);
#598 = DIRECTION('',(1.,2.2E-16,0.));
#599 = ORIENTED_EDGE('',*,*,#600,.T.);
#600 = EDGE_CURVE('',#593,#539,#601,.T.);
#601 = LINE('',#602,#603);
#602 = CARTESIAN_POINT('',(-5.,13.397853002999,7.775));
#603 = VECTOR('',#604,1.);
#604 = DIRECTION('',(0.,1.,0.));
#605 = ORIENTED_EDGE('',*,*,#538,.F.);
#606 = ORIENTED_EDGE('',*,*,#64,.F.);
#607 = PLANE('',#608);
#608 = AXIS2_PLACEMENT_3D('',#609,#610,#611);
#609 = CARTESIAN_POINT('',(-10.,13.397853002999,7.775));
#610 = DIRECTION('',(0.,2.2E-16,1.));
#611 = DIRECTION('',(-2.2E-16,1.,-2.2E-16));
#612 = ADVANCED_FACE('',(#613),#631,.F.);
#613 = FACE_BOUND('',#614,.F.);
#614 = EDGE_LOOP('',(#615,#616,#624,#630));
#615 = ORIENTED_EDGE('',*,*,#577,.T.);
#616 = ORIENTED_EDGE('',*,*,#617,.T.);
#617 = EDGE_CURVE('',#570,#618,#620,.T.);
#618 = VERTEX_POINT('',#619);
#619 = CARTESIAN_POINT('',(-5.,11.795706005998,5.));
#620 = LINE('',#621,#622);
#621 = CARTESIAN_POINT('',(-5.,13.397853002999,2.225));
#622 = VECTOR('',#623,1.);
#623 = DIRECTION('',(0.,-0.5,0.866025403784));
#624 = ORIENTED_EDGE('',*,*,#625,.F.);
#625 = EDGE_CURVE('',#73,#618,#626,.T.);
#626 = LINE('',#627,#628);
#627 = CARTESIAN_POINT('',(-10.,11.795706005998,5.));
#628 = VECTOR('',#629,1.);
#629 = DIRECTION('',(1.,2.2E-16,0.));
#630 = ORIENTED_EDGE('',*,*,#80,.F.);
#631 = PLANE('',#632);
#632 = AXIS2_PLACEMENT_3D('',#633,#634,#635);
#633 = CARTESIAN_POINT('',(-10.,13.397853002999,2.225));
#634 = DIRECTION('',(1.9E-16,-0.866025403784,-0.5));
#635 = DIRECTION('',(1.1E-16,-0.5,0.866025403784));
#636 = ADVANCED_FACE('',(#637),#648,.F.);
#637 = FACE_BOUND('',#638,.F.);
#638 = EDGE_LOOP('',(#639,#640,#646,#647));
#639 = ORIENTED_EDGE('',*,*,#625,.T.);
#640 = ORIENTED_EDGE('',*,*,#641,.T.);
#641 = EDGE_CURVE('',#618,#593,#642,.T.);
#642 = LINE('',#643,#644);
#643 = CARTESIAN_POINT('',(-5.,11.795706005998,5.));
#644 = VECTOR('',#645,1.);
#645 = DIRECTION('',(0.,0.5,0.866025403784));
#646 = ORIENTED_EDGE('',*,*,#592,.F.);
#647 = ORIENTED_EDGE('',*,*,#72,.F.);
#648 = PLANE('',#649);
#649 = AXIS2_PLACEMENT_3D('',#650,#651,#652);
#650 = CARTESIAN_POINT('',(-10.,11.795706005998,5.));
#651 = DIRECTION('',(1.9E-16,-0.866025403784,0.5));
#652 = DIRECTION('',(-1.1E-16,0.5,0.866025403784));
#653 = ADVANCED_FACE('',(#654),#679,.F.);
#654 = FACE_BOUND('',#655,.F.);
#655 = EDGE_LOOP('',(#656,#664,#672,#678));
#656 = ORIENTED_EDGE('',*,*,#657,.T.);
#657 = EDGE_CURVE('',#121,#658,#660,.T.);
#658 = VERTEX_POINT('',#659);
#659 = CARTESIAN_POINT('',(-5.,1.795706005998,5.));
#660 = LINE('',#661,#662);
#661 = CARTESIAN_POINT('',(-10.,1.795706005998,5.));
#662 = VECTOR('',#663,1.);
#663 = DIRECTION('',(1.,2.2E-16,0.));
#664 = ORIENTED_EDGE('',*,*,#665,.T.);
#665 = EDGE_CURVE('',#658,#666,#668,.T.);
#666 = VERTEX_POINT('',#667);
#667 = CARTESIAN_POINT('',(-5.,3.397853002999,7.775));
#668 = LINE('',#669,#670);
#669 = CARTESIAN_POINT('',(-5.,1.795706005998,5.));
#670 = VECTOR('',#671,1.);
#671 = DIRECTION('',(0.,0.5,0.866025403784));
#672 = ORIENTED_EDGE('',*,*,#673,.F.);
#673 = EDGE_CURVE('',#123,#666,#674,.T.);
#674 = LINE('',#675,#676);
#675 = CARTESIAN_POINT('',(-10.,3.397853002999,7.775));
#676 = VECTOR('',#677,1.);
#677 = DIRECTION('',(1.,2.2E-16,0.));
#678 = ORIENTED_EDGE('',*,*,#120,.F.);
#679 = PLANE('',#680);
#680 = AXIS2_PLACEMENT_3D('',#681,#682,#683);
#681 = CARTESIAN_POINT('',(-10.,1.795706005998,5.));
#682 = DIRECTION('',(1.9E-16,-0.866025403784,0.5));
#683 = DIRECTION('',(-1.1E-16,0.5,0.866025403784));
#684 = ADVANCED_FACE('',(#685),#703,.F.);
#685 = FACE_BOUND('',#686,.F.);
#686 = EDGE_LOOP('',(#687,#688,#696,#702));
#687 = ORIENTED_EDGE('',*,*,#673,.T.);
#688 = ORIENTED_EDGE('',*,*,#689,.T.);
#689 = EDGE_CURVE('',#666,#690,#692,.T.);
#690 = VERTEX_POINT('',#691);
#691 = CARTESIAN_POINT('',(-5.,6.602146997001,7.775));
#692 = LINE('',#693,#694);
#693 = CARTESIAN_POINT('',(-5.,3.397853002999,7.775));
#694 = VECTOR('',#695,1.);
#695 = DIRECTION('',(0.,1.,0.));
#696 = ORIENTED_EDGE('',*,*,#697,.F.);
#697 = EDGE_CURVE('',#155,#690,#698,.T.);
#698 = LINE('',#699,#700);
#699 = CARTESIAN_POINT('',(-10.,6.602146997001,7.775));
#700 = VECTOR('',#701,1.);
#701 = DIRECTION('',(1.,2.2E-16,0.));
#702 = ORIENTED_EDGE('',*,*,#162,.F.);
#703 = PLANE('',#704);
#704 = AXIS2_PLACEMENT_3D('',#705,#706,#707);
#705 = CARTESIAN_POINT('',(-10.,3.397853002999,7.775));
#706 = DIRECTION('',(0.,2.2E-16,1.));
#707 = DIRECTION('',(-2.2E-16,1.,-2.2E-16));
#708 = ADVANCED_FACE('',(#709),#727,.F.);
#709 = FACE_BOUND('',#710,.F.);
#710 = EDGE_LOOP('',(#711,#712,#720,#726));
#711 = ORIENTED_EDGE('',*,*,#697,.T.);
#712 = ORIENTED_EDGE('',*,*,#713,.T.);
#713 = EDGE_CURVE('',#690,#714,#716,.T.);
#714 = VERTEX_POINT('',#715);
#715 = CARTESIAN_POINT('',(-5.,8.204293994002,5.));
#716 = LINE('',#717,#718);
#717 = CARTESIAN_POINT('',(-5.,6.602146997001,7.775));
#718 = VECTOR('',#719,1.);
#719 = DIRECTION('',(-0.,0.5,-0.866025403784));
#720 = ORIENTED_EDGE('',*,*,#721,.F.);
#721 = EDGE_CURVE('',#147,#714,#722,.T.);
#722 = LINE('',#723,#724);
#723 = CARTESIAN_POINT('',(-10.,8.204293994002,5.));
#724 = VECTOR('',#725,1.);
#725 = DIRECTION('',(1.,2.2E-16,0.));
#726 = ORIENTED_EDGE('',*,*,#154,.F.);
#727 = PLANE('',#728);
#728 = AXIS2_PLACEMENT_3D('',#729,#730,#731);
#729 = CARTESIAN_POINT('',(-10.,6.602146997001,7.775));
#730 = DIRECTION('',(-1.9E-16,0.866025403784,0.5));
#731 = DIRECTION('',(-1.1E-16,0.5,-0.866025403784));
#732 = ADVANCED_FACE('',(#733),#751,.F.);
#733 = FACE_BOUND('',#734,.F.);
#734 = EDGE_LOOP('',(#735,#736,#744,#750));
#735 = ORIENTED_EDGE('',*,*,#721,.T.);
#736 = ORIENTED_EDGE('',*,*,#737,.T.);
#737 = EDGE_CURVE('',#714,#738,#740,.T.);
#738 = VERTEX_POINT('',#739);
#739 = CARTESIAN_POINT('',(-5.,6.602146997003,2.224999999999));
#740 = LINE('',#741,#742);
#741 = CARTESIAN_POINT('',(-5.,8.204293994002,5.));
#742 = VECTOR('',#743,1.);
#743 = DIRECTION('',(0.,-0.5,-0.866025403785));
#744 = ORIENTED_EDGE('',*,*,#745,.F.);
#745 = EDGE_CURVE('',#139,#738,#746,.T.);
#746 = LINE('',#747,#748);
#747 = CARTESIAN_POINT('',(-10.,6.602146997003,2.224999999999));
#748 = VECTOR('',#749,1.);
#749 = DIRECTION('',(1.,2.2E-16,0.));
#750 = ORIENTED_EDGE('',*,*,#146,.F.);
#751 = PLANE('',#752);
#752 = AXIS2_PLACEMENT_3D('',#753,#754,#755);
#753 = CARTESIAN_POINT('',(-10.,8.204293994002,5.));
#754 = DIRECTION('',(-1.9E-16,0.866025403785,-0.5));
#755 = DIRECTION('',(1.1E-16,-0.5,-0.866025403785));
#756 = ADVANCED_FACE('',(#757),#775,.F.);
#757 = FACE_BOUND('',#758,.F.);
#758 = EDGE_LOOP('',(#759,#760,#768,#774));
#759 = ORIENTED_EDGE('',*,*,#745,.T.);
#760 = ORIENTED_EDGE('',*,*,#761,.T.);
#761 = EDGE_CURVE('',#738,#762,#764,.T.);
#762 = VERTEX_POINT('',#763);
#763 = CARTESIAN_POINT('',(-5.,3.397853002998,2.225));
#764 = LINE('',#765,#766);
#765 = CARTESIAN_POINT('',(-5.,6.602146997003,2.224999999999));
#766 = VECTOR('',#767,1.);
#767 = DIRECTION('',(0.,-1.,1.9763E-13));
#768 = ORIENTED_EDGE('',*,*,#769,.F.);
#769 = EDGE_CURVE('',#131,#762,#770,.T.);
#770 = LINE('',#771,#772);
#771 = CARTESIAN_POINT('',(-10.,3.397853002998,2.225));
#772 = VECTOR('',#773,1.);
#773 = DIRECTION('',(1.,2.2E-16,0.));
#774 = ORIENTED_EDGE('',*,*,#138,.F.);
#775 = PLANE('',#776);
#776 = AXIS2_PLACEMENT_3D('',#777,#778,#779);
#777 = CARTESIAN_POINT('',(-10.,6.602146997003,2.224999999999));
#778 = DIRECTION('',(0.,-1.9785E-13,-1.));
#779 = DIRECTION('',(2.2E-16,-1.,1.9785E-13));
#780 = ADVANCED_FACE('',(#781),#792,.F.);
#781 = FACE_BOUND('',#782,.F.);
#782 = EDGE_LOOP('',(#783,#784,#790,#791));
#783 = ORIENTED_EDGE('',*,*,#769,.T.);
#784 = ORIENTED_EDGE('',*,*,#785,.T.);
#785 = EDGE_CURVE('',#762,#658,#786,.T.);
#786 = LINE('',#787,#788);
#787 = CARTESIAN_POINT('',(-5.,3.397853002998,2.225));
#788 = VECTOR('',#789,1.);
#789 = DIRECTION('',(0.,-0.5,0.866025403785));
#790 = ORIENTED_EDGE('',*,*,#657,.F.);
#791 = ORIENTED_EDGE('',*,*,#130,.F.);
#792 = PLANE('',#793);
#793 = AXIS2_PLACEMENT_3D('',#794,#795,#796);
#794 = CARTESIAN_POINT('',(-10.,3.397853002998,2.225));
#795 = DIRECTION('',(1.9E-16,-0.866025403785,-0.5));
#796 = DIRECTION('',(1.1E-16,-0.5,0.866025403785));
#797 = ADVANCED_FACE('',(#798,#810,#821),#832,.F.);
#798 = FACE_BOUND('',#799,.F.);
#799 = EDGE_LOOP('',(#800,#801,#802,#803,#809));
#800 = ORIENTED_EDGE('',*,*,#176,.T.);
#801 = ORIENTED_EDGE('',*,*,#207,.T.);
#802 = ORIENTED_EDGE('',*,*,#433,.T.);
#803 = ORIENTED_EDGE('',*,*,#804,.F.);
#804 = EDGE_CURVE('',#318,#426,#805,.T.);
#805 = LINE('',#806,#807);
#806 = CARTESIAN_POINT('',(0.,30.,-1.332E-14));
#807 = VECTOR('',#808,1.);
#808 = DIRECTION('',(0.,4.4E-16,1.));
#809 = ORIENTED_EDGE('',*,*,#325,.F.);
#810 = FACE_BOUND('',#811,.F.);
#811 = EDGE_LOOP('',(#812));
#812 = ORIENTED_EDGE('',*,*,#813,.T.);
#813 = EDGE_CURVE('',#814,#814,#816,.T.);
#814 = VERTEX_POINT('',#815);
#815 = CARTESIAN_POINT('',(0.,6.7,5.));
#816 = CIRCLE('',#817,1.7);
#817 = AXIS2_PLACEMENT_3D('',#818,#819,#820);
#818 = CARTESIAN_POINT('',(0.,5.,5.));
#819 = DIRECTION('',(1.,0.,0.));
#820 = DIRECTION('',(0.,1.,0.));
#821 = FACE_BOUND('',#822,.F.);
#822 = EDGE_LOOP('',(#823));
#823 = ORIENTED_EDGE('',*,*,#824,.T.);
#824 = EDGE_CURVE('',#825,#825,#827,.T.);
#825 = VERTEX_POINT('',#826);
#826 = CARTESIAN_POINT('',(0.,16.7,5.));
#827 = CIRCLE('',#828,1.7);
#828 = AXIS2_PLACEMENT_3D('',#829,#830,#831);
#829 = CARTESIAN_POINT('',(0.,15.,5.));
#830 = DIRECTION('',(1.,0.,0.));
#831 = DIRECTION('',(0.,1.,0.));
#832 = PLANE('',#833);
#833 = AXIS2_PLACEMENT_3D('',#834,#835,#836);
#834 = CARTESIAN_POINT('',(0.,0.,0.));
#835 = DIRECTION('',(-1.,0.,0.));
#836 = DIRECTION('',(0.,1.,-4.4E-16));
#837 = ADVANCED_FACE('',(#838),#866,.T.);
#838 = FACE_BOUND('',#839,.T.);
#839 = EDGE_LOOP('',(#840,#841,#842,#851,#858,#859,#860));
#840 = ORIENTED_EDGE('',*,*,#242,.F.);
#841 = ORIENTED_EDGE('',*,*,#449,.T.);
#842 = ORIENTED_EDGE('',*,*,#843,.T.);
#843 = EDGE_CURVE('',#450,#844,#846,.T.);
#844 = VERTEX_POINT('',#845);
#845 = CARTESIAN_POINT('',(-11.98953863094,20.,5.));
#846 = ( BOUNDED_CURVE() B_SPLINE_CURVE(3,(#847,#848,#849,#850),
.UNSPECIFIED.,.F.,.F.) B_SPLINE_CURVE_WITH_KNOTS((4,4),(4.646152422707,
5.),.PIECEWISE_BEZIER_KNOTS.) CURVE() GEOMETRIC_REPRESENTATION_ITEM() 
RATIONAL_B_SPLINE_CURVE((1.,1.,1.,1.)) REPRESENTATION_ITEM('') );
#847 = CARTESIAN_POINT('',(-12.,20.,4.646152422707));
#848 = CARTESIAN_POINT('',(-12.,20.,4.764101615138));
#849 = CARTESIAN_POINT('',(-11.99653121293,20.,4.882050807569));
#850 = CARTESIAN_POINT('',(-11.98953863094,20.,5.));
#851 = ORIENTED_EDGE('',*,*,#852,.T.);
#852 = EDGE_CURVE('',#844,#474,#853,.T.);
#853 = ( BOUNDED_CURVE() B_SPLINE_CURVE(3,(#854,#855,#856,#857),
.UNSPECIFIED.,.F.,.F.) B_SPLINE_CURVE_WITH_KNOTS((4,4),(5.,
5.353847577293),.PIECEWISE_BEZIER_KNOTS.) CURVE() 
GEOMETRIC_REPRESENTATION_ITEM() RATIONAL_B_SPLINE_CURVE((1.,1.,1.,1.)) 
REPRESENTATION_ITEM('') );
#854 = CARTESIAN_POINT('',(-11.98953863094,20.,5.));
#855 = CARTESIAN_POINT('',(-11.99653121293,20.,5.117949192431));
#856 = CARTESIAN_POINT('',(-12.,20.,5.235898384862));
#857 = CARTESIAN_POINT('',(-12.,20.,5.353847577293));
#858 = ORIENTED_EDGE('',*,*,#481,.T.);
#859 = ORIENTED_EDGE('',*,*,#350,.T.);
#860 = ORIENTED_EDGE('',*,*,#861,.F.);
#861 = EDGE_CURVE('',#243,#351,#862,.T.);
#862 = LINE('',#863,#864);
#863 = CARTESIAN_POINT('',(-33.,20.,-8.88E-15));
#864 = VECTOR('',#865,1.);
#865 = DIRECTION('',(0.,4.4E-16,1.));
#866 = PLANE('',#867);
#867 = AXIS2_PLACEMENT_3D('',#868,#869,#870);
#868 = CARTESIAN_POINT('',(-10.,20.,-8.88E-15));
#869 = DIRECTION('',(0.,-1.,4.4E-16));
#870 = DIRECTION('',(-1.,0.,0.));
#871 = ADVANCED_FACE('',(#872),#883,.F.);
#872 = FACE_BOUND('',#873,.F.);
#873 = EDGE_LOOP('',(#874,#875,#881,#882));
#874 = ORIENTED_EDGE('',*,*,#250,.T.);
#875 = ORIENTED_EDGE('',*,*,#876,.T.);
#876 = EDGE_CURVE('',#251,#359,#877,.T.);
#877 = LINE('',#878,#879);
#878 = CARTESIAN_POINT('',(-35.,18.,-7.99E-15));
#879 = VECTOR('',#880,1.);
#880 = DIRECTION('',(0.,4.4E-16,1.));
#881 = ORIENTED_EDGE('',*,*,#358,.F.);
#882 = ORIENTED_EDGE('',*,*,#861,.F.);
#883 = CYLINDRICAL_SURFACE('',#884,2.);
#884 = AXIS2_PLACEMENT_3D('',#885,#886,#887);
#885 = CARTESIAN_POINT('',(-33.,18.,-7.99E-15));
#886 = DIRECTION('',(0.,4.4E-16,1.));
#887 = DIRECTION('',(0.,1.,-4.4E-16));
#888 = ADVANCED_FACE('',(#889),#900,.F.);
#889 = FACE_BOUND('',#890,.F.);
#890 = EDGE_LOOP('',(#891,#892,#893,#894));
#891 = ORIENTED_EDGE('',*,*,#317,.F.);
#892 = ORIENTED_EDGE('',*,*,#804,.T.);
#893 = ORIENTED_EDGE('',*,*,#425,.T.);
#894 = ORIENTED_EDGE('',*,*,#895,.F.);
#895 = EDGE_CURVE('',#309,#417,#896,.T.);
#896 = LINE('',#897,#898);
#897 = CARTESIAN_POINT('',(-43.,30.,-1.332E-14));
#898 = VECTOR('',#899,1.);
#899 = DIRECTION('',(0.,4.4E-16,1.));
#900 = PLANE('',#901);
#901 = AXIS2_PLACEMENT_3D('',#902,#903,#904);
#902 = CARTESIAN_POINT('',(0.,30.,-1.332E-14));
#903 = DIRECTION('',(0.,-1.,4.4E-16));
#904 = DIRECTION('',(-1.,0.,0.));
#905 = ADVANCED_FACE('',(#906),#917,.T.);
#906 = FACE_BOUND('',#907,.T.);
#907 = EDGE_LOOP('',(#908,#909,#910,#911));
#908 = ORIENTED_EDGE('',*,*,#259,.F.);
#909 = ORIENTED_EDGE('',*,*,#876,.T.);
#910 = ORIENTED_EDGE('',*,*,#367,.T.);
#911 = ORIENTED_EDGE('',*,*,#912,.F.);
#912 = EDGE_CURVE('',#260,#368,#913,.T.);
#913 = LINE('',#914,#915);
#914 = CARTESIAN_POINT('',(-35.,12.,-5.33E-15));
#915 = VECTOR('',#916,1.);
#916 = DIRECTION('',(0.,4.4E-16,1.));
#917 = PLANE('',#918);
#918 = AXIS2_PLACEMENT_3D('',#919,#920,#921);
#919 = CARTESIAN_POINT('',(-35.,20.,-8.88E-15));
#920 = DIRECTION('',(1.,0.,0.));
#921 = DIRECTION('',(0.,-1.,4.4E-16));
#922 = ADVANCED_FACE('',(#923),#934,.T.);
#923 = FACE_BOUND('',#924,.T.);
#924 = EDGE_LOOP('',(#925,#926,#932,#933));
#925 = ORIENTED_EDGE('',*,*,#308,.T.);
#926 = ORIENTED_EDGE('',*,*,#927,.T.);
#927 = EDGE_CURVE('',#301,#409,#928,.T.);
#928 = LINE('',#929,#930);
#929 = CARTESIAN_POINT('',(-45.,28.,-1.243E-14));
#930 = VECTOR('',#931,1.);
#931 = DIRECTION('',(0.,4.4E-16,1.));
#932 = ORIENTED_EDGE('',*,*,#416,.F.);
#933 = ORIENTED_EDGE('',*,*,#895,.F.);
#934 = CYLINDRICAL_SURFACE('',#935,2.);
#935 = AXIS2_PLACEMENT_3D('',#936,#937,#938);
#936 = CARTESIAN_POINT('',(-43.,28.,-1.243E-14));
#937 = DIRECTION('',(0.,4.4E-16,1.));
#938 = DIRECTION('',(0.,1.,-4.4E-16));
#939 = ADVANCED_FACE('',(#940),#951,.T.);
#940 = FACE_BOUND('',#941,.F.);
#941 = EDGE_LOOP('',(#942,#943,#949,#950));
#942 = ORIENTED_EDGE('',*,*,#267,.T.);
#943 = ORIENTED_EDGE('',*,*,#944,.T.);
#944 = EDGE_CURVE('',#268,#376,#945,.T.);
#945 = LINE('',#946,#947);
#946 = CARTESIAN_POINT('',(-37.,10.,-4.44E-15));
#947 = VECTOR('',#948,1.);
#948 = DIRECTION('',(0.,4.4E-16,1.));
#949 = ORIENTED_EDGE('',*,*,#375,.F.);
#950 = ORIENTED_EDGE('',*,*,#912,.F.);
#951 = CYLINDRICAL_SURFACE('',#952,2.);
#952 = AXIS2_PLACEMENT_3D('',#953,#954,#955);
#953 = CARTESIAN_POINT('',(-37.,12.,-5.33E-15));
#954 = DIRECTION('',(0.,4.4E-16,1.));
#955 = DIRECTION('',(1.,0.,0.));
#956 = ADVANCED_FACE('',(#957),#968,.F.);
#957 = FACE_BOUND('',#958,.F.);
#958 = EDGE_LOOP('',(#959,#960,#961,#962));
#959 = ORIENTED_EDGE('',*,*,#300,.F.);
#960 = ORIENTED_EDGE('',*,*,#927,.T.);
#961 = ORIENTED_EDGE('',*,*,#408,.T.);
#962 = ORIENTED_EDGE('',*,*,#963,.F.);
#963 = EDGE_CURVE('',#293,#401,#964,.T.);
#964 = LINE('',#965,#966);
#965 = CARTESIAN_POINT('',(-45.,20.,-8.88E-15));
#966 = VECTOR('',#967,1.);
#967 = DIRECTION('',(0.,4.4E-16,1.));
#968 = PLANE('',#969);
#969 = AXIS2_PLACEMENT_3D('',#970,#971,#972);
#970 = CARTESIAN_POINT('',(-45.,30.,-1.332E-14));
#971 = DIRECTION('',(1.,0.,0.));
#972 = DIRECTION('',(0.,-1.,4.4E-16));
#973 = ADVANCED_FACE('',(#974),#985,.T.);
#974 = FACE_BOUND('',#975,.T.);
#975 = EDGE_LOOP('',(#976,#977,#978,#979));
#976 = ORIENTED_EDGE('',*,*,#276,.F.);
#977 = ORIENTED_EDGE('',*,*,#944,.T.);
#978 = ORIENTED_EDGE('',*,*,#384,.T.);
#979 = ORIENTED_EDGE('',*,*,#980,.F.);
#980 = EDGE_CURVE('',#277,#385,#981,.T.);
#981 = LINE('',#982,#983);
#982 = CARTESIAN_POINT('',(-90.,10.,-4.44E-15));
#983 = VECTOR('',#984,1.);
#984 = DIRECTION('',(0.,4.4E-16,1.));
#985 = PLANE('',#986);
#986 = AXIS2_PLACEMENT_3D('',#987,#988,#989);
#987 = CARTESIAN_POINT('',(-35.,10.,-4.44E-15));
#988 = DIRECTION('',(0.,-1.,4.4E-16));
#989 = DIRECTION('',(-1.,0.,0.));
#990 = ADVANCED_FACE('',(#991),#1002,.F.);
#991 = FACE_BOUND('',#992,.F.);
#992 = EDGE_LOOP('',(#993,#994,#995,#1001));
#993 = ORIENTED_EDGE('',*,*,#963,.T.);
#994 = ORIENTED_EDGE('',*,*,#400,.T.);
#995 = ORIENTED_EDGE('',*,*,#996,.F.);
#996 = EDGE_CURVE('',#285,#393,#997,.T.);
#997 = LINE('',#998,#999);
#998 = CARTESIAN_POINT('',(-90.,20.,-8.88E-15));
#999 = VECTOR('',#1000,1.);
#1000 = DIRECTION('',(0.,4.4E-16,1.));
#1001 = ORIENTED_EDGE('',*,*,#292,.F.);
#1002 = PLANE('',#1003);
#1003 = AXIS2_PLACEMENT_3D('',#1004,#1005,#1006);
#1004 = CARTESIAN_POINT('',(-45.,20.,-8.88E-15));
#1005 = DIRECTION('',(0.,-1.,4.4E-16));
#1006 = DIRECTION('',(-1.,0.,0.));
#1007 = ADVANCED_FACE('',(#1008),#1131,.T.);
#1008 = FACE_BOUND('',#1009,.F.);
#1009 = EDGE_LOOP('',(#1010,#1020,#1028,#1036,#1044,#1052,#1060,#1068,
    #1076,#1084,#1093,#1099,#1100,#1108,#1116,#1125));
#1010 = ORIENTED_EDGE('',*,*,#1011,.F.);
#1011 = EDGE_CURVE('',#1012,#1014,#1016,.T.);
#1012 = VERTEX_POINT('',#1013);
#1013 = CARTESIAN_POINT('',(-180.,0.,0.));
#1014 = VERTEX_POINT('',#1015);
#1015 = CARTESIAN_POINT('',(-180.,30.,-1.3E-14));
#1016 = LINE('',#1017,#1018);
#1017 = CARTESIAN_POINT('',(-180.,0.,0.));
#1018 = VECTOR('',#1019,1.);
#1019 = DIRECTION('',(0.,1.,0.));
#1020 = ORIENTED_EDGE('',*,*,#1021,.T.);
#1021 = EDGE_CURVE('',#1012,#1022,#1024,.T.);
#1022 = VERTEX_POINT('',#1023);
#1023 = CARTESIAN_POINT('',(-170.,0.,0.));
#1024 = LINE('',#1025,#1026);
#1025 = CARTESIAN_POINT('',(-180.,0.,0.));
#1026 = VECTOR('',#1027,1.);
#1027 = DIRECTION('',(1.,0.,0.));
#1028 = ORIENTED_EDGE('',*,*,#1029,.T.);
#1029 = EDGE_CURVE('',#1022,#1030,#1032,.T.);
#1030 = VERTEX_POINT('',#1031);
#1031 = CARTESIAN_POINT('',(-170.,18.,-8.E-15));
#1032 = LINE('',#1033,#1034);
#1033 = CARTESIAN_POINT('',(-170.,0.,0.));
#1034 = VECTOR('',#1035,1.);
#1035 = DIRECTION('',(0.,1.,0.));
#1036 = ORIENTED_EDGE('',*,*,#1037,.T.);
#1037 = EDGE_CURVE('',#1030,#1038,#1040,.T.);
#1038 = VERTEX_POINT('',#1039);
#1039 = CARTESIAN_POINT('',(-170.,20.,-9.E-15));
#1040 = LINE('',#1041,#1042);
#1041 = CARTESIAN_POINT('',(-170.,0.,0.));
#1042 = VECTOR('',#1043,1.);
#1043 = DIRECTION('',(0.,1.,0.));
#1044 = ORIENTED_EDGE('',*,*,#1045,.T.);
#1045 = EDGE_CURVE('',#1038,#1046,#1048,.T.);
#1046 = VERTEX_POINT('',#1047);
#1047 = CARTESIAN_POINT('',(-168.,20.,-9.E-15));
#1048 = LINE('',#1049,#1050);
#1049 = CARTESIAN_POINT('',(-170.,20.,0.));
#1050 = VECTOR('',#1051,1.);
#1051 = DIRECTION('',(1.,0.,0.));
#1052 = ORIENTED_EDGE('',*,*,#1053,.T.);
#1053 = EDGE_CURVE('',#1046,#1054,#1056,.T.);
#1054 = VERTEX_POINT('',#1055);
#1055 = CARTESIAN_POINT('',(-147.,20.,-9.E-15));
#1056 = LINE('',#1057,#1058);
#1057 = CARTESIAN_POINT('',(-170.,20.,0.));
#1058 = VECTOR('',#1059,1.);
#1059 = DIRECTION('',(1.,0.,0.));
#1060 = ORIENTED_EDGE('',*,*,#1061,.T.);
#1061 = EDGE_CURVE('',#1054,#1062,#1064,.T.);
#1062 = VERTEX_POINT('',#1063);
#1063 = CARTESIAN_POINT('',(-145.,20.,-9.E-15));
#1064 = LINE('',#1065,#1066);
#1065 = CARTESIAN_POINT('',(-170.,20.,0.));
#1066 = VECTOR('',#1067,1.);
#1067 = DIRECTION('',(1.,0.,0.));
#1068 = ORIENTED_EDGE('',*,*,#1069,.T.);
#1069 = EDGE_CURVE('',#1062,#1070,#1072,.T.);
#1070 = VERTEX_POINT('',#1071);
#1071 = CARTESIAN_POINT('',(-145.,18.,-8.E-15));
#1072 = LINE('',#1073,#1074);
#1073 = CARTESIAN_POINT('',(-145.,20.,0.));
#1074 = VECTOR('',#1075,1.);
#1075 = DIRECTION('',(-0.,-1.,-0.));
#1076 = ORIENTED_EDGE('',*,*,#1077,.T.);
#1077 = EDGE_CURVE('',#1070,#1078,#1080,.T.);
#1078 = VERTEX_POINT('',#1079);
#1079 = CARTESIAN_POINT('',(-145.,12.,-5.E-15));
#1080 = LINE('',#1081,#1082);
#1081 = CARTESIAN_POINT('',(-145.,20.,0.));
#1082 = VECTOR('',#1083,1.);
#1083 = DIRECTION('',(-0.,-1.,-0.));
#1084 = ORIENTED_EDGE('',*,*,#1085,.T.);
#1085 = EDGE_CURVE('',#1078,#1086,#1088,.T.);
#1086 = VERTEX_POINT('',#1087);
#1087 = CARTESIAN_POINT('',(-143.,10.,-4.E-15));
#1088 = CIRCLE('',#1089,2.);
#1089 = AXIS2_PLACEMENT_3D('',#1090,#1091,#1092);
#1090 = CARTESIAN_POINT('',(-143.,12.,-5.33E-15));
#1091 = DIRECTION('',(-0.,4.4E-16,1.));
#1092 = DIRECTION('',(0.,-1.,4.4E-16));
#1093 = ORIENTED_EDGE('',*,*,#1094,.T.);
#1094 = EDGE_CURVE('',#1086,#277,#1095,.T.);
#1095 = LINE('',#1096,#1097);
#1096 = CARTESIAN_POINT('',(-145.,10.,0.));
#1097 = VECTOR('',#1098,1.);
#1098 = DIRECTION('',(1.,0.,0.));
#1099 = ORIENTED_EDGE('',*,*,#284,.F.);
#1100 = ORIENTED_EDGE('',*,*,#1101,.F.);
#1101 = EDGE_CURVE('',#1102,#285,#1104,.T.);
#1102 = VERTEX_POINT('',#1103);
#1103 = CARTESIAN_POINT('',(-135.,20.,-9.E-15));
#1104 = LINE('',#1105,#1106);
#1105 = CARTESIAN_POINT('',(-135.,20.,0.));
#1106 = VECTOR('',#1107,1.);
#1107 = DIRECTION('',(1.,0.,0.));
#1108 = ORIENTED_EDGE('',*,*,#1109,.F.);
#1109 = EDGE_CURVE('',#1110,#1102,#1112,.T.);
#1110 = VERTEX_POINT('',#1111);
#1111 = CARTESIAN_POINT('',(-135.,28.,-1.2E-14));
#1112 = LINE('',#1113,#1114);
#1113 = CARTESIAN_POINT('',(-135.,30.,0.));
#1114 = VECTOR('',#1115,1.);
#1115 = DIRECTION('',(-0.,-1.,-0.));
#1116 = ORIENTED_EDGE('',*,*,#1117,.F.);
#1117 = EDGE_CURVE('',#1118,#1110,#1120,.T.);
#1118 = VERTEX_POINT('',#1119);
#1119 = CARTESIAN_POINT('',(-137.,30.,-1.3E-14));
#1120 = CIRCLE('',#1121,2.);
#1121 = AXIS2_PLACEMENT_3D('',#1122,#1123,#1124);
#1122 = CARTESIAN_POINT('',(-137.,28.,-1.243E-14));
#1123 = DIRECTION('',(-0.,-4.4E-16,-1.));
#1124 = DIRECTION('',(0.,-1.,4.4E-16));
#1125 = ORIENTED_EDGE('',*,*,#1126,.F.);
#1126 = EDGE_CURVE('',#1014,#1118,#1127,.T.);
#1127 = LINE('',#1128,#1129);
#1128 = CARTESIAN_POINT('',(-180.,30.,0.));
#1129 = VECTOR('',#1130,1.);
#1130 = DIRECTION('',(1.,0.,0.));
#1131 = PLANE('',#1132);
#1132 = AXIS2_PLACEMENT_3D('',#1133,#1134,#1135);
#1133 = CARTESIAN_POINT('',(-141.5384615384,17.307692307692,-3.84E-15));
#1134 = DIRECTION('',(0.,-2.2E-16,-1.));
#1135 = DIRECTION('',(-0.,-1.,2.2E-16));
#1136 = ADVANCED_FACE('',(#1137),#1260,.F.);
#1137 = FACE_BOUND('',#1138,.T.);
#1138 = EDGE_LOOP('',(#1139,#1149,#1157,#1165,#1173,#1181,#1189,#1197,
    #1205,#1213,#1222,#1228,#1229,#1237,#1245,#1254));
#1139 = ORIENTED_EDGE('',*,*,#1140,.F.);
#1140 = EDGE_CURVE('',#1141,#1143,#1145,.T.);
#1141 = VERTEX_POINT('',#1142);
#1142 = CARTESIAN_POINT('',(-180.,2.,10.));
#1143 = VERTEX_POINT('',#1144);
#1144 = CARTESIAN_POINT('',(-180.,30.,10.));
#1145 = LINE('',#1146,#1147);
#1146 = CARTESIAN_POINT('',(-180.,4.E-15,10.));
#1147 = VECTOR('',#1148,1.);
#1148 = DIRECTION('',(0.,1.,0.));
#1149 = ORIENTED_EDGE('',*,*,#1150,.T.);
#1150 = EDGE_CURVE('',#1141,#1151,#1153,.T.);
#1151 = VERTEX_POINT('',#1152);
#1152 = CARTESIAN_POINT('',(-170.,2.,10.));
#1153 = LINE('',#1154,#1155);
#1154 = CARTESIAN_POINT('',(-180.,2.,10.));
#1155 = VECTOR('',#1156,1.);
#1156 = DIRECTION('',(1.,0.,0.));
#1157 = ORIENTED_EDGE('',*,*,#1158,.T.);
#1158 = EDGE_CURVE('',#1151,#1159,#1161,.T.);
#1159 = VERTEX_POINT('',#1160);
#1160 = CARTESIAN_POINT('',(-170.,18.,10.));
#1161 = LINE('',#1162,#1163);
#1162 = CARTESIAN_POINT('',(-170.,4.E-15,10.));
#1163 = VECTOR('',#1164,1.);
#1164 = DIRECTION('',(0.,1.,0.));
#1165 = ORIENTED_EDGE('',*,*,#1166,.T.);
#1166 = EDGE_CURVE('',#1159,#1167,#1169,.T.);
#1167 = VERTEX_POINT('',#1168);
#1168 = CARTESIAN_POINT('',(-170.,20.,10.));
#1169 = LINE('',#1170,#1171);
#1170 = CARTESIAN_POINT('',(-170.,4.E-15,10.));
#1171 = VECTOR('',#1172,1.);
#1172 = DIRECTION('',(0.,1.,0.));
#1173 = ORIENTED_EDGE('',*,*,#1174,.T.);
#1174 = EDGE_CURVE('',#1167,#1175,#1177,.T.);
#1175 = VERTEX_POINT('',#1176);
#1176 = CARTESIAN_POINT('',(-168.,20.,10.));
#1177 = LINE('',#1178,#1179);
#1178 = CARTESIAN_POINT('',(-170.,20.,10.));
#1179 = VECTOR('',#1180,1.);
#1180 = DIRECTION('',(1.,0.,0.));
#1181 = ORIENTED_EDGE('',*,*,#1182,.T.);
#1182 = EDGE_CURVE('',#1175,#1183,#1185,.T.);
#1183 = VERTEX_POINT('',#1184);
#1184 = CARTESIAN_POINT('',(-147.,20.,10.));
#1185 = LINE('',#1186,#1187);
#1186 = CARTESIAN_POINT('',(-170.,20.,10.));
#1187 = VECTOR('',#1188,1.);
#1188 = DIRECTION('',(1.,0.,0.));
#1189 = ORIENTED_EDGE('',*,*,#1190,.T.);
#1190 = EDGE_CURVE('',#1183,#1191,#1193,.T.);
#1191 = VERTEX_POINT('',#1192);
#1192 = CARTESIAN_POINT('',(-145.,20.,10.));
#1193 = LINE('',#1194,#1195);
#1194 = CARTESIAN_POINT('',(-170.,20.,10.));
#1195 = VECTOR('',#1196,1.);
#1196 = DIRECTION('',(1.,0.,0.));
#1197 = ORIENTED_EDGE('',*,*,#1198,.T.);
#1198 = EDGE_CURVE('',#1191,#1199,#1201,.T.);
#1199 = VERTEX_POINT('',#1200);
#1200 = CARTESIAN_POINT('',(-145.,18.,10.));
#1201 = LINE('',#1202,#1203);
#1202 = CARTESIAN_POINT('',(-145.,20.,10.));
#1203 = VECTOR('',#1204,1.);
#1204 = DIRECTION('',(-0.,-1.,-0.));
#1205 = ORIENTED_EDGE('',*,*,#1206,.T.);
#1206 = EDGE_CURVE('',#1199,#1207,#1209,.T.);
#1207 = VERTEX_POINT('',#1208);
#1208 = CARTESIAN_POINT('',(-145.,12.,10.));
#1209 = LINE('',#1210,#1211);
#1210 = CARTESIAN_POINT('',(-145.,20.,10.));
#1211 = VECTOR('',#1212,1.);
#1212 = DIRECTION('',(-0.,-1.,-0.));
#1213 = ORIENTED_EDGE('',*,*,#1214,.T.);
#1214 = EDGE_CURVE('',#1207,#1215,#1217,.T.);
#1215 = VERTEX_POINT('',#1216);
#1216 = CARTESIAN_POINT('',(-143.,10.,10.));
#1217 = CIRCLE('',#1218,2.);
#1218 = AXIS2_PLACEMENT_3D('',#1219,#1220,#1221);
#1219 = CARTESIAN_POINT('',(-143.,12.,10.));
#1220 = DIRECTION('',(-0.,4.4E-16,1.));
#1221 = DIRECTION('',(0.,-1.,4.4E-16));
#1222 = ORIENTED_EDGE('',*,*,#1223,.T.);
#1223 = EDGE_CURVE('',#1215,#385,#1224,.T.);
#1224 = LINE('',#1225,#1226);
#1225 = CARTESIAN_POINT('',(-145.,10.,10.));
#1226 = VECTOR('',#1227,1.);
#1227 = DIRECTION('',(1.,0.,0.));
#1228 = ORIENTED_EDGE('',*,*,#392,.F.);
#1229 = ORIENTED_EDGE('',*,*,#1230,.F.);
#1230 = EDGE_CURVE('',#1231,#393,#1233,.T.);
#1231 = VERTEX_POINT('',#1232);
#1232 = CARTESIAN_POINT('',(-135.,20.,10.));
#1233 = LINE('',#1234,#1235);
#1234 = CARTESIAN_POINT('',(-135.,20.,10.));
#1235 = VECTOR('',#1236,1.);
#1236 = DIRECTION('',(1.,0.,0.));
#1237 = ORIENTED_EDGE('',*,*,#1238,.F.);
#1238 = EDGE_CURVE('',#1239,#1231,#1241,.T.);
#1239 = VERTEX_POINT('',#1240);
#1240 = CARTESIAN_POINT('',(-135.,28.,10.));
#1241 = LINE('',#1242,#1243);
#1242 = CARTESIAN_POINT('',(-135.,30.,10.));
#1243 = VECTOR('',#1244,1.);
#1244 = DIRECTION('',(-0.,-1.,-0.));
#1245 = ORIENTED_EDGE('',*,*,#1246,.F.);
#1246 = EDGE_CURVE('',#1247,#1239,#1249,.T.);
#1247 = VERTEX_POINT('',#1248);
#1248 = CARTESIAN_POINT('',(-137.,30.,10.));
#1249 = CIRCLE('',#1250,2.);
#1250 = AXIS2_PLACEMENT_3D('',#1251,#1252,#1253);
#1251 = CARTESIAN_POINT('',(-137.,28.,10.));
#1252 = DIRECTION('',(-0.,-4.4E-16,-1.));
#1253 = DIRECTION('',(0.,-1.,4.4E-16));
#1254 = ORIENTED_EDGE('',*,*,#1255,.F.);
#1255 = EDGE_CURVE('',#1143,#1247,#1256,.T.);
#1256 = LINE('',#1257,#1258);
#1257 = CARTESIAN_POINT('',(-180.,30.,10.));
#1258 = VECTOR('',#1259,1.);
#1259 = DIRECTION('',(1.,0.,0.));
#1260 = PLANE('',#1261);
#1261 = AXIS2_PLACEMENT_3D('',#1262,#1263,#1264);
#1262 = CARTESIAN_POINT('',(-141.5384615384,17.307692307692,10.));
#1263 = DIRECTION('',(0.,-2.2E-16,-1.));
#1264 = DIRECTION('',(-0.,-1.,2.2E-16));
#1265 = ADVANCED_FACE('',(#1266),#1277,.T.);
#1266 = FACE_BOUND('',#1267,.T.);
#1267 = EDGE_LOOP('',(#1268,#1269,#1270,#1276));
#1268 = ORIENTED_EDGE('',*,*,#457,.F.);
#1269 = ORIENTED_EDGE('',*,*,#498,.T.);
#1270 = ORIENTED_EDGE('',*,*,#1271,.T.);
#1271 = EDGE_CURVE('',#499,#844,#1272,.T.);
#1272 = ( BOUNDED_CURVE() B_SPLINE_CURVE(2,(#1273,#1274,#1275),
.UNSPECIFIED.,.F.,.F.) B_SPLINE_CURVE_WITH_KNOTS((3,3),(0.,
0.353847577293),.PIECEWISE_BEZIER_KNOTS.) CURVE() 
GEOMETRIC_REPRESENTATION_ITEM() RATIONAL_B_SPLINE_CURVE((1.,
0.742343248437,1.)) REPRESENTATION_ITEM('') );
#1273 = CARTESIAN_POINT('',(-10.,18.204293994002,5.));
#1274 = CARTESIAN_POINT('',(-10.18439046435,20.,5.));
#1275 = CARTESIAN_POINT('',(-11.98953863094,20.,5.));
#1276 = ORIENTED_EDGE('',*,*,#843,.F.);
#1277 = ( BOUNDED_SURFACE() B_SPLINE_SURFACE(2,3,(
    (#1278,#1279,#1280,#1281)
    ,(#1282,#1283,#1284,#1285)
    ,(#1286,#1287,#1288,#1289
)),.UNSPECIFIED.,.F.,.F.,.F.) B_SPLINE_SURFACE_WITH_KNOTS((3,3),(4,4),(
    0.,0.353847577293),(4.646152422707,5.),.PIECEWISE_BEZIER_KNOTS.) 
GEOMETRIC_REPRESENTATION_ITEM() RATIONAL_B_SPLINE_SURFACE((
    (1.,1.,1.,1.)
    ,(0.707106781187,0.719144920229,0.730876518231,0.742343248437)
,(1.,1.,1.,1.))) REPRESENTATION_ITEM('') SURFACE() );
#1278 = CARTESIAN_POINT('',(-12.,20.,4.646152422707));
#1279 = CARTESIAN_POINT('',(-12.,20.,4.764101615138));
#1280 = CARTESIAN_POINT('',(-11.99653121293,20.,4.882050807569));
#1281 = CARTESIAN_POINT('',(-11.98953863094,20.,5.));
#1282 = CARTESIAN_POINT('',(-10.,20.,4.646152422707));
#1283 = CARTESIAN_POINT('',(-10.06695807036,20.,4.762127202556));
#1284 = CARTESIAN_POINT('',(-10.12840672334,20.,4.880200301315));
#1285 = CARTESIAN_POINT('',(-10.18439046435,20.,5.));
#1286 = CARTESIAN_POINT('',(-10.,18.,4.646152422707));
#1287 = CARTESIAN_POINT('',(-10.,18.068097998001,4.764101615138));
#1288 = CARTESIAN_POINT('',(-10.,18.136195996002,4.882050807569));
#1289 = CARTESIAN_POINT('',(-10.,18.204293994002,5.));
#1290 = ADVANCED_FACE('',(#1291),#1297,.T.);
#1291 = FACE_BOUND('',#1292,.T.);
#1292 = EDGE_LOOP('',(#1293,#1294,#1295,#1296));
#1293 = ORIENTED_EDGE('',*,*,#1271,.F.);
#1294 = ORIENTED_EDGE('',*,*,#553,.T.);
#1295 = ORIENTED_EDGE('',*,*,#473,.T.);
#1296 = ORIENTED_EDGE('',*,*,#852,.F.);
#1297 = ( BOUNDED_SURFACE() B_SPLINE_SURFACE(2,3,(
    (#1298,#1299,#1300,#1301)
    ,(#1302,#1303,#1304,#1305)
    ,(#1306,#1307,#1308,#1309
)),.UNSPECIFIED.,.F.,.F.,.F.) B_SPLINE_SURFACE_WITH_KNOTS((3,3),(4,4),(
    0.,0.353847577293),(5.,5.353847577293),.PIECEWISE_BEZIER_KNOTS.) 
GEOMETRIC_REPRESENTATION_ITEM() RATIONAL_B_SPLINE_SURFACE((
    (1.,1.,1.,1.)
    ,(0.742343248437,0.730876518231,0.719144920229,0.707106781187)
,(1.,1.,1.,1.))) REPRESENTATION_ITEM('') SURFACE() );
#1298 = CARTESIAN_POINT('',(-11.98953863094,20.,5.));
#1299 = CARTESIAN_POINT('',(-11.99653121293,20.,5.117949192431));
#1300 = CARTESIAN_POINT('',(-12.,20.,5.235898384862));
#1301 = CARTESIAN_POINT('',(-12.,20.,5.353847577293));
#1302 = CARTESIAN_POINT('',(-10.18439046435,20.,5.));
#1303 = CARTESIAN_POINT('',(-10.12840672334,20.,5.119799698685));
#1304 = CARTESIAN_POINT('',(-10.06695807036,20.,5.237872797444));
#1305 = CARTESIAN_POINT('',(-10.,20.,5.353847577293));
#1306 = CARTESIAN_POINT('',(-10.,18.204293994002,5.));
#1307 = CARTESIAN_POINT('',(-10.,18.136195996002,5.117949192431));
#1308 = CARTESIAN_POINT('',(-10.,18.068097998001,5.235898384862));
#1309 = CARTESIAN_POINT('',(-10.,18.,5.353847577293));
#1310 = ADVANCED_FACE('',(#1311,#1319),#1330,.F.);
#1311 = FACE_BOUND('',#1312,.F.);
#1312 = EDGE_LOOP('',(#1313,#1314,#1315,#1316,#1317,#1318));
#1313 = ORIENTED_EDGE('',*,*,#641,.F.);
#1314 = ORIENTED_EDGE('',*,*,#617,.F.);
#1315 = ORIENTED_EDGE('',*,*,#569,.F.);
#1316 = ORIENTED_EDGE('',*,*,#515,.F.);
#1317 = ORIENTED_EDGE('',*,*,#546,.F.);
#1318 = ORIENTED_EDGE('',*,*,#600,.F.);
#1319 = FACE_BOUND('',#1320,.F.);
#1320 = EDGE_LOOP('',(#1321));
#1321 = ORIENTED_EDGE('',*,*,#1322,.F.);
#1322 = EDGE_CURVE('',#1323,#1323,#1325,.T.);
#1323 = VERTEX_POINT('',#1324);
#1324 = CARTESIAN_POINT('',(-5.,16.7,5.));
#1325 = CIRCLE('',#1326,1.7);
#1326 = AXIS2_PLACEMENT_3D('',#1327,#1328,#1329);
#1327 = CARTESIAN_POINT('',(-5.,15.,5.));
#1328 = DIRECTION('',(1.,-2.2E-16,-1.741711239665E-48));
#1329 = DIRECTION('',(2.2E-16,1.,-2.2E-16));
#1330 = PLANE('',#1331);
#1331 = AXIS2_PLACEMENT_3D('',#1332,#1333,#1334);
#1332 = CARTESIAN_POINT('',(-5.,10.,5.));
#1333 = DIRECTION('',(1.,2.4E-16,0.));
#1334 = DIRECTION('',(-2.4E-16,1.,0.));
#1335 = ADVANCED_FACE('',(#1336,#1344),#1355,.F.);
#1336 = FACE_BOUND('',#1337,.F.);
#1337 = EDGE_LOOP('',(#1338,#1339,#1340,#1341,#1342,#1343));
#1338 = ORIENTED_EDGE('',*,*,#665,.F.);
#1339 = ORIENTED_EDGE('',*,*,#785,.F.);
#1340 = ORIENTED_EDGE('',*,*,#761,.F.);
#1341 = ORIENTED_EDGE('',*,*,#737,.F.);
#1342 = ORIENTED_EDGE('',*,*,#713,.F.);
#1343 = ORIENTED_EDGE('',*,*,#689,.F.);
#1344 = FACE_BOUND('',#1345,.F.);
#1345 = EDGE_LOOP('',(#1346));
#1346 = ORIENTED_EDGE('',*,*,#1347,.F.);
#1347 = EDGE_CURVE('',#1348,#1348,#1350,.T.);
#1348 = VERTEX_POINT('',#1349);
#1349 = CARTESIAN_POINT('',(-5.,6.7,5.));
#1350 = CIRCLE('',#1351,1.7);
#1351 = AXIS2_PLACEMENT_3D('',#1352,#1353,#1354);
#1352 = CARTESIAN_POINT('',(-5.,5.,5.));
#1353 = DIRECTION('',(1.,-2.2E-16,-1.741711239665E-48));
#1354 = DIRECTION('',(2.2E-16,1.,-2.2E-16));
#1355 = PLANE('',#1356);
#1356 = AXIS2_PLACEMENT_3D('',#1357,#1358,#1359);
#1357 = CARTESIAN_POINT('',(-5.,10.,5.));
#1358 = DIRECTION('',(1.,2.4E-16,0.));
#1359 = DIRECTION('',(-2.4E-16,1.,0.));
#1360 = ADVANCED_FACE('',(#1361),#1372,.F.);
#1361 = FACE_BOUND('',#1362,.F.);
#1362 = EDGE_LOOP('',(#1363,#1369,#1370,#1371));
#1363 = ORIENTED_EDGE('',*,*,#1364,.F.);
#1364 = EDGE_CURVE('',#814,#1348,#1365,.T.);
#1365 = LINE('',#1366,#1367);
#1366 = CARTESIAN_POINT('',(1.49E-15,6.7,5.));
#1367 = VECTOR('',#1368,1.);
#1368 = DIRECTION('',(-1.,2.2E-16,0.));
#1369 = ORIENTED_EDGE('',*,*,#813,.F.);
#1370 = ORIENTED_EDGE('',*,*,#1364,.T.);
#1371 = ORIENTED_EDGE('',*,*,#1347,.T.);
#1372 = CYLINDRICAL_SURFACE('',#1373,1.7);
#1373 = AXIS2_PLACEMENT_3D('',#1374,#1375,#1376);
#1374 = CARTESIAN_POINT('',(1.11E-15,5.,5.));
#1375 = DIRECTION('',(1.,-2.2E-16,0.));
#1376 = DIRECTION('',(2.2E-16,1.,-2.2E-16));
#1377 = ADVANCED_FACE('',(#1378),#1389,.F.);
#1378 = FACE_BOUND('',#1379,.F.);
#1379 = EDGE_LOOP('',(#1380,#1386,#1387,#1388));
#1380 = ORIENTED_EDGE('',*,*,#1381,.F.);
#1381 = EDGE_CURVE('',#825,#1323,#1382,.T.);
#1382 = LINE('',#1383,#1384);
#1383 = CARTESIAN_POINT('',(3.71E-15,16.7,5.));
#1384 = VECTOR('',#1385,1.);
#1385 = DIRECTION('',(-1.,2.2E-16,0.));
#1386 = ORIENTED_EDGE('',*,*,#824,.F.);
#1387 = ORIENTED_EDGE('',*,*,#1381,.T.);
#1388 = ORIENTED_EDGE('',*,*,#1322,.T.);
#1389 = CYLINDRICAL_SURFACE('',#1390,1.7);
#1390 = AXIS2_PLACEMENT_3D('',#1391,#1392,#1393);
#1391 = CARTESIAN_POINT('',(3.33E-15,15.,5.));
#1392 = DIRECTION('',(1.,-2.2E-16,0.));
#1393 = DIRECTION('',(2.2E-16,1.,-2.2E-16));
#1394 = ADVANCED_FACE('',(#1395),#1406,.T.);
#1395 = FACE_BOUND('',#1396,.F.);
#1396 = EDGE_LOOP('',(#1397,#1398,#1404,#1405));
#1397 = ORIENTED_EDGE('',*,*,#1094,.F.);
#1398 = ORIENTED_EDGE('',*,*,#1399,.T.);
#1399 = EDGE_CURVE('',#1086,#1215,#1400,.T.);
#1400 = LINE('',#1401,#1402);
#1401 = CARTESIAN_POINT('',(-143.,10.,-4.44E-15));
#1402 = VECTOR('',#1403,1.);
#1403 = DIRECTION('',(0.,4.4E-16,1.));
#1404 = ORIENTED_EDGE('',*,*,#1223,.T.);
#1405 = ORIENTED_EDGE('',*,*,#980,.F.);
#1406 = PLANE('',#1407);
#1407 = AXIS2_PLACEMENT_3D('',#1408,#1409,#1410);
#1408 = CARTESIAN_POINT('',(-145.,10.,-4.44E-15));
#1409 = DIRECTION('',(0.,-1.,4.4E-16));
#1410 = DIRECTION('',(-1.,0.,0.));
#1411 = ADVANCED_FACE('',(#1412),#1423,.F.);
#1412 = FACE_BOUND('',#1413,.T.);
#1413 = EDGE_LOOP('',(#1414,#1420,#1421,#1422));
#1414 = ORIENTED_EDGE('',*,*,#1415,.T.);
#1415 = EDGE_CURVE('',#1102,#1231,#1416,.T.);
#1416 = LINE('',#1417,#1418);
#1417 = CARTESIAN_POINT('',(-135.,20.,-8.88E-15));
#1418 = VECTOR('',#1419,1.);
#1419 = DIRECTION('',(0.,4.4E-16,1.));
#1420 = ORIENTED_EDGE('',*,*,#1230,.T.);
#1421 = ORIENTED_EDGE('',*,*,#996,.F.);
#1422 = ORIENTED_EDGE('',*,*,#1101,.F.);
#1423 = PLANE('',#1424);
#1424 = AXIS2_PLACEMENT_3D('',#1425,#1426,#1427);
#1425 = CARTESIAN_POINT('',(-135.,20.,-8.88E-15));
#1426 = DIRECTION('',(0.,-1.,4.4E-16));
#1427 = DIRECTION('',(-1.,0.,0.));
#1428 = ADVANCED_FACE('',(#1429,#1454,#1465),#1476,.F.);
#1429 = FACE_BOUND('',#1430,.T.);
#1430 = EDGE_LOOP('',(#1431,#1432,#1440,#1447,#1448));
#1431 = ORIENTED_EDGE('',*,*,#1011,.F.);
#1432 = ORIENTED_EDGE('',*,*,#1433,.T.);
#1433 = EDGE_CURVE('',#1012,#1434,#1436,.T.);
#1434 = VERTEX_POINT('',#1435);
#1435 = CARTESIAN_POINT('',(-180.,3.E-15,8.));
#1436 = LINE('',#1437,#1438);
#1437 = CARTESIAN_POINT('',(-180.,0.,0.));
#1438 = VECTOR('',#1439,1.);
#1439 = DIRECTION('',(0.,4.4E-16,1.));
#1440 = ORIENTED_EDGE('',*,*,#1441,.T.);
#1441 = EDGE_CURVE('',#1434,#1141,#1442,.T.);
#1442 = CIRCLE('',#1443,2.);
#1443 = AXIS2_PLACEMENT_3D('',#1444,#1445,#1446);
#1444 = CARTESIAN_POINT('',(-180.,2.,8.));
#1445 = DIRECTION('',(-1.,-0.,-0.));
#1446 = DIRECTION('',(0.,0.,-1.));
#1447 = ORIENTED_EDGE('',*,*,#1140,.T.);
#1448 = ORIENTED_EDGE('',*,*,#1449,.F.);
#1449 = EDGE_CURVE('',#1014,#1143,#1450,.T.);
#1450 = LINE('',#1451,#1452);
#1451 = CARTESIAN_POINT('',(-180.,30.,-1.332E-14));
#1452 = VECTOR('',#1453,1.);
#1453 = DIRECTION('',(0.,4.4E-16,1.));
#1454 = FACE_BOUND('',#1455,.T.);
#1455 = EDGE_LOOP('',(#1456));
#1456 = ORIENTED_EDGE('',*,*,#1457,.T.);
#1457 = EDGE_CURVE('',#1458,#1458,#1460,.T.);
#1458 = VERTEX_POINT('',#1459);
#1459 = CARTESIAN_POINT('',(-180.,16.7,5.));
#1460 = CIRCLE('',#1461,1.7);
#1461 = AXIS2_PLACEMENT_3D('',#1462,#1463,#1464);
#1462 = CARTESIAN_POINT('',(-180.,15.,5.));
#1463 = DIRECTION('',(1.,4.4E-16,-0.));
#1464 = DIRECTION('',(-4.4E-16,1.,0.));
#1465 = FACE_BOUND('',#1466,.T.);
#1466 = EDGE_LOOP('',(#1467));
#1467 = ORIENTED_EDGE('',*,*,#1468,.T.);
#1468 = EDGE_CURVE('',#1469,#1469,#1471,.T.);
#1469 = VERTEX_POINT('',#1470);
#1470 = CARTESIAN_POINT('',(-180.,6.7,5.));
#1471 = CIRCLE('',#1472,1.7);
#1472 = AXIS2_PLACEMENT_3D('',#1473,#1474,#1475);
#1473 = CARTESIAN_POINT('',(-180.,5.,5.));
#1474 = DIRECTION('',(1.,4.4E-16,-0.));
#1475 = DIRECTION('',(-4.4E-16,1.,0.));
#1476 = PLANE('',#1477);
#1477 = AXIS2_PLACEMENT_3D('',#1478,#1479,#1480);
#1478 = CARTESIAN_POINT('',(-180.,0.,0.));
#1479 = DIRECTION('',(1.,0.,0.));
#1480 = DIRECTION('',(0.,-1.,4.4E-16));
#1481 = ADVANCED_FACE('',(#1482),#1493,.F.);
#1482 = FACE_BOUND('',#1483,.T.);
#1483 = EDGE_LOOP('',(#1484,#1485,#1486,#1487));
#1484 = ORIENTED_EDGE('',*,*,#1126,.F.);
#1485 = ORIENTED_EDGE('',*,*,#1449,.T.);
#1486 = ORIENTED_EDGE('',*,*,#1255,.T.);
#1487 = ORIENTED_EDGE('',*,*,#1488,.F.);
#1488 = EDGE_CURVE('',#1118,#1247,#1489,.T.);
#1489 = LINE('',#1490,#1491);
#1490 = CARTESIAN_POINT('',(-137.,30.,-1.332E-14));
#1491 = VECTOR('',#1492,1.);
#1492 = DIRECTION('',(0.,4.4E-16,1.));
#1493 = PLANE('',#1494);
#1494 = AXIS2_PLACEMENT_3D('',#1495,#1496,#1497);
#1495 = CARTESIAN_POINT('',(-180.,30.,-1.332E-14));
#1496 = DIRECTION('',(0.,-1.,4.4E-16));
#1497 = DIRECTION('',(-1.,0.,0.));
#1498 = ADVANCED_FACE('',(#1499),#1510,.T.);
#1499 = FACE_BOUND('',#1500,.F.);
#1500 = EDGE_LOOP('',(#1501,#1502,#1508,#1509));
#1501 = ORIENTED_EDGE('',*,*,#1117,.T.);
#1502 = ORIENTED_EDGE('',*,*,#1503,.T.);
#1503 = EDGE_CURVE('',#1110,#1239,#1504,.T.);
#1504 = LINE('',#1505,#1506);
#1505 = CARTESIAN_POINT('',(-135.,28.,-1.243E-14));
#1506 = VECTOR('',#1507,1.);
#1507 = DIRECTION('',(0.,4.4E-16,1.));
#1508 = ORIENTED_EDGE('',*,*,#1246,.F.);
#1509 = ORIENTED_EDGE('',*,*,#1488,.F.);
#1510 = CYLINDRICAL_SURFACE('',#1511,2.);
#1511 = AXIS2_PLACEMENT_3D('',#1512,#1513,#1514);
#1512 = CARTESIAN_POINT('',(-137.,28.,-1.243E-14));
#1513 = DIRECTION('',(0.,4.4E-16,1.));
#1514 = DIRECTION('',(0.,1.,-4.4E-16));
#1515 = ADVANCED_FACE('',(#1516),#1522,.F.);
#1516 = FACE_BOUND('',#1517,.T.);
#1517 = EDGE_LOOP('',(#1518,#1519,#1520,#1521));
#1518 = ORIENTED_EDGE('',*,*,#1109,.F.);
#1519 = ORIENTED_EDGE('',*,*,#1503,.T.);
#1520 = ORIENTED_EDGE('',*,*,#1238,.T.);
#1521 = ORIENTED_EDGE('',*,*,#1415,.F.);
#1522 = PLANE('',#1523);
#1523 = AXIS2_PLACEMENT_3D('',#1524,#1525,#1526);
#1524 = CARTESIAN_POINT('',(-135.,30.,-1.332E-14));
#1525 = DIRECTION('',(-1.,0.,-0.));
#1526 = DIRECTION('',(0.,1.,-4.4E-16));
#1527 = ADVANCED_FACE('',(#1528),#1539,.T.);
#1528 = FACE_BOUND('',#1529,.T.);
#1529 = EDGE_LOOP('',(#1530,#1531,#1532,#1533));
#1530 = ORIENTED_EDGE('',*,*,#1085,.T.);
#1531 = ORIENTED_EDGE('',*,*,#1399,.T.);
#1532 = ORIENTED_EDGE('',*,*,#1214,.F.);
#1533 = ORIENTED_EDGE('',*,*,#1534,.F.);
#1534 = EDGE_CURVE('',#1078,#1207,#1535,.T.);
#1535 = LINE('',#1536,#1537);
#1536 = CARTESIAN_POINT('',(-145.,12.,-5.33E-15));
#1537 = VECTOR('',#1538,1.);
#1538 = DIRECTION('',(0.,4.4E-16,1.));
#1539 = CYLINDRICAL_SURFACE('',#1540,2.);
#1540 = AXIS2_PLACEMENT_3D('',#1541,#1542,#1543);
#1541 = CARTESIAN_POINT('',(-143.,12.,-5.33E-15));
#1542 = DIRECTION('',(0.,4.4E-16,1.));
#1543 = DIRECTION('',(-1.,0.,0.));
#1544 = ADVANCED_FACE('',(#1545),#1556,.T.);
#1545 = FACE_BOUND('',#1546,.F.);
#1546 = EDGE_LOOP('',(#1547,#1548,#1554,#1555));
#1547 = ORIENTED_EDGE('',*,*,#1077,.F.);
#1548 = ORIENTED_EDGE('',*,*,#1549,.T.);
#1549 = EDGE_CURVE('',#1070,#1199,#1550,.T.);
#1550 = LINE('',#1551,#1552);
#1551 = CARTESIAN_POINT('',(-145.,18.,-7.99E-15));
#1552 = VECTOR('',#1553,1.);
#1553 = DIRECTION('',(0.,4.4E-16,1.));
#1554 = ORIENTED_EDGE('',*,*,#1206,.T.);
#1555 = ORIENTED_EDGE('',*,*,#1534,.F.);
#1556 = PLANE('',#1557);
#1557 = AXIS2_PLACEMENT_3D('',#1558,#1559,#1560);
#1558 = CARTESIAN_POINT('',(-145.,20.,-8.88E-15));
#1559 = DIRECTION('',(-1.,0.,-0.));
#1560 = DIRECTION('',(0.,1.,-4.4E-16));
#1561 = ADVANCED_FACE('',(#1562),#1573,.T.);
#1562 = FACE_BOUND('',#1563,.F.);
#1563 = EDGE_LOOP('',(#1564,#1565,#1572));
#1564 = ORIENTED_EDGE('',*,*,#1061,.F.);
#1565 = ORIENTED_EDGE('',*,*,#1566,.T.);
#1566 = EDGE_CURVE('',#1054,#1070,#1567,.T.);
#1567 = CIRCLE('',#1568,2.);
#1568 = AXIS2_PLACEMENT_3D('',#1569,#1570,#1571);
#1569 = CARTESIAN_POINT('',(-147.,18.,-7.99E-15));
#1570 = DIRECTION('',(-0.,-4.4E-16,-1.));
#1571 = DIRECTION('',(0.,-1.,4.4E-16));
#1572 = ORIENTED_EDGE('',*,*,#1069,.F.);
#1573 = PLANE('',#1574);
#1574 = AXIS2_PLACEMENT_3D('',#1575,#1576,#1577);
#1575 = CARTESIAN_POINT('',(-141.5384615384,17.307692307692,-3.84E-15));
#1576 = DIRECTION('',(0.,-2.2E-16,-1.));
#1577 = DIRECTION('',(-0.,-1.,2.2E-16));
#1578 = ADVANCED_FACE('',(#1579),#1621,.T.);
#1579 = FACE_BOUND('',#1580,.F.);
#1580 = EDGE_LOOP('',(#1581,#1582,#1590,#1599,#1608,#1614,#1615));
#1581 = ORIENTED_EDGE('',*,*,#1053,.F.);
#1582 = ORIENTED_EDGE('',*,*,#1583,.T.);
#1583 = EDGE_CURVE('',#1046,#1584,#1586,.T.);
#1584 = VERTEX_POINT('',#1585);
#1585 = CARTESIAN_POINT('',(-168.,20.,4.646152422707));
#1586 = LINE('',#1587,#1588);
#1587 = CARTESIAN_POINT('',(-168.,20.,-8.88E-15));
#1588 = VECTOR('',#1589,1.);
#1589 = DIRECTION('',(0.,4.4E-16,1.));
#1590 = ORIENTED_EDGE('',*,*,#1591,.T.);
#1591 = EDGE_CURVE('',#1584,#1592,#1594,.T.);
#1592 = VERTEX_POINT('',#1593);
#1593 = CARTESIAN_POINT('',(-168.010461369,20.,5.));
#1594 = ( BOUNDED_CURVE() B_SPLINE_CURVE(3,(#1595,#1596,#1597,#1598),
.UNSPECIFIED.,.F.,.F.) B_SPLINE_CURVE_WITH_KNOTS((4,4),(4.646152422707,
5.),.PIECEWISE_BEZIER_KNOTS.) CURVE() GEOMETRIC_REPRESENTATION_ITEM() 
RATIONAL_B_SPLINE_CURVE((1.,1.,1.,1.)) REPRESENTATION_ITEM('') );
#1595 = CARTESIAN_POINT('',(-168.,20.,4.646152422707));
#1596 = CARTESIAN_POINT('',(-168.,20.,4.764101615138));
#1597 = CARTESIAN_POINT('',(-168.003468787,20.,4.882050807569));
#1598 = CARTESIAN_POINT('',(-168.010461369,20.,5.));
#1599 = ORIENTED_EDGE('',*,*,#1600,.T.);
#1600 = EDGE_CURVE('',#1592,#1601,#1603,.T.);
#1601 = VERTEX_POINT('',#1602);
#1602 = CARTESIAN_POINT('',(-168.,20.,5.353847577293));
#1603 = ( BOUNDED_CURVE() B_SPLINE_CURVE(3,(#1604,#1605,#1606,#1607),
.UNSPECIFIED.,.F.,.F.) B_SPLINE_CURVE_WITH_KNOTS((4,4),(5.,
5.353847577293),.PIECEWISE_BEZIER_KNOTS.) CURVE() 
GEOMETRIC_REPRESENTATION_ITEM() RATIONAL_B_SPLINE_CURVE((1.,1.,1.,1.)) 
REPRESENTATION_ITEM('') );
#1604 = CARTESIAN_POINT('',(-168.010461369,20.,5.));
#1605 = CARTESIAN_POINT('',(-168.003468787,20.,5.117949192431));
#1606 = CARTESIAN_POINT('',(-168.,20.,5.235898384862));
#1607 = CARTESIAN_POINT('',(-168.,20.,5.353847577293));
#1608 = ORIENTED_EDGE('',*,*,#1609,.T.);
#1609 = EDGE_CURVE('',#1601,#1175,#1610,.T.);
#1610 = LINE('',#1611,#1612);
#1611 = CARTESIAN_POINT('',(-168.,20.,-8.88E-15));
#1612 = VECTOR('',#1613,1.);
#1613 = DIRECTION('',(0.,4.4E-16,1.));
#1614 = ORIENTED_EDGE('',*,*,#1182,.T.);
#1615 = ORIENTED_EDGE('',*,*,#1616,.F.);
#1616 = EDGE_CURVE('',#1054,#1183,#1617,.T.);
#1617 = LINE('',#1618,#1619);
#1618 = CARTESIAN_POINT('',(-147.,20.,-8.88E-15));
#1619 = VECTOR('',#1620,1.);
#1620 = DIRECTION('',(0.,4.4E-16,1.));
#1621 = PLANE('',#1622);
#1622 = AXIS2_PLACEMENT_3D('',#1623,#1624,#1625);
#1623 = CARTESIAN_POINT('',(-170.,20.,-8.88E-15));
#1624 = DIRECTION('',(0.,-1.,4.4E-16));
#1625 = DIRECTION('',(-1.,0.,0.));
#1626 = ADVANCED_FACE('',(#1627),#1638,.T.);
#1627 = FACE_BOUND('',#1628,.F.);
#1628 = EDGE_LOOP('',(#1629,#1630,#1637));
#1629 = ORIENTED_EDGE('',*,*,#1037,.F.);
#1630 = ORIENTED_EDGE('',*,*,#1631,.T.);
#1631 = EDGE_CURVE('',#1030,#1046,#1632,.T.);
#1632 = CIRCLE('',#1633,2.);
#1633 = AXIS2_PLACEMENT_3D('',#1634,#1635,#1636);
#1634 = CARTESIAN_POINT('',(-168.,18.,-7.99E-15));
#1635 = DIRECTION('',(-0.,-4.4E-16,-1.));
#1636 = DIRECTION('',(0.,-1.,4.4E-16));
#1637 = ORIENTED_EDGE('',*,*,#1045,.F.);
#1638 = PLANE('',#1639);
#1639 = AXIS2_PLACEMENT_3D('',#1640,#1641,#1642);
#1640 = CARTESIAN_POINT('',(-141.5384615384,17.307692307692,-3.84E-15));
#1641 = DIRECTION('',(0.,-2.2E-16,-1.));
#1642 = DIRECTION('',(-0.,-1.,2.2E-16));
#1643 = ADVANCED_FACE('',(#1644,#1725),#1775,.T.);
#1644 = FACE_BOUND('',#1645,.F.);
#1645 = EDGE_LOOP('',(#1646,#1647,#1655,#1662,#1663,#1671,#1679,#1687,
    #1695,#1703,#1711,#1719));
#1646 = ORIENTED_EDGE('',*,*,#1029,.F.);
#1647 = ORIENTED_EDGE('',*,*,#1648,.T.);
#1648 = EDGE_CURVE('',#1022,#1649,#1651,.T.);
#1649 = VERTEX_POINT('',#1650);
#1650 = CARTESIAN_POINT('',(-170.,3.E-15,8.));
#1651 = LINE('',#1652,#1653);
#1652 = CARTESIAN_POINT('',(-170.,0.,0.));
#1653 = VECTOR('',#1654,1.);
#1654 = DIRECTION('',(0.,4.4E-16,1.));
#1655 = ORIENTED_EDGE('',*,*,#1656,.T.);
#1656 = EDGE_CURVE('',#1649,#1151,#1657,.T.);
#1657 = CIRCLE('',#1658,2.);
#1658 = AXIS2_PLACEMENT_3D('',#1659,#1660,#1661);
#1659 = CARTESIAN_POINT('',(-170.,2.,8.));
#1660 = DIRECTION('',(-1.,-0.,-0.));
#1661 = DIRECTION('',(0.,0.,-1.));
#1662 = ORIENTED_EDGE('',*,*,#1158,.T.);
#1663 = ORIENTED_EDGE('',*,*,#1664,.F.);
#1664 = EDGE_CURVE('',#1665,#1159,#1667,.T.);
#1665 = VERTEX_POINT('',#1666);
#1666 = CARTESIAN_POINT('',(-170.,18.,5.353847577293));
#1667 = LINE('',#1668,#1669);
#1668 = CARTESIAN_POINT('',(-170.,18.,-7.99E-15));
#1669 = VECTOR('',#1670,1.);
#1670 = DIRECTION('',(0.,4.4E-16,1.));
#1671 = ORIENTED_EDGE('',*,*,#1672,.F.);
#1672 = EDGE_CURVE('',#1673,#1665,#1675,.T.);
#1673 = VERTEX_POINT('',#1674);
#1674 = CARTESIAN_POINT('',(-170.,16.602146997001,7.775));
#1675 = LINE('',#1676,#1677);
#1676 = CARTESIAN_POINT('',(-170.,16.602146997001,7.775));
#1677 = VECTOR('',#1678,1.);
#1678 = DIRECTION('',(2.2E-16,0.5,-0.866025403784));
#1679 = ORIENTED_EDGE('',*,*,#1680,.F.);
#1680 = EDGE_CURVE('',#1681,#1673,#1683,.T.);
#1681 = VERTEX_POINT('',#1682);
#1682 = CARTESIAN_POINT('',(-170.,13.397853002999,7.775));
#1683 = LINE('',#1684,#1685);
#1684 = CARTESIAN_POINT('',(-170.,13.397853002999,7.775));
#1685 = VECTOR('',#1686,1.);
#1686 = DIRECTION('',(4.4E-16,1.,-0.));
#1687 = ORIENTED_EDGE('',*,*,#1688,.F.);
#1688 = EDGE_CURVE('',#1689,#1681,#1691,.T.);
#1689 = VERTEX_POINT('',#1690);
#1690 = CARTESIAN_POINT('',(-170.,11.795706005998,5.));
#1691 = LINE('',#1692,#1693);
#1692 = CARTESIAN_POINT('',(-170.,11.795706005998,5.));
#1693 = VECTOR('',#1694,1.);
#1694 = DIRECTION('',(2.2E-16,0.5,0.866025403784));
#1695 = ORIENTED_EDGE('',*,*,#1696,.F.);
#1696 = EDGE_CURVE('',#1697,#1689,#1699,.T.);
#1697 = VERTEX_POINT('',#1698);
#1698 = CARTESIAN_POINT('',(-170.,13.397853002999,2.225));
#1699 = LINE('',#1700,#1701);
#1700 = CARTESIAN_POINT('',(-170.,13.397853002999,2.225));
#1701 = VECTOR('',#1702,1.);
#1702 = DIRECTION('',(-2.2E-16,-0.5,0.866025403784));
#1703 = ORIENTED_EDGE('',*,*,#1704,.F.);
#1704 = EDGE_CURVE('',#1705,#1697,#1707,.T.);
#1705 = VERTEX_POINT('',#1706);
#1706 = CARTESIAN_POINT('',(-170.,16.602146997001,2.225));
#1707 = LINE('',#1708,#1709);
#1708 = CARTESIAN_POINT('',(-170.,16.602146997001,2.225));
#1709 = VECTOR('',#1710,1.);
#1710 = DIRECTION('',(-4.4E-16,-1.,0.));
#1711 = ORIENTED_EDGE('',*,*,#1712,.F.);
#1712 = EDGE_CURVE('',#1713,#1705,#1715,.T.);
#1713 = VERTEX_POINT('',#1714);
#1714 = CARTESIAN_POINT('',(-170.,18.,4.646152422707));
#1715 = LINE('',#1716,#1717);
#1716 = CARTESIAN_POINT('',(-170.,18.204293994002,5.));
#1717 = VECTOR('',#1718,1.);
#1718 = DIRECTION('',(-2.2E-16,-0.5,-0.866025403784));
#1719 = ORIENTED_EDGE('',*,*,#1720,.F.);
#1720 = EDGE_CURVE('',#1030,#1713,#1721,.T.);
#1721 = LINE('',#1722,#1723);
#1722 = CARTESIAN_POINT('',(-170.,18.,-7.99E-15));
#1723 = VECTOR('',#1724,1.);
#1724 = DIRECTION('',(0.,4.4E-16,1.));
#1725 = FACE_BOUND('',#1726,.F.);
#1726 = EDGE_LOOP('',(#1727,#1737,#1745,#1753,#1761,#1769));
#1727 = ORIENTED_EDGE('',*,*,#1728,.F.);
#1728 = EDGE_CURVE('',#1729,#1731,#1733,.T.);
#1729 = VERTEX_POINT('',#1730);
#1730 = CARTESIAN_POINT('',(-170.,1.795706005998,5.));
#1731 = VERTEX_POINT('',#1732);
#1732 = CARTESIAN_POINT('',(-170.,3.397853002999,7.775));
#1733 = LINE('',#1734,#1735);
#1734 = CARTESIAN_POINT('',(-170.,1.795706005998,5.));
#1735 = VECTOR('',#1736,1.);
#1736 = DIRECTION('',(2.2E-16,0.5,0.866025403784));
#1737 = ORIENTED_EDGE('',*,*,#1738,.F.);
#1738 = EDGE_CURVE('',#1739,#1729,#1741,.T.);
#1739 = VERTEX_POINT('',#1740);
#1740 = CARTESIAN_POINT('',(-170.,3.397853002998,2.225));
#1741 = LINE('',#1742,#1743);
#1742 = CARTESIAN_POINT('',(-170.,3.397853002998,2.225));
#1743 = VECTOR('',#1744,1.);
#1744 = DIRECTION('',(-2.2E-16,-0.5,0.866025403785));
#1745 = ORIENTED_EDGE('',*,*,#1746,.F.);
#1746 = EDGE_CURVE('',#1747,#1739,#1749,.T.);
#1747 = VERTEX_POINT('',#1748);
#1748 = CARTESIAN_POINT('',(-170.,6.602146997003,2.224999999999));
#1749 = LINE('',#1750,#1751);
#1750 = CARTESIAN_POINT('',(-170.,6.602146997003,2.224999999999));
#1751 = VECTOR('',#1752,1.);
#1752 = DIRECTION('',(-4.4E-16,-1.,1.9763E-13));
#1753 = ORIENTED_EDGE('',*,*,#1754,.F.);
#1754 = EDGE_CURVE('',#1755,#1747,#1757,.T.);
#1755 = VERTEX_POINT('',#1756);
#1756 = CARTESIAN_POINT('',(-170.,8.204293994002,5.));
#1757 = LINE('',#1758,#1759);
#1758 = CARTESIAN_POINT('',(-170.,8.204293994002,5.));
#1759 = VECTOR('',#1760,1.);
#1760 = DIRECTION('',(-2.2E-16,-0.5,-0.866025403785));
#1761 = ORIENTED_EDGE('',*,*,#1762,.F.);
#1762 = EDGE_CURVE('',#1763,#1755,#1765,.T.);
#1763 = VERTEX_POINT('',#1764);
#1764 = CARTESIAN_POINT('',(-170.,6.602146997001,7.775));
#1765 = LINE('',#1766,#1767);
#1766 = CARTESIAN_POINT('',(-170.,6.602146997001,7.775));
#1767 = VECTOR('',#1768,1.);
#1768 = DIRECTION('',(2.2E-16,0.5,-0.866025403784));
#1769 = ORIENTED_EDGE('',*,*,#1770,.F.);
#1770 = EDGE_CURVE('',#1731,#1763,#1771,.T.);
#1771 = LINE('',#1772,#1773);
#1772 = CARTESIAN_POINT('',(-170.,3.397853002999,7.775));
#1773 = VECTOR('',#1774,1.);
#1774 = DIRECTION('',(4.4E-16,1.,-0.));
#1775 = PLANE('',#1776);
#1776 = AXIS2_PLACEMENT_3D('',#1777,#1778,#1779);
#1777 = CARTESIAN_POINT('',(-170.,0.,0.));
#1778 = DIRECTION('',(1.,0.,0.));
#1779 = DIRECTION('',(0.,-1.,4.4E-16));
#1780 = ADVANCED_FACE('',(#1781),#1792,.T.);
#1781 = FACE_BOUND('',#1782,.F.);
#1782 = EDGE_LOOP('',(#1783,#1784,#1785,#1791));
#1783 = ORIENTED_EDGE('',*,*,#1021,.F.);
#1784 = ORIENTED_EDGE('',*,*,#1433,.T.);
#1785 = ORIENTED_EDGE('',*,*,#1786,.T.);
#1786 = EDGE_CURVE('',#1434,#1649,#1787,.T.);
#1787 = LINE('',#1788,#1789);
#1788 = CARTESIAN_POINT('',(-180.,2.66E-15,8.));
#1789 = VECTOR('',#1790,1.);
#1790 = DIRECTION('',(1.,0.,0.));
#1791 = ORIENTED_EDGE('',*,*,#1648,.F.);
#1792 = PLANE('',#1793);
#1793 = AXIS2_PLACEMENT_3D('',#1794,#1795,#1796);
#1794 = CARTESIAN_POINT('',(-180.,0.,0.));
#1795 = DIRECTION('',(0.,-1.,4.4E-16));
#1796 = DIRECTION('',(-1.,0.,0.));
#1797 = ADVANCED_FACE('',(#1798),#1809,.F.);
#1798 = FACE_BOUND('',#1799,.T.);
#1799 = EDGE_LOOP('',(#1800,#1801,#1808));
#1800 = ORIENTED_EDGE('',*,*,#1190,.F.);
#1801 = ORIENTED_EDGE('',*,*,#1802,.T.);
#1802 = EDGE_CURVE('',#1183,#1199,#1803,.T.);
#1803 = CIRCLE('',#1804,2.);
#1804 = AXIS2_PLACEMENT_3D('',#1805,#1806,#1807);
#1805 = CARTESIAN_POINT('',(-147.,18.,10.));
#1806 = DIRECTION('',(-0.,-4.4E-16,-1.));
#1807 = DIRECTION('',(0.,-1.,4.4E-16));
#1808 = ORIENTED_EDGE('',*,*,#1198,.F.);
#1809 = PLANE('',#1810);
#1810 = AXIS2_PLACEMENT_3D('',#1811,#1812,#1813);
#1811 = CARTESIAN_POINT('',(-141.5384615384,17.307692307692,10.));
#1812 = DIRECTION('',(0.,-2.2E-16,-1.));
#1813 = DIRECTION('',(-0.,-1.,2.2E-16));
#1814 = ADVANCED_FACE('',(#1815),#1826,.F.);
#1815 = FACE_BOUND('',#1816,.T.);
#1816 = EDGE_LOOP('',(#1817,#1818,#1825));
#1817 = ORIENTED_EDGE('',*,*,#1166,.F.);
#1818 = ORIENTED_EDGE('',*,*,#1819,.T.);
#1819 = EDGE_CURVE('',#1159,#1175,#1820,.T.);
#1820 = CIRCLE('',#1821,2.);
#1821 = AXIS2_PLACEMENT_3D('',#1822,#1823,#1824);
#1822 = CARTESIAN_POINT('',(-168.,18.,10.));
#1823 = DIRECTION('',(-0.,-4.4E-16,-1.));
#1824 = DIRECTION('',(0.,-1.,4.4E-16));
#1825 = ORIENTED_EDGE('',*,*,#1174,.F.);
#1826 = PLANE('',#1827);
#1827 = AXIS2_PLACEMENT_3D('',#1828,#1829,#1830);
#1828 = CARTESIAN_POINT('',(-141.5384615384,17.307692307692,10.));
#1829 = DIRECTION('',(0.,-2.2E-16,-1.));
#1830 = DIRECTION('',(-0.,-1.,2.2E-16));
#1831 = ADVANCED_FACE('',(#1832),#1838,.T.);
#1832 = FACE_BOUND('',#1833,.F.);
#1833 = EDGE_LOOP('',(#1834,#1835,#1836,#1837));
#1834 = ORIENTED_EDGE('',*,*,#1441,.T.);
#1835 = ORIENTED_EDGE('',*,*,#1150,.T.);
#1836 = ORIENTED_EDGE('',*,*,#1656,.F.);
#1837 = ORIENTED_EDGE('',*,*,#1786,.F.);
#1838 = CYLINDRICAL_SURFACE('',#1839,2.);
#1839 = AXIS2_PLACEMENT_3D('',#1840,#1841,#1842);
#1840 = CARTESIAN_POINT('',(-180.,2.,8.));
#1841 = DIRECTION('',(1.,0.,0.));
#1842 = DIRECTION('',(0.,-1.,4.4E-16));
#1843 = ADVANCED_FACE('',(#1844),#1863,.F.);
#1844 = FACE_BOUND('',#1845,.T.);
#1845 = EDGE_LOOP('',(#1846,#1854,#1855,#1856));
#1846 = ORIENTED_EDGE('',*,*,#1847,.F.);
#1847 = EDGE_CURVE('',#1458,#1848,#1850,.T.);
#1848 = VERTEX_POINT('',#1849);
#1849 = CARTESIAN_POINT('',(-175.,16.7,5.));
#1850 = LINE('',#1851,#1852);
#1851 = CARTESIAN_POINT('',(-180.,16.7,5.));
#1852 = VECTOR('',#1853,1.);
#1853 = DIRECTION('',(1.,2.2E-16,0.));
#1854 = ORIENTED_EDGE('',*,*,#1457,.F.);
#1855 = ORIENTED_EDGE('',*,*,#1847,.T.);
#1856 = ORIENTED_EDGE('',*,*,#1857,.F.);
#1857 = EDGE_CURVE('',#1848,#1848,#1858,.T.);
#1858 = CIRCLE('',#1859,1.7);
#1859 = AXIS2_PLACEMENT_3D('',#1860,#1861,#1862);
#1860 = CARTESIAN_POINT('',(-175.,15.,5.));
#1861 = DIRECTION('',(-1.,-2.2E-16,-1.741711239665E-48));
#1862 = DIRECTION('',(-2.2E-16,1.,-2.2E-16));
#1863 = CYLINDRICAL_SURFACE('',#1864,1.7);
#1864 = AXIS2_PLACEMENT_3D('',#1865,#1866,#1867);
#1865 = CARTESIAN_POINT('',(-180.,15.,5.));
#1866 = DIRECTION('',(-1.,-2.2E-16,0.));
#1867 = DIRECTION('',(-2.2E-16,1.,-2.2E-16));
#1868 = ADVANCED_FACE('',(#1869),#1888,.F.);
#1869 = FACE_BOUND('',#1870,.T.);
#1870 = EDGE_LOOP('',(#1871,#1879,#1880,#1881));
#1871 = ORIENTED_EDGE('',*,*,#1872,.F.);
#1872 = EDGE_CURVE('',#1469,#1873,#1875,.T.);
#1873 = VERTEX_POINT('',#1874);
#1874 = CARTESIAN_POINT('',(-175.,6.7,5.));
#1875 = LINE('',#1876,#1877);
#1876 = CARTESIAN_POINT('',(-180.,6.7,5.));
#1877 = VECTOR('',#1878,1.);
#1878 = DIRECTION('',(1.,2.2E-16,0.));
#1879 = ORIENTED_EDGE('',*,*,#1468,.F.);
#1880 = ORIENTED_EDGE('',*,*,#1872,.T.);
#1881 = ORIENTED_EDGE('',*,*,#1882,.F.);
#1882 = EDGE_CURVE('',#1873,#1873,#1883,.T.);
#1883 = CIRCLE('',#1884,1.7);
#1884 = AXIS2_PLACEMENT_3D('',#1885,#1886,#1887);
#1885 = CARTESIAN_POINT('',(-175.,5.,5.));
#1886 = DIRECTION('',(-1.,-2.2E-16,-1.741711239665E-48));
#1887 = DIRECTION('',(-2.2E-16,1.,-2.2E-16));
#1888 = CYLINDRICAL_SURFACE('',#1889,1.7);
#1889 = AXIS2_PLACEMENT_3D('',#1890,#1891,#1892);
#1890 = CARTESIAN_POINT('',(-180.,5.,5.));
#1891 = DIRECTION('',(-1.,-2.2E-16,0.));
#1892 = DIRECTION('',(-2.2E-16,1.,-2.2E-16));
#1893 = ADVANCED_FACE('',(#1894),#1900,.F.);
#1894 = FACE_BOUND('',#1895,.T.);
#1895 = EDGE_LOOP('',(#1896,#1897,#1898,#1899));
#1896 = ORIENTED_EDGE('',*,*,#1566,.T.);
#1897 = ORIENTED_EDGE('',*,*,#1549,.T.);
#1898 = ORIENTED_EDGE('',*,*,#1802,.F.);
#1899 = ORIENTED_EDGE('',*,*,#1616,.F.);
#1900 = CYLINDRICAL_SURFACE('',#1901,2.);
#1901 = AXIS2_PLACEMENT_3D('',#1902,#1903,#1904);
#1902 = CARTESIAN_POINT('',(-147.,18.,-7.99E-15));
#1903 = DIRECTION('',(0.,4.4E-16,1.));
#1904 = DIRECTION('',(0.,1.,-4.4E-16));
#1905 = ADVANCED_FACE('',(#1906),#1917,.F.);
#1906 = FACE_BOUND('',#1907,.T.);
#1907 = EDGE_LOOP('',(#1908,#1914,#1915,#1916));
#1908 = ORIENTED_EDGE('',*,*,#1909,.T.);
#1909 = EDGE_CURVE('',#1665,#1601,#1910,.T.);
#1910 = ( BOUNDED_CURVE() B_SPLINE_CURVE(2,(#1911,#1912,#1913),
.UNSPECIFIED.,.F.,.F.) B_SPLINE_CURVE_WITH_KNOTS((3,3),(0.,
0.353847577293),.PIECEWISE_BEZIER_KNOTS.) CURVE() 
GEOMETRIC_REPRESENTATION_ITEM() RATIONAL_B_SPLINE_CURVE((1.,
0.707106781187,1.)) REPRESENTATION_ITEM('') );
#1911 = CARTESIAN_POINT('',(-170.,18.,5.353847577293));
#1912 = CARTESIAN_POINT('',(-170.,20.,5.353847577293));
#1913 = CARTESIAN_POINT('',(-168.,20.,5.353847577293));
#1914 = ORIENTED_EDGE('',*,*,#1609,.T.);
#1915 = ORIENTED_EDGE('',*,*,#1819,.F.);
#1916 = ORIENTED_EDGE('',*,*,#1664,.F.);
#1917 = CYLINDRICAL_SURFACE('',#1918,2.);
#1918 = AXIS2_PLACEMENT_3D('',#1919,#1920,#1921);
#1919 = CARTESIAN_POINT('',(-168.,18.,-7.99E-15));
#1920 = DIRECTION('',(0.,4.4E-16,1.));
#1921 = DIRECTION('',(-1.,0.,0.));
#1922 = ADVANCED_FACE('',(#1923),#1941,.F.);
#1923 = FACE_BOUND('',#1924,.F.);
#1924 = EDGE_LOOP('',(#1925,#1933,#1939,#1940));
#1925 = ORIENTED_EDGE('',*,*,#1926,.F.);
#1926 = EDGE_CURVE('',#1927,#1592,#1929,.T.);
#1927 = VERTEX_POINT('',#1928);
#1928 = CARTESIAN_POINT('',(-170.,18.204293994002,5.));
#1929 = ( BOUNDED_CURVE() B_SPLINE_CURVE(2,(#1930,#1931,#1932),
.UNSPECIFIED.,.F.,.F.) B_SPLINE_CURVE_WITH_KNOTS((3,3),(0.,
0.353847577293),.PIECEWISE_BEZIER_KNOTS.) CURVE() 
GEOMETRIC_REPRESENTATION_ITEM() RATIONAL_B_SPLINE_CURVE((1.,
0.742343248437,1.)) REPRESENTATION_ITEM('') );
#1930 = CARTESIAN_POINT('',(-170.,18.204293994002,5.));
#1931 = CARTESIAN_POINT('',(-169.8156095356,20.,5.));
#1932 = CARTESIAN_POINT('',(-168.010461369,20.,5.));
#1933 = ORIENTED_EDGE('',*,*,#1934,.F.);
#1934 = EDGE_CURVE('',#1665,#1927,#1935,.T.);
#1935 = LINE('',#1936,#1937);
#1936 = CARTESIAN_POINT('',(-170.,16.602146997001,7.775));
#1937 = VECTOR('',#1938,1.);
#1938 = DIRECTION('',(2.2E-16,0.5,-0.866025403784));
#1939 = ORIENTED_EDGE('',*,*,#1909,.T.);
#1940 = ORIENTED_EDGE('',*,*,#1600,.F.);
#1941 = ( BOUNDED_SURFACE() B_SPLINE_SURFACE(2,3,(
    (#1942,#1943,#1944,#1945)
    ,(#1946,#1947,#1948,#1949)
    ,(#1950,#1951,#1952,#1953
)),.UNSPECIFIED.,.F.,.F.,.F.) B_SPLINE_SURFACE_WITH_KNOTS((3,3),(4,4),(
    0.,0.353847577293),(5.,5.353847577293),.PIECEWISE_BEZIER_KNOTS.) 
GEOMETRIC_REPRESENTATION_ITEM() RATIONAL_B_SPLINE_SURFACE((
    (1.,1.,1.,1.)
    ,(0.742343248437,0.730876518231,0.719144920229,0.707106781187)
,(1.,1.,1.,1.))) REPRESENTATION_ITEM('') SURFACE() );
#1942 = CARTESIAN_POINT('',(-168.010461369,20.,5.));
#1943 = CARTESIAN_POINT('',(-168.003468787,20.,5.117949192431));
#1944 = CARTESIAN_POINT('',(-168.,20.,5.235898384862));
#1945 = CARTESIAN_POINT('',(-168.,20.,5.353847577293));
#1946 = CARTESIAN_POINT('',(-169.8156095356,20.,5.));
#1947 = CARTESIAN_POINT('',(-169.8715932766,20.,5.119799698685));
#1948 = CARTESIAN_POINT('',(-169.9330419296,20.,5.237872797444));
#1949 = CARTESIAN_POINT('',(-170.,20.,5.353847577293));
#1950 = CARTESIAN_POINT('',(-170.,18.204293994002,5.));
#1951 = CARTESIAN_POINT('',(-170.,18.136195996002,5.117949192431));
#1952 = CARTESIAN_POINT('',(-170.,18.068097998001,5.235898384862));
#1953 = CARTESIAN_POINT('',(-170.,18.,5.353847577293));
#1954 = ADVANCED_FACE('',(#1955),#1972,.F.);
#1955 = FACE_BOUND('',#1956,.F.);
#1956 = EDGE_LOOP('',(#1957,#1964,#1970,#1971));
#1957 = ORIENTED_EDGE('',*,*,#1958,.F.);
#1958 = EDGE_CURVE('',#1713,#1584,#1959,.T.);
#1959 = CIRCLE('',#1960,2.);
#1960 = AXIS2_PLACEMENT_3D('',#1961,#1962,#1963);
#1961 = CARTESIAN_POINT('',(-168.,18.,4.646152422707));
#1962 = DIRECTION('',(-0.,-4.4E-16,-1.));
#1963 = DIRECTION('',(-1.,0.,0.));
#1964 = ORIENTED_EDGE('',*,*,#1965,.F.);
#1965 = EDGE_CURVE('',#1927,#1713,#1966,.T.);
#1966 = LINE('',#1967,#1968);
#1967 = CARTESIAN_POINT('',(-170.,18.204293994002,5.));
#1968 = VECTOR('',#1969,1.);
#1969 = DIRECTION('',(-2.2E-16,-0.5,-0.866025403784));
#1970 = ORIENTED_EDGE('',*,*,#1926,.T.);
#1971 = ORIENTED_EDGE('',*,*,#1591,.F.);
#1972 = ( BOUNDED_SURFACE() B_SPLINE_SURFACE(2,3,(
    (#1973,#1974,#1975,#1976)
    ,(#1977,#1978,#1979,#1980)
    ,(#1981,#1982,#1983,#1984
)),.UNSPECIFIED.,.F.,.F.,.F.) B_SPLINE_SURFACE_WITH_KNOTS((3,3),(4,4),(
    0.,0.353847577293),(4.646152422707,5.),.PIECEWISE_BEZIER_KNOTS.) 
GEOMETRIC_REPRESENTATION_ITEM() RATIONAL_B_SPLINE_SURFACE((
    (1.,1.,1.,1.)
    ,(0.707106781187,0.719144920229,0.730876518231,0.742343248437)
,(1.,1.,1.,1.))) REPRESENTATION_ITEM('') SURFACE() );
#1973 = CARTESIAN_POINT('',(-168.,20.,4.646152422707));
#1974 = CARTESIAN_POINT('',(-168.,20.,4.764101615138));
#1975 = CARTESIAN_POINT('',(-168.003468787,20.,4.882050807569));
#1976 = CARTESIAN_POINT('',(-168.010461369,20.,5.));
#1977 = CARTESIAN_POINT('',(-170.,20.,4.646152422707));
#1978 = CARTESIAN_POINT('',(-169.9330419296,20.,4.762127202556));
#1979 = CARTESIAN_POINT('',(-169.8715932766,20.,4.880200301315));
#1980 = CARTESIAN_POINT('',(-169.8156095356,20.,5.));
#1981 = CARTESIAN_POINT('',(-170.,18.,4.646152422707));
#1982 = CARTESIAN_POINT('',(-170.,18.068097998001,4.764101615138));
#1983 = CARTESIAN_POINT('',(-170.,18.136195996002,4.882050807569));
#1984 = CARTESIAN_POINT('',(-170.,18.204293994002,5.));
#1985 = ADVANCED_FACE('',(#1986),#1992,.F.);
#1986 = FACE_BOUND('',#1987,.T.);
#1987 = EDGE_LOOP('',(#1988,#1989,#1990,#1991));
#1988 = ORIENTED_EDGE('',*,*,#1631,.T.);
#1989 = ORIENTED_EDGE('',*,*,#1583,.T.);
#1990 = ORIENTED_EDGE('',*,*,#1958,.F.);
#1991 = ORIENTED_EDGE('',*,*,#1720,.F.);
#1992 = CYLINDRICAL_SURFACE('',#1993,2.);
#1993 = AXIS2_PLACEMENT_3D('',#1994,#1995,#1996);
#1994 = CARTESIAN_POINT('',(-168.,18.,-7.99E-15));
#1995 = DIRECTION('',(0.,4.4E-16,1.));
#1996 = DIRECTION('',(-1.,0.,0.));
#1997 = ADVANCED_FACE('',(#1998),#2024,.F.);
#1998 = FACE_BOUND('',#1999,.T.);
#1999 = EDGE_LOOP('',(#2000,#2008,#2016,#2022,#2023));
#2000 = ORIENTED_EDGE('',*,*,#2001,.T.);
#2001 = EDGE_CURVE('',#1927,#2002,#2004,.T.);
#2002 = VERTEX_POINT('',#2003);
#2003 = CARTESIAN_POINT('',(-175.,18.204293994002,5.));
#2004 = LINE('',#2005,#2006);
#2005 = CARTESIAN_POINT('',(-170.,18.204293994002,5.));
#2006 = VECTOR('',#2007,1.);
#2007 = DIRECTION('',(-1.,2.2E-16,0.));
#2008 = ORIENTED_EDGE('',*,*,#2009,.T.);
#2009 = EDGE_CURVE('',#2002,#2010,#2012,.T.);
#2010 = VERTEX_POINT('',#2011);
#2011 = CARTESIAN_POINT('',(-175.,16.602146997001,2.225));
#2012 = LINE('',#2013,#2014);
#2013 = CARTESIAN_POINT('',(-175.,18.204293994002,5.));
#2014 = VECTOR('',#2015,1.);
#2015 = DIRECTION('',(-2.2E-16,-0.5,-0.866025403784));
#2016 = ORIENTED_EDGE('',*,*,#2017,.F.);
#2017 = EDGE_CURVE('',#1705,#2010,#2018,.T.);
#2018 = LINE('',#2019,#2020);
#2019 = CARTESIAN_POINT('',(-170.,16.602146997001,2.225));
#2020 = VECTOR('',#2021,1.);
#2021 = DIRECTION('',(-1.,2.2E-16,0.));
#2022 = ORIENTED_EDGE('',*,*,#1712,.F.);
#2023 = ORIENTED_EDGE('',*,*,#1965,.F.);
#2024 = PLANE('',#2025);
#2025 = AXIS2_PLACEMENT_3D('',#2026,#2027,#2028);
#2026 = CARTESIAN_POINT('',(-170.,18.204293994002,5.));
#2027 = DIRECTION('',(1.9E-16,0.866025403784,-0.5));
#2028 = DIRECTION('',(1.1E-16,0.5,0.866025403784));
#2029 = ADVANCED_FACE('',(#2030),#2048,.F.);
#2030 = FACE_BOUND('',#2031,.T.);
#2031 = EDGE_LOOP('',(#2032,#2033,#2041,#2047));
#2032 = ORIENTED_EDGE('',*,*,#2017,.T.);
#2033 = ORIENTED_EDGE('',*,*,#2034,.T.);
#2034 = EDGE_CURVE('',#2010,#2035,#2037,.T.);
#2035 = VERTEX_POINT('',#2036);
#2036 = CARTESIAN_POINT('',(-175.,13.397853002999,2.225));
#2037 = LINE('',#2038,#2039);
#2038 = CARTESIAN_POINT('',(-175.,16.602146997001,2.225));
#2039 = VECTOR('',#2040,1.);
#2040 = DIRECTION('',(-4.4E-16,-1.,0.));
#2041 = ORIENTED_EDGE('',*,*,#2042,.F.);
#2042 = EDGE_CURVE('',#1697,#2035,#2043,.T.);
#2043 = LINE('',#2044,#2045);
#2044 = CARTESIAN_POINT('',(-170.,13.397853002999,2.225));
#2045 = VECTOR('',#2046,1.);
#2046 = DIRECTION('',(-1.,2.2E-16,0.));
#2047 = ORIENTED_EDGE('',*,*,#1704,.F.);
#2048 = PLANE('',#2049);
#2049 = AXIS2_PLACEMENT_3D('',#2050,#2051,#2052);
#2050 = CARTESIAN_POINT('',(-170.,16.602146997001,2.225));
#2051 = DIRECTION('',(-0.,-2.2E-16,-1.));
#2052 = DIRECTION('',(2.2E-16,1.,-2.2E-16));
#2053 = ADVANCED_FACE('',(#2054),#2072,.F.);
#2054 = FACE_BOUND('',#2055,.T.);
#2055 = EDGE_LOOP('',(#2056,#2057,#2065,#2071));
#2056 = ORIENTED_EDGE('',*,*,#2042,.T.);
#2057 = ORIENTED_EDGE('',*,*,#2058,.T.);
#2058 = EDGE_CURVE('',#2035,#2059,#2061,.T.);
#2059 = VERTEX_POINT('',#2060);
#2060 = CARTESIAN_POINT('',(-175.,11.795706005998,5.));
#2061 = LINE('',#2062,#2063);
#2062 = CARTESIAN_POINT('',(-175.,13.397853002999,2.225));
#2063 = VECTOR('',#2064,1.);
#2064 = DIRECTION('',(-2.2E-16,-0.5,0.866025403784));
#2065 = ORIENTED_EDGE('',*,*,#2066,.F.);
#2066 = EDGE_CURVE('',#1689,#2059,#2067,.T.);
#2067 = LINE('',#2068,#2069);
#2068 = CARTESIAN_POINT('',(-170.,11.795706005998,5.));
#2069 = VECTOR('',#2070,1.);
#2070 = DIRECTION('',(-1.,2.2E-16,0.));
#2071 = ORIENTED_EDGE('',*,*,#1696,.F.);
#2072 = PLANE('',#2073);
#2073 = AXIS2_PLACEMENT_3D('',#2074,#2075,#2076);
#2074 = CARTESIAN_POINT('',(-170.,13.397853002999,2.225));
#2075 = DIRECTION('',(-1.9E-16,-0.866025403784,-0.5));
#2076 = DIRECTION('',(1.1E-16,0.5,-0.866025403784));
#2077 = ADVANCED_FACE('',(#2078),#2096,.F.);
#2078 = FACE_BOUND('',#2079,.T.);
#2079 = EDGE_LOOP('',(#2080,#2081,#2089,#2095));
#2080 = ORIENTED_EDGE('',*,*,#2066,.T.);
#2081 = ORIENTED_EDGE('',*,*,#2082,.T.);
#2082 = EDGE_CURVE('',#2059,#2083,#2085,.T.);
#2083 = VERTEX_POINT('',#2084);
#2084 = CARTESIAN_POINT('',(-175.,13.397853002999,7.775));
#2085 = LINE('',#2086,#2087);
#2086 = CARTESIAN_POINT('',(-175.,11.795706005998,5.));
#2087 = VECTOR('',#2088,1.);
#2088 = DIRECTION('',(2.2E-16,0.5,0.866025403784));
#2089 = ORIENTED_EDGE('',*,*,#2090,.F.);
#2090 = EDGE_CURVE('',#1681,#2083,#2091,.T.);
#2091 = LINE('',#2092,#2093);
#2092 = CARTESIAN_POINT('',(-170.,13.397853002999,7.775));
#2093 = VECTOR('',#2094,1.);
#2094 = DIRECTION('',(-1.,2.2E-16,0.));
#2095 = ORIENTED_EDGE('',*,*,#1688,.F.);
#2096 = PLANE('',#2097);
#2097 = AXIS2_PLACEMENT_3D('',#2098,#2099,#2100);
#2098 = CARTESIAN_POINT('',(-170.,11.795706005998,5.));
#2099 = DIRECTION('',(-1.9E-16,-0.866025403784,0.5));
#2100 = DIRECTION('',(-1.1E-16,-0.5,-0.866025403784));
#2101 = ADVANCED_FACE('',(#2102),#2120,.F.);
#2102 = FACE_BOUND('',#2103,.T.);
#2103 = EDGE_LOOP('',(#2104,#2105,#2113,#2119));
#2104 = ORIENTED_EDGE('',*,*,#2090,.T.);
#2105 = ORIENTED_EDGE('',*,*,#2106,.T.);
#2106 = EDGE_CURVE('',#2083,#2107,#2109,.T.);
#2107 = VERTEX_POINT('',#2108);
#2108 = CARTESIAN_POINT('',(-175.,16.602146997001,7.775));
#2109 = LINE('',#2110,#2111);
#2110 = CARTESIAN_POINT('',(-175.,13.397853002999,7.775));
#2111 = VECTOR('',#2112,1.);
#2112 = DIRECTION('',(4.4E-16,1.,-0.));
#2113 = ORIENTED_EDGE('',*,*,#2114,.F.);
#2114 = EDGE_CURVE('',#1673,#2107,#2115,.T.);
#2115 = LINE('',#2116,#2117);
#2116 = CARTESIAN_POINT('',(-170.,16.602146997001,7.775));
#2117 = VECTOR('',#2118,1.);
#2118 = DIRECTION('',(-1.,2.2E-16,0.));
#2119 = ORIENTED_EDGE('',*,*,#1680,.F.);
#2120 = PLANE('',#2121);
#2121 = AXIS2_PLACEMENT_3D('',#2122,#2123,#2124);
#2122 = CARTESIAN_POINT('',(-170.,13.397853002999,7.775));
#2123 = DIRECTION('',(0.,2.2E-16,1.));
#2124 = DIRECTION('',(-2.2E-16,-1.,2.2E-16));
#2125 = ADVANCED_FACE('',(#2126),#2138,.F.);
#2126 = FACE_BOUND('',#2127,.T.);
#2127 = EDGE_LOOP('',(#2128,#2129,#2135,#2136,#2137));
#2128 = ORIENTED_EDGE('',*,*,#2114,.T.);
#2129 = ORIENTED_EDGE('',*,*,#2130,.T.);
#2130 = EDGE_CURVE('',#2107,#2002,#2131,.T.);
#2131 = LINE('',#2132,#2133);
#2132 = CARTESIAN_POINT('',(-175.,16.602146997001,7.775));
#2133 = VECTOR('',#2134,1.);
#2134 = DIRECTION('',(2.2E-16,0.5,-0.866025403784));
#2135 = ORIENTED_EDGE('',*,*,#2001,.F.);
#2136 = ORIENTED_EDGE('',*,*,#1934,.F.);
#2137 = ORIENTED_EDGE('',*,*,#1672,.F.);
#2138 = PLANE('',#2139);
#2139 = AXIS2_PLACEMENT_3D('',#2140,#2141,#2142);
#2140 = CARTESIAN_POINT('',(-170.,16.602146997001,7.775));
#2141 = DIRECTION('',(1.9E-16,0.866025403784,0.5));
#2142 = DIRECTION('',(-1.1E-16,-0.5,0.866025403784));
#2143 = ADVANCED_FACE('',(#2144),#2169,.F.);
#2144 = FACE_BOUND('',#2145,.T.);
#2145 = EDGE_LOOP('',(#2146,#2154,#2162,#2168));
#2146 = ORIENTED_EDGE('',*,*,#2147,.T.);
#2147 = EDGE_CURVE('',#1729,#2148,#2150,.T.);
#2148 = VERTEX_POINT('',#2149);
#2149 = CARTESIAN_POINT('',(-175.,1.795706005998,5.));
#2150 = LINE('',#2151,#2152);
#2151 = CARTESIAN_POINT('',(-170.,1.795706005998,5.));
#2152 = VECTOR('',#2153,1.);
#2153 = DIRECTION('',(-1.,2.2E-16,0.));
#2154 = ORIENTED_EDGE('',*,*,#2155,.T.);
#2155 = EDGE_CURVE('',#2148,#2156,#2158,.T.);
#2156 = VERTEX_POINT('',#2157);
#2157 = CARTESIAN_POINT('',(-175.,3.397853002999,7.775));
#2158 = LINE('',#2159,#2160);
#2159 = CARTESIAN_POINT('',(-175.,1.795706005998,5.));
#2160 = VECTOR('',#2161,1.);
#2161 = DIRECTION('',(2.2E-16,0.5,0.866025403784));
#2162 = ORIENTED_EDGE('',*,*,#2163,.F.);
#2163 = EDGE_CURVE('',#1731,#2156,#2164,.T.);
#2164 = LINE('',#2165,#2166);
#2165 = CARTESIAN_POINT('',(-170.,3.397853002999,7.775));
#2166 = VECTOR('',#2167,1.);
#2167 = DIRECTION('',(-1.,2.2E-16,0.));
#2168 = ORIENTED_EDGE('',*,*,#1728,.F.);
#2169 = PLANE('',#2170);
#2170 = AXIS2_PLACEMENT_3D('',#2171,#2172,#2173);
#2171 = CARTESIAN_POINT('',(-170.,1.795706005998,5.));
#2172 = DIRECTION('',(-1.9E-16,-0.866025403784,0.5));
#2173 = DIRECTION('',(-1.1E-16,-0.5,-0.866025403784));
#2174 = ADVANCED_FACE('',(#2175),#2193,.F.);
#2175 = FACE_BOUND('',#2176,.T.);
#2176 = EDGE_LOOP('',(#2177,#2185,#2191,#2192));
#2177 = ORIENTED_EDGE('',*,*,#2178,.T.);
#2178 = EDGE_CURVE('',#1739,#2179,#2181,.T.);
#2179 = VERTEX_POINT('',#2180);
#2180 = CARTESIAN_POINT('',(-175.,3.397853002998,2.225));
#2181 = LINE('',#2182,#2183);
#2182 = CARTESIAN_POINT('',(-170.,3.397853002998,2.225));
#2183 = VECTOR('',#2184,1.);
#2184 = DIRECTION('',(-1.,2.2E-16,0.));
#2185 = ORIENTED_EDGE('',*,*,#2186,.T.);
#2186 = EDGE_CURVE('',#2179,#2148,#2187,.T.);
#2187 = LINE('',#2188,#2189);
#2188 = CARTESIAN_POINT('',(-175.,3.397853002998,2.225));
#2189 = VECTOR('',#2190,1.);
#2190 = DIRECTION('',(-2.2E-16,-0.5,0.866025403785));
#2191 = ORIENTED_EDGE('',*,*,#2147,.F.);
#2192 = ORIENTED_EDGE('',*,*,#1738,.F.);
#2193 = PLANE('',#2194);
#2194 = AXIS2_PLACEMENT_3D('',#2195,#2196,#2197);
#2195 = CARTESIAN_POINT('',(-170.,3.397853002998,2.225));
#2196 = DIRECTION('',(-1.9E-16,-0.866025403785,-0.5));
#2197 = DIRECTION('',(1.1E-16,0.5,-0.866025403785));
#2198 = ADVANCED_FACE('',(#2199),#2217,.F.);
#2199 = FACE_BOUND('',#2200,.T.);
#2200 = EDGE_LOOP('',(#2201,#2202,#2210,#2216));
#2201 = ORIENTED_EDGE('',*,*,#2163,.T.);
#2202 = ORIENTED_EDGE('',*,*,#2203,.T.);
#2203 = EDGE_CURVE('',#2156,#2204,#2206,.T.);
#2204 = VERTEX_POINT('',#2205);
#2205 = CARTESIAN_POINT('',(-175.,6.602146997001,7.775));
#2206 = LINE('',#2207,#2208);
#2207 = CARTESIAN_POINT('',(-175.,3.397853002999,7.775));
#2208 = VECTOR('',#2209,1.);
#2209 = DIRECTION('',(4.4E-16,1.,-0.));
#2210 = ORIENTED_EDGE('',*,*,#2211,.F.);
#2211 = EDGE_CURVE('',#1763,#2204,#2212,.T.);
#2212 = LINE('',#2213,#2214);
#2213 = CARTESIAN_POINT('',(-170.,6.602146997001,7.775));
#2214 = VECTOR('',#2215,1.);
#2215 = DIRECTION('',(-1.,2.2E-16,0.));
#2216 = ORIENTED_EDGE('',*,*,#1770,.F.);
#2217 = PLANE('',#2218);
#2218 = AXIS2_PLACEMENT_3D('',#2219,#2220,#2221);
#2219 = CARTESIAN_POINT('',(-170.,3.397853002999,7.775));
#2220 = DIRECTION('',(0.,2.2E-16,1.));
#2221 = DIRECTION('',(-2.2E-16,-1.,2.2E-16));
#2222 = ADVANCED_FACE('',(#2223),#2241,.F.);
#2223 = FACE_BOUND('',#2224,.T.);
#2224 = EDGE_LOOP('',(#2225,#2233,#2239,#2240));
#2225 = ORIENTED_EDGE('',*,*,#2226,.T.);
#2226 = EDGE_CURVE('',#1747,#2227,#2229,.T.);
#2227 = VERTEX_POINT('',#2228);
#2228 = CARTESIAN_POINT('',(-175.,6.602146997003,2.224999999999));
#2229 = LINE('',#2230,#2231);
#2230 = CARTESIAN_POINT('',(-170.,6.602146997003,2.224999999999));
#2231 = VECTOR('',#2232,1.);
#2232 = DIRECTION('',(-1.,2.2E-16,0.));
#2233 = ORIENTED_EDGE('',*,*,#2234,.T.);
#2234 = EDGE_CURVE('',#2227,#2179,#2235,.T.);
#2235 = LINE('',#2236,#2237);
#2236 = CARTESIAN_POINT('',(-175.,6.602146997003,2.224999999999));
#2237 = VECTOR('',#2238,1.);
#2238 = DIRECTION('',(-4.4E-16,-1.,1.9763E-13));
#2239 = ORIENTED_EDGE('',*,*,#2178,.F.);
#2240 = ORIENTED_EDGE('',*,*,#1746,.F.);
#2241 = PLANE('',#2242);
#2242 = AXIS2_PLACEMENT_3D('',#2243,#2244,#2245);
#2243 = CARTESIAN_POINT('',(-170.,6.602146997003,2.224999999999));
#2244 = DIRECTION('',(-0.,-1.9785E-13,-1.));
#2245 = DIRECTION('',(2.2E-16,1.,-1.9785E-13));
#2246 = ADVANCED_FACE('',(#2247),#2265,.F.);
#2247 = FACE_BOUND('',#2248,.T.);
#2248 = EDGE_LOOP('',(#2249,#2250,#2258,#2264));
#2249 = ORIENTED_EDGE('',*,*,#2211,.T.);
#2250 = ORIENTED_EDGE('',*,*,#2251,.T.);
#2251 = EDGE_CURVE('',#2204,#2252,#2254,.T.);
#2252 = VERTEX_POINT('',#2253);
#2253 = CARTESIAN_POINT('',(-175.,8.204293994002,5.));
#2254 = LINE('',#2255,#2256);
#2255 = CARTESIAN_POINT('',(-175.,6.602146997001,7.775));
#2256 = VECTOR('',#2257,1.);
#2257 = DIRECTION('',(2.2E-16,0.5,-0.866025403784));
#2258 = ORIENTED_EDGE('',*,*,#2259,.F.);
#2259 = EDGE_CURVE('',#1755,#2252,#2260,.T.);
#2260 = LINE('',#2261,#2262);
#2261 = CARTESIAN_POINT('',(-170.,8.204293994002,5.));
#2262 = VECTOR('',#2263,1.);
#2263 = DIRECTION('',(-1.,2.2E-16,0.));
#2264 = ORIENTED_EDGE('',*,*,#1762,.F.);
#2265 = PLANE('',#2266);
#2266 = AXIS2_PLACEMENT_3D('',#2267,#2268,#2269);
#2267 = CARTESIAN_POINT('',(-170.,6.602146997001,7.775));
#2268 = DIRECTION('',(1.9E-16,0.866025403784,0.5));
#2269 = DIRECTION('',(-1.1E-16,-0.5,0.866025403784));
#2270 = ADVANCED_FACE('',(#2271),#2282,.F.);
#2271 = FACE_BOUND('',#2272,.T.);
#2272 = EDGE_LOOP('',(#2273,#2274,#2280,#2281));
#2273 = ORIENTED_EDGE('',*,*,#2259,.T.);
#2274 = ORIENTED_EDGE('',*,*,#2275,.T.);
#2275 = EDGE_CURVE('',#2252,#2227,#2276,.T.);
#2276 = LINE('',#2277,#2278);
#2277 = CARTESIAN_POINT('',(-175.,8.204293994002,5.));
#2278 = VECTOR('',#2279,1.);
#2279 = DIRECTION('',(-2.2E-16,-0.5,-0.866025403785));
#2280 = ORIENTED_EDGE('',*,*,#2226,.F.);
#2281 = ORIENTED_EDGE('',*,*,#1754,.F.);
#2282 = PLANE('',#2283);
#2283 = AXIS2_PLACEMENT_3D('',#2284,#2285,#2286);
#2284 = CARTESIAN_POINT('',(-170.,8.204293994002,5.));
#2285 = DIRECTION('',(1.9E-16,0.866025403785,-0.5));
#2286 = DIRECTION('',(1.1E-16,0.5,0.866025403785));
#2287 = ADVANCED_FACE('',(#2288,#2296),#2299,.F.);
#2288 = FACE_BOUND('',#2289,.T.);
#2289 = EDGE_LOOP('',(#2290,#2291,#2292,#2293,#2294,#2295));
#2290 = ORIENTED_EDGE('',*,*,#2082,.F.);
#2291 = ORIENTED_EDGE('',*,*,#2058,.F.);
#2292 = ORIENTED_EDGE('',*,*,#2034,.F.);
#2293 = ORIENTED_EDGE('',*,*,#2009,.F.);
#2294 = ORIENTED_EDGE('',*,*,#2130,.F.);
#2295 = ORIENTED_EDGE('',*,*,#2106,.F.);
#2296 = FACE_BOUND('',#2297,.T.);
#2297 = EDGE_LOOP('',(#2298));
#2298 = ORIENTED_EDGE('',*,*,#1857,.T.);
#2299 = PLANE('',#2300);
#2300 = AXIS2_PLACEMENT_3D('',#2301,#2302,#2303);
#2301 = CARTESIAN_POINT('',(-175.,10.,5.));
#2302 = DIRECTION('',(-1.,2.4E-16,0.));
#2303 = DIRECTION('',(-2.4E-16,-1.,0.));
#2304 = ADVANCED_FACE('',(#2305,#2313),#2316,.F.);
#2305 = FACE_BOUND('',#2306,.T.);
#2306 = EDGE_LOOP('',(#2307,#2308,#2309,#2310,#2311,#2312));
#2307 = ORIENTED_EDGE('',*,*,#2155,.F.);
#2308 = ORIENTED_EDGE('',*,*,#2186,.F.);
#2309 = ORIENTED_EDGE('',*,*,#2234,.F.);
#2310 = ORIENTED_EDGE('',*,*,#2275,.F.);
#2311 = ORIENTED_EDGE('',*,*,#2251,.F.);
#2312 = ORIENTED_EDGE('',*,*,#2203,.F.);
#2313 = FACE_BOUND('',#2314,.T.);
#2314 = EDGE_LOOP('',(#2315));
#2315 = ORIENTED_EDGE('',*,*,#1882,.T.);
#2316 = PLANE('',#2317);
#2317 = AXIS2_PLACEMENT_3D('',#2318,#2319,#2320);
#2318 = CARTESIAN_POINT('',(-175.,10.,5.));
#2319 = DIRECTION('',(-1.,2.4E-16,0.));
#2320 = DIRECTION('',(-2.4E-16,-1.,0.));
#2321 = ( GEOMETRIC_REPRESENTATION_CONTEXT(3) 
GLOBAL_UNCERTAINTY_ASSIGNED_CONTEXT((#2325)) 
GLOBAL_UNIT_ASSIGNED_CONTEXT((#2322,#2323,#2324)) REPRESENTATION_CONTEXT
('Context #1','3D Context with UNIT and UNCERTAINTY') );
#2322 = ( LENGTH_UNIT() NAMED_UNIT(*) SI_UNIT(.MILLI.,.METRE.) );
#2323 = ( NAMED_UNIT(*) PLANE_ANGLE_UNIT() SI_UNIT($,.RADIAN.) );
#2324 = ( NAMED_UNIT(*) SI_UNIT($,.STERADIAN.) SOLID_ANGLE_UNIT() );
#2325 = UNCERTAINTY_MEASURE_WITH_UNIT(LENGTH_MEASURE(2.E-06),#2322,
  'distance_accuracy_value','confusion accuracy');
#2326 = PRODUCT_RELATED_PRODUCT_CATEGORY('part',$,(#7));
#2327 = MECHANICAL_DESIGN_GEOMETRIC_PRESENTATION_REPRESENTATION('',(
    #2328),#2321);
#2328 = STYLED_ITEM('color',(#2329),#15);
#2329 = PRESENTATION_STYLE_ASSIGNMENT((#2330,#2336));
#2330 = SURFACE_STYLE_USAGE(.BOTH.,#2331);
#2331 = SURFACE_SIDE_STYLE('',(#2332));
#2332 = SURFACE_STYLE_FILL_AREA(#2333);
#2333 = FILL_AREA_STYLE('',(#2334));
#2334 = FILL_AREA_STYLE_COLOUR('',#2335);
#2335 = COLOUR_RGB('',0.800000010877,0.800000010877,0.800000010877);
#2336 = CURVE_STYLE('',#2337,POSITIVE_LENGTH_MEASURE(0.1),#2338);
#2337 = DRAUGHTING_PRE_DEFINED_CURVE_FONT('continuous');
#2338 = COLOUR_RGB('',9.803921802644E-02,9.803921802644E-02,
  9.803921802644E-02);
ENDSEC;
END-ISO-10303-21;
