ISO-10303-21;
HEADER;
FILE_DESCRIPTION(('FreeCAD Model'),'2;1');
FILE_NAME('Open CASCADE Shape Model','2025-12-16T11:03:27',('Author'),(
    ''),'Open CASCADE STEP processor 7.6','FreeCAD','Unknown');
FILE_SCHEMA(('AUTOMOTIVE_DESIGN { 1 0 10303 214 1 1 1 1 }'));
ENDSEC;
DATA;
#1 = APPLICATION_PROTOCOL_DEFINITION('international standard',
  'automotive_design',2000,#2);
#2 = APPLICATION_CONTEXT(
  'core data for automotive mechanical design processes');
#3 = SHAPE_DEFINITION_REPRESENTATION(#4,#10);
#4 = PRODUCT_DEFINITION_SHAPE('','',#5);
#5 = PRODUCT_DEFINITION('design','',#6,#9);
#6 = PRODUCT_DEFINITION_FORMATION('','',#7);
#7 = PRODUCT('Fillet002','Fillet002','',(#8));
#8 = PRODUCT_CONTEXT('',#2,'mechanical');
#9 = PRODUCT_DEFINITION_CONTEXT('part definition',#2,'design');
#10 = ADVANCED_BREP_SHAPE_REPRESENTATION('',(#11,#15),#3042);
#11 = AXIS2_PLACEMENT_3D('',#12,#13,#14);
#12 = CARTESIAN_POINT('',(0.,0.,0.));
#13 = DIRECTION('',(0.,0.,1.));
#14 = DIRECTION('',(1.,0.,-0.));
#15 = MANIFOLD_SOLID_BREP('',#16);
#16 = CLOSED_SHELL('',(#17,#423,#485,#518,#553,#571,#626,#674,#700,#725,
    #750,#776,#802,#827,#874,#900,#948,#995,#1020,#1068,#1094,#1119,
    #1144,#1170,#1196,#1221,#1274,#1300,#1348,#1365,#1396,#1420,#1444,
    #1468,#1492,#1509,#1562,#1598,#1640,#1657,#1710,#1746,#1788,#1805,
    #1857,#1898,#1935,#1953,#1985,#2009,#2033,#2051,#2082,#2107,#2132,
    #2156,#2180,#2205,#2230,#2254,#2278,#2303,#2328,#2352,#2376,#2401,
    #2426,#2450,#2474,#2499,#2524,#2548,#2572,#2597,#2622,#2639,#2664,
    #2695,#2720,#2745,#2762,#2793,#2818,#2843,#2860,#2892,#2916,#2940,
    #2958,#3025));
#17 = ADVANCED_FACE('',(#18,#54,#260,#310,#346,#382),#418,.F.);
#18 = FACE_BOUND('',#19,.F.);
#19 = EDGE_LOOP('',(#20,#31,#39,#48));
#20 = ORIENTED_EDGE('',*,*,#21,.T.);
#21 = EDGE_CURVE('',#22,#24,#26,.T.);
#22 = VERTEX_POINT('',#23);
#23 = CARTESIAN_POINT('',(-6.708920700498,15.620191517213,10.));
#24 = VERTEX_POINT('',#25);
#25 = CARTESIAN_POINT('',(-15.62401594925,6.700009374424,10.));
#26 = CIRCLE('',#27,17.);
#27 = AXIS2_PLACEMENT_3D('',#28,#29,#30);
#28 = CARTESIAN_POINT('',(0.,3.31E-15,10.));
#29 = DIRECTION('',(-3.419947804219E-33,3.3E-16,1.));
#30 = DIRECTION('',(-0.5,0.866025403784,-2.857883832489E-16));
#31 = ORIENTED_EDGE('',*,*,#32,.F.);
#32 = EDGE_CURVE('',#33,#24,#35,.T.);
#33 = VERTEX_POINT('',#34);
#34 = CARTESIAN_POINT('',(-5.438610208584,0.819462628242,10.));
#35 = LINE('',#36,#37);
#36 = CARTESIAN_POINT('',(-7.499999999993,2.009606579217,10.));
#37 = VECTOR('',#38,1.);
#38 = DIRECTION('',(-0.866025403784,0.5,-1.7E-16));
#39 = ORIENTED_EDGE('',*,*,#40,.F.);
#40 = EDGE_CURVE('',#41,#33,#43,.T.);
#41 = VERTEX_POINT('',#42);
#42 = CARTESIAN_POINT('',(-0.829686883921,5.437059837325,10.));
#43 = CIRCLE('',#44,5.5);
#44 = AXIS2_PLACEMENT_3D('',#45,#46,#47);
#45 = CARTESIAN_POINT('',(0.,3.31E-15,10.));
#46 = DIRECTION('',(-3.894532113528E-34,3.3E-16,1.));
#47 = DIRECTION('',(-0.5,0.866025403784,-2.857883832489E-16));
#48 = ORIENTED_EDGE('',*,*,#49,.T.);
#49 = EDGE_CURVE('',#41,#22,#50,.T.);
#50 = LINE('',#51,#52);
#51 = CARTESIAN_POINT('',(-2.017949192431,7.495190528383,10.));
#52 = VECTOR('',#53,1.);
#53 = DIRECTION('',(-0.5,0.866025403784,-2.9E-16));
#54 = FACE_BOUND('',#55,.F.);
#55 = EDGE_LOOP('',(#56,#66,#75,#83,#92,#100,#109,#117,#126,#134,#143,
    #151,#160,#168,#177,#185,#194,#202,#211,#219,#228,#236,#245,#253));
#56 = ORIENTED_EDGE('',*,*,#57,.F.);
#57 = EDGE_CURVE('',#58,#60,#62,.T.);
#58 = VERTEX_POINT('',#59);
#59 = CARTESIAN_POINT('',(-3.,-17.74823934929,10.));
#60 = VERTEX_POINT('',#61);
#61 = CARTESIAN_POINT('',(-3.,-21.,10.));
#62 = LINE('',#63,#64);
#63 = CARTESIAN_POINT('',(-3.,-19.36491673103,10.));
#64 = VECTOR('',#65,1.);
#65 = DIRECTION('',(1.26E-15,-1.,1.1E-16));
#66 = ORIENTED_EDGE('',*,*,#67,.F.);
#67 = EDGE_CURVE('',#68,#58,#70,.T.);
#68 = VERTEX_POINT('',#69);
#69 = CARTESIAN_POINT('',(-17.74823934929,-3.,10.));
#70 = CIRCLE('',#71,18.);
#71 = AXIS2_PLACEMENT_3D('',#72,#73,#74);
#72 = CARTESIAN_POINT('',(0.,3.36E-15,10.));
#73 = DIRECTION('',(5.705914899187E-33,3.3E-16,1.));
#74 = DIRECTION('',(-0.968245836552,-0.25,8.25E-17));
#75 = ORIENTED_EDGE('',*,*,#76,.T.);
#76 = EDGE_CURVE('',#68,#77,#79,.T.);
#77 = VERTEX_POINT('',#78);
#78 = CARTESIAN_POINT('',(-21.,-3.,10.));
#79 = LINE('',#80,#81);
#80 = CARTESIAN_POINT('',(-19.36491673103,-3.,10.));
#81 = VECTOR('',#82,1.);
#82 = DIRECTION('',(-1.,-2.99E-15,0.));
#83 = ORIENTED_EDGE('',*,*,#84,.T.);
#84 = EDGE_CURVE('',#77,#85,#87,.T.);
#85 = VERTEX_POINT('',#86);
#86 = CARTESIAN_POINT('',(-23.,-1.,10.));
#87 = CIRCLE('',#88,2.);
#88 = AXIS2_PLACEMENT_3D('',#89,#90,#91);
#89 = CARTESIAN_POINT('',(-21.,-1.,10.));
#90 = DIRECTION('',(0.,-3.3E-16,-1.));
#91 = DIRECTION('',(2.66E-15,-1.,3.3E-16));
#92 = ORIENTED_EDGE('',*,*,#93,.T.);
#93 = EDGE_CURVE('',#85,#94,#96,.T.);
#94 = VERTEX_POINT('',#95);
#95 = CARTESIAN_POINT('',(-23.,1.,10.));
#96 = LINE('',#97,#98);
#97 = CARTESIAN_POINT('',(-23.,-1.,10.));
#98 = VECTOR('',#99,1.);
#99 = DIRECTION('',(0.,1.,-1.1E-16));
#100 = ORIENTED_EDGE('',*,*,#101,.T.);
#101 = EDGE_CURVE('',#94,#102,#104,.T.);
#102 = VERTEX_POINT('',#103);
#103 = CARTESIAN_POINT('',(-21.,3.,10.));
#104 = CIRCLE('',#105,2.);
#105 = AXIS2_PLACEMENT_3D('',#106,#107,#108);
#106 = CARTESIAN_POINT('',(-21.,1.,10.));
#107 = DIRECTION('',(1.631969254923E-47,-3.3E-16,-1.));
#108 = DIRECTION('',(-1.,7.2E-16,-2.376E-31));
#109 = ORIENTED_EDGE('',*,*,#110,.T.);
#110 = EDGE_CURVE('',#102,#111,#113,.T.);
#111 = VERTEX_POINT('',#112);
#112 = CARTESIAN_POINT('',(-17.74823934929,3.,10.));
#113 = LINE('',#114,#115);
#114 = CARTESIAN_POINT('',(-21.,3.,10.));
#115 = VECTOR('',#116,1.);
#116 = DIRECTION('',(1.,0.,0.));
#117 = ORIENTED_EDGE('',*,*,#118,.F.);
#118 = EDGE_CURVE('',#119,#111,#121,.T.);
#119 = VERTEX_POINT('',#120);
#120 = CARTESIAN_POINT('',(-3.,17.748239349299,10.));
#121 = CIRCLE('',#122,18.);
#122 = AXIS2_PLACEMENT_3D('',#123,#124,#125);
#123 = CARTESIAN_POINT('',(0.,3.36E-15,10.));
#124 = DIRECTION('',(4.015739215635E-33,3.3E-16,1.));
#125 = DIRECTION('',(-0.25,0.968245836552,-3.195211260621E-16));
#126 = ORIENTED_EDGE('',*,*,#127,.F.);
#127 = EDGE_CURVE('',#128,#119,#130,.T.);
#128 = VERTEX_POINT('',#129);
#129 = CARTESIAN_POINT('',(-3.,21.,10.));
#130 = LINE('',#131,#132);
#131 = CARTESIAN_POINT('',(-3.,21.,10.));
#132 = VECTOR('',#133,1.);
#133 = DIRECTION('',(0.,-1.,1.1E-16));
#134 = ORIENTED_EDGE('',*,*,#135,.F.);
#135 = EDGE_CURVE('',#136,#128,#138,.T.);
#136 = VERTEX_POINT('',#137);
#137 = CARTESIAN_POINT('',(-1.,23.,10.));
#138 = CIRCLE('',#139,2.);
#139 = AXIS2_PLACEMENT_3D('',#140,#141,#142);
#140 = CARTESIAN_POINT('',(-1.,21.,10.));
#141 = DIRECTION('',(0.,3.3E-16,1.));
#142 = DIRECTION('',(0.,1.,-3.3E-16));
#143 = ORIENTED_EDGE('',*,*,#144,.F.);
#144 = EDGE_CURVE('',#145,#136,#147,.T.);
#145 = VERTEX_POINT('',#146);
#146 = CARTESIAN_POINT('',(1.,23.,10.));
#147 = LINE('',#148,#149);
#148 = CARTESIAN_POINT('',(1.,23.,10.));
#149 = VECTOR('',#150,1.);
#150 = DIRECTION('',(-1.,0.,0.));
#151 = ORIENTED_EDGE('',*,*,#152,.F.);
#152 = EDGE_CURVE('',#153,#145,#155,.T.);
#153 = VERTEX_POINT('',#154);
#154 = CARTESIAN_POINT('',(3.,21.,10.));
#155 = CIRCLE('',#156,2.);
#156 = AXIS2_PLACEMENT_3D('',#157,#158,#159);
#157 = CARTESIAN_POINT('',(1.,21.,10.));
#158 = DIRECTION('',(-7.586541366011E-47,3.3E-16,1.));
#159 = DIRECTION('',(1.,2.5E-15,-8.25E-31));
#160 = ORIENTED_EDGE('',*,*,#161,.F.);
#161 = EDGE_CURVE('',#162,#153,#164,.T.);
#162 = VERTEX_POINT('',#163);
#163 = CARTESIAN_POINT('',(3.,17.748239349299,10.));
#164 = LINE('',#165,#166);
#165 = CARTESIAN_POINT('',(3.,19.364916731037,10.));
#166 = VECTOR('',#167,1.);
#167 = DIRECTION('',(-7.9E-16,1.,-1.1E-16));
#168 = ORIENTED_EDGE('',*,*,#169,.F.);
#169 = EDGE_CURVE('',#170,#162,#172,.T.);
#170 = VERTEX_POINT('',#171);
#171 = CARTESIAN_POINT('',(17.748239349299,3.,10.));
#172 = CIRCLE('',#173,18.);
#173 = AXIS2_PLACEMENT_3D('',#174,#175,#176);
#174 = CARTESIAN_POINT('',(0.,3.36E-15,10.));
#175 = DIRECTION('',(1.813504257831E-33,3.3E-16,1.));
#176 = DIRECTION('',(0.968245836552,0.25,-8.25E-17));
#177 = ORIENTED_EDGE('',*,*,#178,.T.);
#178 = EDGE_CURVE('',#170,#179,#181,.T.);
#179 = VERTEX_POINT('',#180);
#180 = CARTESIAN_POINT('',(21.,3.,10.));
#181 = LINE('',#182,#183);
#182 = CARTESIAN_POINT('',(19.364916731037,3.,10.));
#183 = VECTOR('',#184,1.);
#184 = DIRECTION('',(1.,-3.47E-15,0.));
#185 = ORIENTED_EDGE('',*,*,#186,.T.);
#186 = EDGE_CURVE('',#179,#187,#189,.T.);
#187 = VERTEX_POINT('',#188);
#188 = CARTESIAN_POINT('',(23.,1.,10.));
#189 = CIRCLE('',#190,2.);
#190 = AXIS2_PLACEMENT_3D('',#191,#192,#193);
#191 = CARTESIAN_POINT('',(21.,1.,10.));
#192 = DIRECTION('',(0.,-3.3E-16,-1.));
#193 = DIRECTION('',(3.55E-15,1.,-3.3E-16));
#194 = ORIENTED_EDGE('',*,*,#195,.T.);
#195 = EDGE_CURVE('',#187,#196,#198,.T.);
#196 = VERTEX_POINT('',#197);
#197 = CARTESIAN_POINT('',(23.,-1.,10.));
#198 = LINE('',#199,#200);
#199 = CARTESIAN_POINT('',(23.,1.,10.));
#200 = VECTOR('',#201,1.);
#201 = DIRECTION('',(0.,-1.,1.1E-16));
#202 = ORIENTED_EDGE('',*,*,#203,.T.);
#203 = EDGE_CURVE('',#196,#204,#206,.T.);
#204 = VERTEX_POINT('',#205);
#205 = CARTESIAN_POINT('',(21.,-3.,10.));
#206 = CIRCLE('',#207,2.);
#207 = AXIS2_PLACEMENT_3D('',#208,#209,#210);
#208 = CARTESIAN_POINT('',(21.,-1.,10.));
#209 = DIRECTION('',(2.176858271817E-47,-3.3E-16,-1.));
#210 = DIRECTION('',(1.,9.4E-16,-3.102E-31));
#211 = ORIENTED_EDGE('',*,*,#212,.T.);
#212 = EDGE_CURVE('',#204,#213,#215,.T.);
#213 = VERTEX_POINT('',#214);
#214 = CARTESIAN_POINT('',(17.748239349299,-3.,10.));
#215 = LINE('',#216,#217);
#216 = CARTESIAN_POINT('',(21.,-3.,10.));
#217 = VECTOR('',#218,1.);
#218 = DIRECTION('',(-1.,0.,0.));
#219 = ORIENTED_EDGE('',*,*,#220,.F.);
#220 = EDGE_CURVE('',#221,#213,#223,.T.);
#221 = VERTEX_POINT('',#222);
#222 = CARTESIAN_POINT('',(3.,-17.74823934929,10.));
#223 = CIRCLE('',#224,18.);
#224 = AXIS2_PLACEMENT_3D('',#225,#226,#227);
#225 = CARTESIAN_POINT('',(0.,3.36E-15,10.));
#226 = DIRECTION('',(-5.214419588804E-33,3.3E-16,1.));
#227 = DIRECTION('',(0.25,-0.968245836552,3.195211260621E-16));
#228 = ORIENTED_EDGE('',*,*,#229,.F.);
#229 = EDGE_CURVE('',#230,#221,#232,.T.);
#230 = VERTEX_POINT('',#231);
#231 = CARTESIAN_POINT('',(3.,-21.,10.));
#232 = LINE('',#233,#234);
#233 = CARTESIAN_POINT('',(3.,-21.,10.));
#234 = VECTOR('',#235,1.);
#235 = DIRECTION('',(0.,1.,-1.1E-16));
#236 = ORIENTED_EDGE('',*,*,#237,.F.);
#237 = EDGE_CURVE('',#238,#230,#240,.T.);
#238 = VERTEX_POINT('',#239);
#239 = CARTESIAN_POINT('',(1.,-23.,10.));
#240 = CIRCLE('',#241,2.);
#241 = AXIS2_PLACEMENT_3D('',#242,#243,#244);
#242 = CARTESIAN_POINT('',(1.,-21.,10.));
#243 = DIRECTION('',(-0.,3.3E-16,1.));
#244 = DIRECTION('',(0.,-1.,3.3E-16));
#245 = ORIENTED_EDGE('',*,*,#246,.F.);
#246 = EDGE_CURVE('',#247,#238,#249,.T.);
#247 = VERTEX_POINT('',#248);
#248 = CARTESIAN_POINT('',(-1.,-23.,10.));
#249 = LINE('',#250,#251);
#250 = CARTESIAN_POINT('',(-1.,-23.,10.));
#251 = VECTOR('',#252,1.);
#252 = DIRECTION('',(1.,0.,0.));
#253 = ORIENTED_EDGE('',*,*,#254,.F.);
#254 = EDGE_CURVE('',#60,#247,#255,.T.);
#255 = CIRCLE('',#256,2.);
#256 = AXIS2_PLACEMENT_3D('',#257,#258,#259);
#257 = CARTESIAN_POINT('',(-1.,-21.,10.));
#258 = DIRECTION('',(1.864327199397E-47,3.3E-16,1.));
#259 = DIRECTION('',(-1.,-1.05E-15,3.465E-31));
#260 = FACE_BOUND('',#261,.F.);
#261 = EDGE_LOOP('',(#262,#272,#280,#288,#296,#304));
#262 = ORIENTED_EDGE('',*,*,#263,.T.);
#263 = EDGE_CURVE('',#264,#266,#268,.T.);
#264 = VERTEX_POINT('',#265);
#265 = CARTESIAN_POINT('',(4.607255148133,-1.297E-12,10.));
#266 = VERTEX_POINT('',#267);
#267 = CARTESIAN_POINT('',(2.303627574067,3.99,10.));
#268 = LINE('',#269,#270);
#269 = CARTESIAN_POINT('',(4.607255148133,-1.29662E-12,10.));
#270 = VECTOR('',#271,1.);
#271 = DIRECTION('',(-0.5,0.866025403785,0.));
#272 = ORIENTED_EDGE('',*,*,#273,.T.);
#273 = EDGE_CURVE('',#266,#274,#276,.T.);
#274 = VERTEX_POINT('',#275);
#275 = CARTESIAN_POINT('',(-2.303627574067,3.99,10.));
#276 = LINE('',#277,#278);
#277 = CARTESIAN_POINT('',(2.303627574067,3.99,10.));
#278 = VECTOR('',#279,1.);
#279 = DIRECTION('',(-1.,0.,0.));
#280 = ORIENTED_EDGE('',*,*,#281,.T.);
#281 = EDGE_CURVE('',#274,#282,#284,.T.);
#282 = VERTEX_POINT('',#283);
#283 = CARTESIAN_POINT('',(-4.607255148133,-1.295E-12,10.));
#284 = LINE('',#285,#286);
#285 = CARTESIAN_POINT('',(-2.303627574067,3.99,10.));
#286 = VECTOR('',#287,1.);
#287 = DIRECTION('',(-0.5,-0.866025403785,0.));
#288 = ORIENTED_EDGE('',*,*,#289,.T.);
#289 = EDGE_CURVE('',#282,#290,#292,.T.);
#290 = VERTEX_POINT('',#291);
#291 = CARTESIAN_POINT('',(-2.303627574066,-3.99,10.));
#292 = LINE('',#293,#294);
#293 = CARTESIAN_POINT('',(-4.607255148133,-1.29536E-12,10.));
#294 = VECTOR('',#295,1.);
#295 = DIRECTION('',(0.5,-0.866025403784,0.));
#296 = ORIENTED_EDGE('',*,*,#297,.T.);
#297 = EDGE_CURVE('',#290,#298,#300,.T.);
#298 = VERTEX_POINT('',#299);
#299 = CARTESIAN_POINT('',(2.303627574066,-3.99,10.));
#300 = LINE('',#301,#302);
#301 = CARTESIAN_POINT('',(-2.303627574066,-3.99,10.));
#302 = VECTOR('',#303,1.);
#303 = DIRECTION('',(1.,-4.8E-16,0.));
#304 = ORIENTED_EDGE('',*,*,#305,.T.);
#305 = EDGE_CURVE('',#298,#264,#306,.T.);
#306 = LINE('',#307,#308);
#307 = CARTESIAN_POINT('',(2.303627574066,-3.99,10.));
#308 = VECTOR('',#309,1.);
#309 = DIRECTION('',(0.5,0.866025403784,0.));
#310 = FACE_BOUND('',#311,.F.);
#311 = EDGE_LOOP('',(#312,#322,#331,#339));
#312 = ORIENTED_EDGE('',*,*,#313,.T.);
#313 = EDGE_CURVE('',#314,#316,#318,.T.);
#314 = VERTEX_POINT('',#315);
#315 = CARTESIAN_POINT('',(-5.438610208586,-0.819462628228,10.));
#316 = VERTEX_POINT('',#317);
#317 = CARTESIAN_POINT('',(-15.62401594926,-6.700009374412,10.));
#318 = LINE('',#319,#320);
#319 = CARTESIAN_POINT('',(-7.5,-2.009606579205,10.));
#320 = VECTOR('',#321,1.);
#321 = DIRECTION('',(-0.866025403784,-0.5,1.7E-16));
#322 = ORIENTED_EDGE('',*,*,#323,.T.);
#323 = EDGE_CURVE('',#316,#324,#326,.T.);
#324 = VERTEX_POINT('',#325);
#325 = CARTESIAN_POINT('',(-6.708920700498,-15.62019151721,10.));
#326 = CIRCLE('',#327,17.);
#327 = AXIS2_PLACEMENT_3D('',#328,#329,#330);
#328 = CARTESIAN_POINT('',(0.,3.31E-15,10.));
#329 = DIRECTION('',(1.672224713036E-32,3.3E-16,1.));
#330 = DIRECTION('',(-0.866346213685,-0.499443928819,1.648164965101E-16)
  );
#331 = ORIENTED_EDGE('',*,*,#332,.F.);
#332 = EDGE_CURVE('',#333,#324,#335,.T.);
#333 = VERTEX_POINT('',#334);
#334 = CARTESIAN_POINT('',(-0.829686883921,-5.437059837325,10.));
#335 = LINE('',#336,#337);
#336 = CARTESIAN_POINT('',(-2.017949192431,-7.495190528383,10.));
#337 = VECTOR('',#338,1.);
#338 = DIRECTION('',(-0.5,-0.866025403784,2.9E-16));
#339 = ORIENTED_EDGE('',*,*,#340,.F.);
#340 = EDGE_CURVE('',#314,#333,#341,.T.);
#341 = CIRCLE('',#342,5.5);
#342 = AXIS2_PLACEMENT_3D('',#343,#344,#345);
#343 = CARTESIAN_POINT('',(0.,3.31E-15,10.));
#344 = DIRECTION('',(-9.903419577547E-33,3.3E-16,1.));
#345 = DIRECTION('',(-0.866666666667,-0.49888765157,1.646329250181E-16)
  );
#346 = FACE_BOUND('',#347,.F.);
#347 = EDGE_LOOP('',(#348,#358,#367,#375));
#348 = ORIENTED_EDGE('',*,*,#349,.F.);
#349 = EDGE_CURVE('',#350,#352,#354,.T.);
#350 = VERTEX_POINT('',#351);
#351 = CARTESIAN_POINT('',(0.829686883921,5.437059837325,10.));
#352 = VERTEX_POINT('',#353);
#353 = CARTESIAN_POINT('',(6.708920700498,15.620191517213,10.));
#354 = LINE('',#355,#356);
#355 = CARTESIAN_POINT('',(2.017949192431,7.495190528383,10.));
#356 = VECTOR('',#357,1.);
#357 = DIRECTION('',(0.5,0.866025403784,-2.9E-16));
#358 = ORIENTED_EDGE('',*,*,#359,.F.);
#359 = EDGE_CURVE('',#360,#350,#362,.T.);
#360 = VERTEX_POINT('',#361);
#361 = CARTESIAN_POINT('',(5.436936370826,0.830495574694,10.));
#362 = CIRCLE('',#363,5.5);
#363 = AXIS2_PLACEMENT_3D('',#364,#365,#366);
#364 = CARTESIAN_POINT('',(0.,3.31E-15,10.));
#365 = DIRECTION('',(-3.456920426953E-33,3.3E-16,1.));
#366 = DIRECTION('',(0.86597459398,0.500087994838,-1.650290382965E-16));
#367 = ORIENTED_EDGE('',*,*,#368,.T.);
#368 = EDGE_CURVE('',#360,#369,#371,.T.);
#369 = VERTEX_POINT('',#370);
#370 = CARTESIAN_POINT('',(15.619888649865,6.709625814143,10.));
#371 = LINE('',#372,#373);
#372 = CARTESIAN_POINT('',(7.494809454851,2.018609153714,10.));
#373 = VECTOR('',#374,1.);
#374 = DIRECTION('',(0.866025403784,0.5,-1.7E-16));
#375 = ORIENTED_EDGE('',*,*,#376,.T.);
#376 = EDGE_CURVE('',#369,#352,#377,.T.);
#377 = CIRCLE('',#378,17.);
#378 = AXIS2_PLACEMENT_3D('',#379,#380,#381);
#379 = CARTESIAN_POINT('',(0.,3.31E-15,10.));
#380 = DIRECTION('',(-1.295599589404E-32,3.3E-16,1.));
#381 = DIRECTION('',(0.866,0.500043998064,-1.650145193612E-16));
#382 = FACE_BOUND('',#383,.F.);
#383 = EDGE_LOOP('',(#384,#395,#403,#412));
#384 = ORIENTED_EDGE('',*,*,#385,.F.);
#385 = EDGE_CURVE('',#386,#388,#390,.T.);
#386 = VERTEX_POINT('',#387);
#387 = CARTESIAN_POINT('',(0.829686883921,-5.437059837325,10.));
#388 = VERTEX_POINT('',#389);
#389 = CARTESIAN_POINT('',(5.438610208586,-0.819462628228,10.));
#390 = CIRCLE('',#391,5.5);
#391 = AXIS2_PLACEMENT_3D('',#392,#393,#394);
#392 = CARTESIAN_POINT('',(0.,3.31E-15,10.));
#393 = DIRECTION('',(-6.61687407463E-34,3.3E-16,1.));
#394 = DIRECTION('',(0.5,-0.866025403784,2.857883832489E-16));
#395 = ORIENTED_EDGE('',*,*,#396,.T.);
#396 = EDGE_CURVE('',#386,#397,#399,.T.);
#397 = VERTEX_POINT('',#398);
#398 = CARTESIAN_POINT('',(6.708920700498,-15.62019151721,10.));
#399 = LINE('',#400,#401);
#400 = CARTESIAN_POINT('',(2.017949192431,-7.495190528383,10.));
#401 = VECTOR('',#402,1.);
#402 = DIRECTION('',(0.5,-0.866025403784,2.9E-16));
#403 = ORIENTED_EDGE('',*,*,#404,.T.);
#404 = EDGE_CURVE('',#397,#405,#407,.T.);
#405 = VERTEX_POINT('',#406);
#406 = CARTESIAN_POINT('',(15.624015949262,-6.700009374412,10.));
#407 = CIRCLE('',#408,17.);
#408 = AXIS2_PLACEMENT_3D('',#409,#410,#411);
#409 = CARTESIAN_POINT('',(0.,3.31E-15,10.));
#410 = DIRECTION('',(-7.267144985415E-33,3.3E-16,1.));
#411 = DIRECTION('',(0.5,-0.866025403784,2.857883832489E-16));
#412 = ORIENTED_EDGE('',*,*,#413,.F.);
#413 = EDGE_CURVE('',#388,#405,#414,.T.);
#414 = LINE('',#415,#416);
#415 = CARTESIAN_POINT('',(7.5,-2.009606579205,10.));
#416 = VECTOR('',#417,1.);
#417 = DIRECTION('',(0.866025403784,-0.5,1.7E-16));
#418 = PLANE('',#419);
#419 = AXIS2_PLACEMENT_3D('',#420,#421,#422);
#420 = CARTESIAN_POINT('',(-3.93E-15,6.52E-15,10.));
#421 = DIRECTION('',(0.,-2.2E-16,-1.));
#422 = DIRECTION('',(0.,1.,-2.2E-16));
#423 = ADVANCED_FACE('',(#424),#480,.T.);
#424 = FACE_BOUND('',#425,.T.);
#425 = EDGE_LOOP('',(#426,#447,#448,#473));
#426 = ORIENTED_EDGE('',*,*,#427,.F.);
#427 = EDGE_CURVE('',#22,#428,#430,.T.);
#428 = VERTEX_POINT('',#429);
#429 = CARTESIAN_POINT('',(-7.5,12.990381056767,8.));
#430 = B_SPLINE_CURVE_WITH_KNOTS('',8,(#431,#432,#433,#434,#435,#436,
    #437,#438,#439,#440,#441,#442,#443,#444,#445,#446),.UNSPECIFIED.,.F.
  ,.F.,(9,7,9),(0.,0.730621833987,1.),.UNSPECIFIED.);
#431 = CARTESIAN_POINT('',(-6.708920700498,15.620191517213,10.));
#432 = CARTESIAN_POINT('',(-6.818731897009,15.289412980264,
    10.001447227872));
#433 = CARTESIAN_POINT('',(-6.919931357728,14.976731770446,9.96040813258
    ));
#434 = CARTESIAN_POINT('',(-7.017736826002,14.666066774158,
    9.892273317041));
#435 = CARTESIAN_POINT('',(-7.110869658674,14.362475986261,
    9.787212093935));
#436 = CARTESIAN_POINT('',(-7.199514329306,14.064847289843,
    9.646755622411));
#437 = CARTESIAN_POINT('',(-7.280711267467,13.78385416657,9.464058528347
    ));
#438 = CARTESIAN_POINT('',(-7.351954102671,13.530771682243,
    9.238212037352));
#439 = CARTESIAN_POINT('',(-7.429275338895,13.251294218729,
    8.862224520459));
#440 = CARTESIAN_POINT('',(-7.448095374652,13.182667533342,8.75431618687
    ));
#441 = CARTESIAN_POINT('',(-7.464577881779,13.122072532623,8.63993735935
    ));
#442 = CARTESIAN_POINT('',(-7.478353721825,13.071063509556,
    8.519522747904));
#443 = CARTESIAN_POINT('',(-7.489056641589,13.031223091487,
    8.393852708761));
#444 = CARTESIAN_POINT('',(-7.496352082703,13.00399500534,8.264128054154
    ));
#445 = CARTESIAN_POINT('',(-7.5,12.990381056767,8.13206230903));
#446 = CARTESIAN_POINT('',(-7.5,12.990381056767,8.));
#447 = ORIENTED_EDGE('',*,*,#21,.T.);
#448 = ORIENTED_EDGE('',*,*,#449,.T.);
#449 = EDGE_CURVE('',#24,#450,#452,.T.);
#450 = VERTEX_POINT('',#451);
#451 = CARTESIAN_POINT('',(-12.99519320526,7.491658932289,8.));
#452 = B_SPLINE_CURVE_WITH_KNOTS('',7,(#453,#454,#455,#456,#457,#458,
    #459,#460,#461,#462,#463,#464,#465,#466,#467,#468,#469,#470,#471,
    #472),.UNSPECIFIED.,.F.,.F.,(8,6,6,8),(0.,0.580488338294,
    0.836273282346,1.),.UNSPECIFIED.);
#453 = CARTESIAN_POINT('',(-15.62401594925,6.700009374424,10.));
#454 = CARTESIAN_POINT('',(-15.33254455427,6.796945640819,9.999733340391
    ));
#455 = CARTESIAN_POINT('',(-15.04479071375,6.89035605319,9.96944416905)
  );
#456 = CARTESIAN_POINT('',(-14.76066799233,6.980386366022,9.909921848423
    ));
#457 = CARTESIAN_POINT('',(-14.48061693868,7.066874096219,9.821693378213
    ));
#458 = CARTESIAN_POINT('',(-14.20885339588,7.148600947783,9.701994093634
    ));
#459 = CARTESIAN_POINT('',(-13.95073176993,7.224247138693,9.549558335175
    ));
#460 = CARTESIAN_POINT('',(-13.61218009343,7.32133716498,9.276339155826)
  );
#461 = CARTESIAN_POINT('',(-13.51325531095,7.349391950705,9.185655397205
    ));
#462 = CARTESIAN_POINT('',(-13.4197125771,7.375636598495,9.087479478864)
  );
#463 = CARTESIAN_POINT('',(-13.33276103622,7.399784008445,8.981531821658
    ));
#464 = CARTESIAN_POINT('',(-13.25397764713,7.421463494196,8.867741953562
    ));
#465 = CARTESIAN_POINT('',(-13.18526704574,7.440234266857,8.746327286935
    ));
#466 = CARTESIAN_POINT('',(-13.09229558619,7.465501044169,8.535914063018
    ));
#467 = CARTESIAN_POINT('',(-13.06094485119,7.473981350689,8.450993396836
    ));
#468 = CARTESIAN_POINT('',(-13.03509602082,7.480945820335,8.36360577819)
  );
#469 = CARTESIAN_POINT('',(-13.01526764491,7.486273173446,8.274190917582
    ));
#470 = CARTESIAN_POINT('',(-13.00188186995,7.489864378664,8.183306295658
    ));
#471 = CARTESIAN_POINT('',(-12.99519320526,7.491658932289,8.091636492704
    ));
#472 = CARTESIAN_POINT('',(-12.99519320526,7.491658932289,8.));
#473 = ORIENTED_EDGE('',*,*,#474,.F.);
#474 = EDGE_CURVE('',#428,#450,#475,.T.);
#475 = CIRCLE('',#476,15.);
#476 = AXIS2_PLACEMENT_3D('',#477,#478,#479);
#477 = CARTESIAN_POINT('',(0.,2.65E-15,8.));
#478 = DIRECTION('',(-3.419947804219E-33,3.3E-16,1.));
#479 = DIRECTION('',(-0.5,0.866025403784,-2.857883832489E-16));
#480 = TOROIDAL_SURFACE('',#481,17.,2.);
#481 = AXIS2_PLACEMENT_3D('',#482,#483,#484);
#482 = CARTESIAN_POINT('',(0.,2.65E-15,8.));
#483 = DIRECTION('',(-0.,3.3E-16,1.));
#484 = DIRECTION('',(-0.5,0.866025403784,-2.857883832489E-16));
#485 = ADVANCED_FACE('',(#486),#513,.T.);
#486 = FACE_BOUND('',#487,.F.);
#487 = EDGE_LOOP('',(#488,#505,#511,#512));
#488 = ORIENTED_EDGE('',*,*,#489,.T.);
#489 = EDGE_CURVE('',#41,#490,#492,.T.);
#490 = VERTEX_POINT('',#491);
#491 = CARTESIAN_POINT('',(-3.75,6.495190528383,8.));
#492 = B_SPLINE_CURVE_WITH_KNOTS('',6,(#493,#494,#495,#496,#497,#498,
    #499,#500,#501,#502,#503,#504),.UNSPECIFIED.,.F.,.F.,(7,5,7),(0.,
    0.83155774137,1.),.UNSPECIFIED.);
#493 = CARTESIAN_POINT('',(-0.829686883921,5.437059837325,10.));
#494 = CARTESIAN_POINT('',(-1.41879193309,5.730073931232,9.987160882658)
  );
#495 = CARTESIAN_POINT('',(-1.895588149002,5.900563984196,9.92031783851)
  );
#496 = CARTESIAN_POINT('',(-2.335007279974,6.07719392393,9.797419516893)
  );
#497 = CARTESIAN_POINT('',(-2.850243934648,6.242259852429,9.594785132689
    ));
#498 = CARTESIAN_POINT('',(-3.316854723693,6.375992699098,9.211895421684
    ));
#499 = CARTESIAN_POINT('',(-3.633686455754,6.463744649822,8.58767916721)
  );
#500 = CARTESIAN_POINT('',(-3.678706247312,6.476029212656,8.476973352391
    ));
#501 = CARTESIAN_POINT('',(-3.713903832888,6.485519165809,8.361466092384
    ));
#502 = CARTESIAN_POINT('',(-3.737975659911,6.491968473663,8.242311117648
    ));
#503 = CARTESIAN_POINT('',(-3.75,6.495190528383,8.121120649824));
#504 = CARTESIAN_POINT('',(-3.75,6.495190528383,8.));
#505 = ORIENTED_EDGE('',*,*,#506,.T.);
#506 = EDGE_CURVE('',#490,#428,#507,.T.);
#507 = LINE('',#508,#509);
#508 = CARTESIAN_POINT('',(-3.75,6.495190528383,8.));
#509 = VECTOR('',#510,1.);
#510 = DIRECTION('',(-0.5,0.866025403784,-2.9E-16));
#511 = ORIENTED_EDGE('',*,*,#427,.F.);
#512 = ORIENTED_EDGE('',*,*,#49,.F.);
#513 = CYLINDRICAL_SURFACE('',#514,2.);
#514 = AXIS2_PLACEMENT_3D('',#515,#516,#517);
#515 = CARTESIAN_POINT('',(-2.017949192431,7.495190528383,8.));
#516 = DIRECTION('',(-0.5,0.866025403784,-2.9E-16));
#517 = DIRECTION('',(-2.105808375568E-18,3.336473670975E-16,1.));
#518 = ADVANCED_FACE('',(#519),#548,.T.);
#519 = FACE_BOUND('',#520,.T.);
#520 = EDGE_LOOP('',(#521,#540,#546,#547));
#521 = ORIENTED_EDGE('',*,*,#522,.T.);
#522 = EDGE_CURVE('',#33,#523,#525,.T.);
#523 = VERTEX_POINT('',#524);
#524 = CARTESIAN_POINT('',(-6.499999999993,3.741657386785,8.));
#525 = B_SPLINE_CURVE_WITH_KNOTS('',7,(#526,#527,#528,#529,#530,#531,
    #532,#533,#534,#535,#536,#537,#538,#539),.UNSPECIFIED.,.F.,.F.,(8,6,
    8),(0.,0.833850773757,1.),.UNSPECIFIED.);
#526 = CARTESIAN_POINT('',(-5.438610208584,0.819462628242,10.));
#527 = CARTESIAN_POINT('',(-5.665550260419,1.290201367269,9.993460040387
    ));
#528 = CARTESIAN_POINT('',(-5.841391566138,1.711364788718,9.952578431046
    ));
#529 = CARTESIAN_POINT('',(-5.997534326941,2.113489541733,9.858729047881
    ));
#530 = CARTESIAN_POINT('',(-6.150264185516,2.54215900552,9.718553282674)
  );
#531 = CARTESIAN_POINT('',(-6.283969955653,2.972400323055,9.486330069962
    ));
#532 = CARTESIAN_POINT('',(-6.391020462681,3.346324078115,9.139654834115
    ));
#533 = CARTESIAN_POINT('',(-6.466705090834,3.618989463306,8.599547416889
    ));
#534 = CARTESIAN_POINT('',(-6.477508322076,3.658375652724,8.505886369417
    ));
#535 = CARTESIAN_POINT('',(-6.486371395502,3.691014845142,8.408734960787
    ));
#536 = CARTESIAN_POINT('',(-6.493148205481,3.716150690456,8.308690773483
    ));
#537 = CARTESIAN_POINT('',(-6.49771702978,3.733159413871,8.206534388099)
  );
#538 = CARTESIAN_POINT('',(-6.499999999993,3.741657386785,8.103243002838
    ));
#539 = CARTESIAN_POINT('',(-6.499999999993,3.741657386785,8.));
#540 = ORIENTED_EDGE('',*,*,#541,.T.);
#541 = EDGE_CURVE('',#523,#450,#542,.T.);
#542 = LINE('',#543,#544);
#543 = CARTESIAN_POINT('',(-6.499999999993,3.741657386785,8.));
#544 = VECTOR('',#545,1.);
#545 = DIRECTION('',(-0.866025403784,0.5,-1.7E-16));
#546 = ORIENTED_EDGE('',*,*,#449,.F.);
#547 = ORIENTED_EDGE('',*,*,#32,.F.);
#548 = CYLINDRICAL_SURFACE('',#549,2.);
#549 = AXIS2_PLACEMENT_3D('',#550,#551,#552);
#550 = CARTESIAN_POINT('',(-7.499999999993,2.009606579217,8.));
#551 = DIRECTION('',(-0.866025403784,0.5,-1.7E-16));
#552 = DIRECTION('',(-4.330127018922E-18,3.325E-16,1.));
#553 = ADVANCED_FACE('',(#554),#566,.T.);
#554 = FACE_BOUND('',#555,.F.);
#555 = EDGE_LOOP('',(#556,#557,#558,#559));
#556 = ORIENTED_EDGE('',*,*,#489,.F.);
#557 = ORIENTED_EDGE('',*,*,#40,.T.);
#558 = ORIENTED_EDGE('',*,*,#522,.T.);
#559 = ORIENTED_EDGE('',*,*,#560,.F.);
#560 = EDGE_CURVE('',#490,#523,#561,.T.);
#561 = CIRCLE('',#562,7.5);
#562 = AXIS2_PLACEMENT_3D('',#563,#564,#565);
#563 = CARTESIAN_POINT('',(0.,2.65E-15,8.));
#564 = DIRECTION('',(-3.894532113528E-34,3.3E-16,1.));
#565 = DIRECTION('',(-0.5,0.866025403784,-2.857883832489E-16));
#566 = TOROIDAL_SURFACE('',#567,5.5,2.);
#567 = AXIS2_PLACEMENT_3D('',#568,#569,#570);
#568 = CARTESIAN_POINT('',(0.,2.65E-15,8.));
#569 = DIRECTION('',(0.,-3.3E-16,-1.));
#570 = DIRECTION('',(-0.5,0.866025403784,-2.857883832489E-16));
#571 = ADVANCED_FACE('',(#572),#621,.T.);
#572 = FACE_BOUND('',#573,.T.);
#573 = EDGE_LOOP('',(#574,#605,#613,#620));
#574 = ORIENTED_EDGE('',*,*,#575,.T.);
#575 = EDGE_CURVE('',#58,#576,#578,.T.);
#576 = VERTEX_POINT('',#577);
#577 = CARTESIAN_POINT('',(-5.,-19.36491673103,8.));
#578 = B_SPLINE_CURVE_WITH_KNOTS('',7,(#579,#580,#581,#582,#583,#584,
    #585,#586,#587,#588,#589,#590,#591,#592,#593,#594,#595,#596,#597,
    #598,#599,#600,#601,#602,#603,#604),.UNSPECIFIED.,.F.,.F.,(8,6,6,6,8
    ),(0.,0.463086542173,0.643520140662,0.78230584662,1.),
  .UNSPECIFIED.);
#579 = CARTESIAN_POINT('',(-3.,-17.74823934929,10.));
#580 = CARTESIAN_POINT('',(-3.17740657908,-17.89817528311,9.999999624327
    ));
#581 = CARTESIAN_POINT('',(-3.355492122917,-18.04720722753,
    9.981642602677));
#582 = CARTESIAN_POINT('',(-3.533351548229,-18.194602612,9.944664172778)
  );
#583 = CARTESIAN_POINT('',(-3.709693472268,-18.3393443166,9.888339958767
    ));
#584 = CARTESIAN_POINT('',(-3.882737833451,-18.48007469246,
    9.811686515464));
#585 = CARTESIAN_POINT('',(-4.050244780081,-18.61514287053,9.713725392)
  );
#586 = CARTESIAN_POINT('',(-4.271249337625,-18.79201797605,
    9.545955286477));
#587 = CARTESIAN_POINT('',(-4.331895232266,-18.84040124112,
    9.495484611783));
#588 = CARTESIAN_POINT('',(-4.391033492493,-18.88743815908,
    9.441516123046));
#589 = CARTESIAN_POINT('',(-4.44844099284,-18.93296580136,9.383992853228
    ));
#590 = CARTESIAN_POINT('',(-4.503861487137,-18.9767971288,9.322875932332
    ));
#591 = CARTESIAN_POINT('',(-4.557008517083,-19.01872337991,
    9.258152237943));
#592 = CARTESIAN_POINT('',(-4.646457852014,-19.08912445372,
    9.137299291398));
#593 = CARTESIAN_POINT('',(-4.683813615975,-19.11846796507,
    9.082638632982));
#594 = CARTESIAN_POINT('',(-4.719491501666,-19.14644203387,
    9.025873386199));
#595 = CARTESIAN_POINT('',(-4.753332807668,-19.17293101716,
    8.967035670386));
#596 = CARTESIAN_POINT('',(-4.785169385061,-19.19781235663,
    8.906181389261));
#597 = CARTESIAN_POINT('',(-4.814828780281,-19.22096034681,
    8.843395211639));
#598 = CARTESIAN_POINT('',(-4.884977776981,-19.27564391841,
    8.677466902485));
#599 = CARTESIAN_POINT('',(-4.922067633544,-19.30448917049,
    8.571605936204));
#600 = CARTESIAN_POINT('',(-4.952686280496,-19.32825527014,
    8.461770887117));
#601 = CARTESIAN_POINT('',(-4.976192118833,-19.34647533816,
    8.348689176495));
#602 = CARTESIAN_POINT('',(-4.992067599302,-19.35877227721,
    8.233269805314));
#603 = CARTESIAN_POINT('',(-5.,-19.36491673103,8.116610555471));
#604 = CARTESIAN_POINT('',(-5.,-19.36491673103,8.));
#605 = ORIENTED_EDGE('',*,*,#606,.T.);
#606 = EDGE_CURVE('',#576,#607,#609,.T.);
#607 = VERTEX_POINT('',#608);
#608 = CARTESIAN_POINT('',(-5.,-21.,8.));
#609 = LINE('',#610,#611);
#610 = CARTESIAN_POINT('',(-5.,-19.36491673103,8.));
#611 = VECTOR('',#612,1.);
#612 = DIRECTION('',(1.26E-15,-1.,1.1E-16));
#613 = ORIENTED_EDGE('',*,*,#614,.F.);
#614 = EDGE_CURVE('',#60,#607,#615,.T.);
#615 = CIRCLE('',#616,2.);
#616 = AXIS2_PLACEMENT_3D('',#617,#618,#619);
#617 = CARTESIAN_POINT('',(-3.,-21.,8.));
#618 = DIRECTION('',(1.26E-15,-1.,1.1E-16));
#619 = DIRECTION('',(0.,1.1E-16,1.));
#620 = ORIENTED_EDGE('',*,*,#57,.F.);
#621 = CYLINDRICAL_SURFACE('',#622,2.);
#622 = AXIS2_PLACEMENT_3D('',#623,#624,#625);
#623 = CARTESIAN_POINT('',(-3.,-19.36491673103,8.));
#624 = DIRECTION('',(1.26E-15,-1.,1.1E-16));
#625 = DIRECTION('',(0.,1.1E-16,1.));
#626 = ADVANCED_FACE('',(#627),#669,.T.);
#627 = FACE_BOUND('',#628,.F.);
#628 = EDGE_LOOP('',(#629,#660,#661,#662));
#629 = ORIENTED_EDGE('',*,*,#630,.F.);
#630 = EDGE_CURVE('',#68,#631,#633,.T.);
#631 = VERTEX_POINT('',#632);
#632 = CARTESIAN_POINT('',(-19.36491673103,-5.,8.));
#633 = B_SPLINE_CURVE_WITH_KNOTS('',7,(#634,#635,#636,#637,#638,#639,
    #640,#641,#642,#643,#644,#645,#646,#647,#648,#649,#650,#651,#652,
    #653,#654,#655,#656,#657,#658,#659),.UNSPECIFIED.,.F.,.F.,(8,6,6,6,8
    ),(0.,0.463086542201,0.643520140687,0.782305846644,1.),
  .UNSPECIFIED.);
#634 = CARTESIAN_POINT('',(-17.74823934929,-3.,10.));
#635 = CARTESIAN_POINT('',(-17.89817528312,-3.177406579091,
    9.999999624327));
#636 = CARTESIAN_POINT('',(-18.04720722755,-3.355492122939,
    9.981642602675));
#637 = CARTESIAN_POINT('',(-18.19460261203,-3.53335154826,9.944664172771
    ));
#638 = CARTESIAN_POINT('',(-18.33934431663,-3.709693472312,
    9.888339958753));
#639 = CARTESIAN_POINT('',(-18.4800746925,-3.882737833502,9.811686515441
    ));
#640 = CARTESIAN_POINT('',(-18.61514287058,-4.050244780142,
    9.713725391964));
#641 = CARTESIAN_POINT('',(-18.79201797611,-4.27124933769,9.545955286423
    ));
#642 = CARTESIAN_POINT('',(-18.84040124117,-4.331895232329,
    9.495484611727));
#643 = CARTESIAN_POINT('',(-18.88743815913,-4.391033492553,
    9.441516122987));
#644 = CARTESIAN_POINT('',(-18.93296580141,-4.448440992898,
    9.383992853167));
#645 = CARTESIAN_POINT('',(-18.97679712884,-4.503861487193,
    9.322875932269));
#646 = CARTESIAN_POINT('',(-19.01872337995,-4.557008517136,
    9.258152237877));
#647 = CARTESIAN_POINT('',(-19.08912445376,-4.646457852062,
    9.137299291329));
#648 = CARTESIAN_POINT('',(-19.11846796511,-4.683813616021,
    9.082638632911));
#649 = CARTESIAN_POINT('',(-19.1464420339,-4.719491501709,9.025873386126
    ));
#650 = CARTESIAN_POINT('',(-19.1729310172,-4.753332807709,8.967035670312
    ));
#651 = CARTESIAN_POINT('',(-19.19781235666,-4.785169385099,
    8.906181389185));
#652 = CARTESIAN_POINT('',(-19.22096034683,-4.814828780317,
    8.843395211562));
#653 = CARTESIAN_POINT('',(-19.27564391843,-4.884977777005,
    8.677466902415));
#654 = CARTESIAN_POINT('',(-19.3044891705,-4.922067633561,8.571605936144
    ));
#655 = CARTESIAN_POINT('',(-19.32825527015,-4.952686280507,
    8.461770887067));
#656 = CARTESIAN_POINT('',(-19.34647533816,-4.976192118838,
    8.348689176457));
#657 = CARTESIAN_POINT('',(-19.35877227721,-4.992067599303,
    8.233269805289));
#658 = CARTESIAN_POINT('',(-19.36491673103,-5.,8.116610555459));
#659 = CARTESIAN_POINT('',(-19.36491673103,-5.,8.));
#660 = ORIENTED_EDGE('',*,*,#67,.T.);
#661 = ORIENTED_EDGE('',*,*,#575,.T.);
#662 = ORIENTED_EDGE('',*,*,#663,.F.);
#663 = EDGE_CURVE('',#631,#576,#664,.T.);
#664 = CIRCLE('',#665,20.);
#665 = AXIS2_PLACEMENT_3D('',#666,#667,#668);
#666 = CARTESIAN_POINT('',(0.,2.7E-15,8.));
#667 = DIRECTION('',(5.705914899187E-33,3.3E-16,1.));
#668 = DIRECTION('',(-0.968245836552,-0.25,8.25E-17));
#669 = TOROIDAL_SURFACE('',#670,18.,2.);
#670 = AXIS2_PLACEMENT_3D('',#671,#672,#673);
#671 = CARTESIAN_POINT('',(0.,2.7E-15,8.));
#672 = DIRECTION('',(0.,-3.3E-16,-1.));
#673 = DIRECTION('',(-0.968245836552,-0.25,8.25E-17));
#674 = ADVANCED_FACE('',(#675),#695,.T.);
#675 = FACE_BOUND('',#676,.F.);
#676 = EDGE_LOOP('',(#677,#678,#679,#688));
#677 = ORIENTED_EDGE('',*,*,#614,.F.);
#678 = ORIENTED_EDGE('',*,*,#254,.T.);
#679 = ORIENTED_EDGE('',*,*,#680,.T.);
#680 = EDGE_CURVE('',#247,#681,#683,.T.);
#681 = VERTEX_POINT('',#682);
#682 = CARTESIAN_POINT('',(-1.,-25.,8.));
#683 = CIRCLE('',#684,2.);
#684 = AXIS2_PLACEMENT_3D('',#685,#686,#687);
#685 = CARTESIAN_POINT('',(-1.,-23.,8.));
#686 = DIRECTION('',(1.,5.5E-16,-3.224183482285E-48));
#687 = DIRECTION('',(5.5E-16,-1.,3.3E-16));
#688 = ORIENTED_EDGE('',*,*,#689,.F.);
#689 = EDGE_CURVE('',#607,#681,#690,.T.);
#690 = CIRCLE('',#691,4.);
#691 = AXIS2_PLACEMENT_3D('',#692,#693,#694);
#692 = CARTESIAN_POINT('',(-1.,-21.,8.));
#693 = DIRECTION('',(1.864327199397E-47,3.3E-16,1.));
#694 = DIRECTION('',(-1.,-1.05E-15,3.465E-31));
#695 = TOROIDAL_SURFACE('',#696,2.,2.);
#696 = AXIS2_PLACEMENT_3D('',#697,#698,#699);
#697 = CARTESIAN_POINT('',(-1.,-21.,8.));
#698 = DIRECTION('',(0.,-3.3E-16,-1.));
#699 = DIRECTION('',(-1.,-1.05E-15,3.465E-31));
#700 = ADVANCED_FACE('',(#701),#720,.T.);
#701 = FACE_BOUND('',#702,.F.);
#702 = EDGE_LOOP('',(#703,#704,#712,#719));
#703 = ORIENTED_EDGE('',*,*,#630,.T.);
#704 = ORIENTED_EDGE('',*,*,#705,.T.);
#705 = EDGE_CURVE('',#631,#706,#708,.T.);
#706 = VERTEX_POINT('',#707);
#707 = CARTESIAN_POINT('',(-21.,-5.,8.));
#708 = LINE('',#709,#710);
#709 = CARTESIAN_POINT('',(-19.36491673103,-5.,8.));
#710 = VECTOR('',#711,1.);
#711 = DIRECTION('',(-1.,-2.99E-15,0.));
#712 = ORIENTED_EDGE('',*,*,#713,.F.);
#713 = EDGE_CURVE('',#77,#706,#714,.T.);
#714 = CIRCLE('',#715,2.);
#715 = AXIS2_PLACEMENT_3D('',#716,#717,#718);
#716 = CARTESIAN_POINT('',(-21.,-3.,8.));
#717 = DIRECTION('',(1.,2.99E-15,0.));
#718 = DIRECTION('',(-9.867E-31,3.3E-16,1.));
#719 = ORIENTED_EDGE('',*,*,#76,.F.);
#720 = CYLINDRICAL_SURFACE('',#721,2.);
#721 = AXIS2_PLACEMENT_3D('',#722,#723,#724);
#722 = CARTESIAN_POINT('',(-19.36491673103,-3.,8.));
#723 = DIRECTION('',(-1.,-2.99E-15,0.));
#724 = DIRECTION('',(-9.867E-31,3.3E-16,1.));
#725 = ADVANCED_FACE('',(#726),#745,.T.);
#726 = FACE_BOUND('',#727,.T.);
#727 = EDGE_LOOP('',(#728,#729,#737,#744));
#728 = ORIENTED_EDGE('',*,*,#680,.T.);
#729 = ORIENTED_EDGE('',*,*,#730,.T.);
#730 = EDGE_CURVE('',#681,#731,#733,.T.);
#731 = VERTEX_POINT('',#732);
#732 = CARTESIAN_POINT('',(1.,-25.,8.));
#733 = LINE('',#734,#735);
#734 = CARTESIAN_POINT('',(-1.,-25.,8.));
#735 = VECTOR('',#736,1.);
#736 = DIRECTION('',(1.,0.,0.));
#737 = ORIENTED_EDGE('',*,*,#738,.F.);
#738 = EDGE_CURVE('',#238,#731,#739,.T.);
#739 = CIRCLE('',#740,2.);
#740 = AXIS2_PLACEMENT_3D('',#741,#742,#743);
#741 = CARTESIAN_POINT('',(1.,-23.,8.));
#742 = DIRECTION('',(1.,0.,-0.));
#743 = DIRECTION('',(0.,3.3E-16,1.));
#744 = ORIENTED_EDGE('',*,*,#246,.F.);
#745 = CYLINDRICAL_SURFACE('',#746,2.);
#746 = AXIS2_PLACEMENT_3D('',#747,#748,#749);
#747 = CARTESIAN_POINT('',(-1.,-23.,8.));
#748 = DIRECTION('',(1.,0.,0.));
#749 = DIRECTION('',(0.,3.3E-16,1.));
#750 = ADVANCED_FACE('',(#751),#771,.T.);
#751 = FACE_BOUND('',#752,.T.);
#752 = EDGE_LOOP('',(#753,#754,#755,#764));
#753 = ORIENTED_EDGE('',*,*,#713,.F.);
#754 = ORIENTED_EDGE('',*,*,#84,.T.);
#755 = ORIENTED_EDGE('',*,*,#756,.T.);
#756 = EDGE_CURVE('',#85,#757,#759,.T.);
#757 = VERTEX_POINT('',#758);
#758 = CARTESIAN_POINT('',(-25.,-1.,8.));
#759 = CIRCLE('',#760,2.);
#760 = AXIS2_PLACEMENT_3D('',#761,#762,#763);
#761 = CARTESIAN_POINT('',(-23.,-1.,8.));
#762 = DIRECTION('',(6.E-17,-1.,3.3E-16));
#763 = DIRECTION('',(-1.,-6.E-17,9.081839894577E-49));
#764 = ORIENTED_EDGE('',*,*,#765,.F.);
#765 = EDGE_CURVE('',#706,#757,#766,.T.);
#766 = CIRCLE('',#767,4.);
#767 = AXIS2_PLACEMENT_3D('',#768,#769,#770);
#768 = CARTESIAN_POINT('',(-21.,-1.,8.));
#769 = DIRECTION('',(0.,-3.3E-16,-1.));
#770 = DIRECTION('',(2.66E-15,-1.,3.3E-16));
#771 = TOROIDAL_SURFACE('',#772,2.,2.);
#772 = AXIS2_PLACEMENT_3D('',#773,#774,#775);
#773 = CARTESIAN_POINT('',(-21.,-1.,8.));
#774 = DIRECTION('',(0.,-3.3E-16,-1.));
#775 = DIRECTION('',(2.66E-15,-1.,3.3E-16));
#776 = ADVANCED_FACE('',(#777),#797,.T.);
#777 = FACE_BOUND('',#778,.F.);
#778 = EDGE_LOOP('',(#779,#780,#781,#790));
#779 = ORIENTED_EDGE('',*,*,#738,.F.);
#780 = ORIENTED_EDGE('',*,*,#237,.T.);
#781 = ORIENTED_EDGE('',*,*,#782,.T.);
#782 = EDGE_CURVE('',#230,#783,#785,.T.);
#783 = VERTEX_POINT('',#784);
#784 = CARTESIAN_POINT('',(5.,-21.,8.));
#785 = CIRCLE('',#786,2.);
#786 = AXIS2_PLACEMENT_3D('',#787,#788,#789);
#787 = CARTESIAN_POINT('',(3.,-21.,8.));
#788 = DIRECTION('',(6.E-17,1.,-3.3E-16));
#789 = DIRECTION('',(1.,-6.E-17,9.081839894577E-49));
#790 = ORIENTED_EDGE('',*,*,#791,.F.);
#791 = EDGE_CURVE('',#731,#783,#792,.T.);
#792 = CIRCLE('',#793,4.);
#793 = AXIS2_PLACEMENT_3D('',#794,#795,#796);
#794 = CARTESIAN_POINT('',(1.,-21.,8.));
#795 = DIRECTION('',(-0.,3.3E-16,1.));
#796 = DIRECTION('',(0.,-1.,3.3E-16));
#797 = TOROIDAL_SURFACE('',#798,2.,2.);
#798 = AXIS2_PLACEMENT_3D('',#799,#800,#801);
#799 = CARTESIAN_POINT('',(1.,-21.,8.));
#800 = DIRECTION('',(0.,-3.3E-16,-1.));
#801 = DIRECTION('',(0.,-1.,3.3E-16));
#802 = ADVANCED_FACE('',(#803),#822,.T.);
#803 = FACE_BOUND('',#804,.F.);
#804 = EDGE_LOOP('',(#805,#806,#814,#821));
#805 = ORIENTED_EDGE('',*,*,#756,.T.);
#806 = ORIENTED_EDGE('',*,*,#807,.T.);
#807 = EDGE_CURVE('',#757,#808,#810,.T.);
#808 = VERTEX_POINT('',#809);
#809 = CARTESIAN_POINT('',(-25.,1.,8.));
#810 = LINE('',#811,#812);
#811 = CARTESIAN_POINT('',(-25.,-1.,8.));
#812 = VECTOR('',#813,1.);
#813 = DIRECTION('',(0.,1.,-1.1E-16));
#814 = ORIENTED_EDGE('',*,*,#815,.F.);
#815 = EDGE_CURVE('',#94,#808,#816,.T.);
#816 = CIRCLE('',#817,2.);
#817 = AXIS2_PLACEMENT_3D('',#818,#819,#820);
#818 = CARTESIAN_POINT('',(-23.,1.,8.));
#819 = DIRECTION('',(0.,-1.,1.1E-16));
#820 = DIRECTION('',(0.,1.1E-16,1.));
#821 = ORIENTED_EDGE('',*,*,#93,.F.);
#822 = CYLINDRICAL_SURFACE('',#823,2.);
#823 = AXIS2_PLACEMENT_3D('',#824,#825,#826);
#824 = CARTESIAN_POINT('',(-23.,-1.,8.));
#825 = DIRECTION('',(0.,1.,-1.1E-16));
#826 = DIRECTION('',(0.,1.1E-16,1.));
#827 = ADVANCED_FACE('',(#828),#869,.T.);
#828 = FACE_BOUND('',#829,.T.);
#829 = EDGE_LOOP('',(#830,#831,#839,#868));
#830 = ORIENTED_EDGE('',*,*,#782,.T.);
#831 = ORIENTED_EDGE('',*,*,#832,.T.);
#832 = EDGE_CURVE('',#783,#833,#835,.T.);
#833 = VERTEX_POINT('',#834);
#834 = CARTESIAN_POINT('',(5.,-19.36491673103,8.));
#835 = LINE('',#836,#837);
#836 = CARTESIAN_POINT('',(5.,-21.,8.));
#837 = VECTOR('',#838,1.);
#838 = DIRECTION('',(0.,1.,-1.1E-16));
#839 = ORIENTED_EDGE('',*,*,#840,.F.);
#840 = EDGE_CURVE('',#221,#833,#841,.T.);
#841 = B_SPLINE_CURVE_WITH_KNOTS('',7,(#842,#843,#844,#845,#846,#847,
    #848,#849,#850,#851,#852,#853,#854,#855,#856,#857,#858,#859,#860,
    #861,#862,#863,#864,#865,#866,#867),.UNSPECIFIED.,.F.,.F.,(8,6,6,6,8
    ),(0.,0.463086542183,0.643520140672,0.78230584663,1.),
  .UNSPECIFIED.);
#842 = CARTESIAN_POINT('',(3.000000000014,-17.74823934929,10.));
#843 = CARTESIAN_POINT('',(3.177406579053,-17.89817528314,9.999999624327
    ));
#844 = CARTESIAN_POINT('',(3.355492122992,-18.04720722751,9.981642602674
    ));
#845 = CARTESIAN_POINT('',(3.533351548177,-18.19460261205,9.944664172778
    ));
#846 = CARTESIAN_POINT('',(3.70969347233,-18.3393443166,9.888339958757)
  );
#847 = CARTESIAN_POINT('',(3.882737833461,-18.48007469248,9.811686515456
    ));
#848 = CARTESIAN_POINT('',(4.050244780108,-18.61514287055,9.713725391984
    ));
#849 = CARTESIAN_POINT('',(4.271249337653,-18.79201797608,9.545955286454
    ));
#850 = CARTESIAN_POINT('',(4.331895232293,-18.84040124114,9.495484611759
    ));
#851 = CARTESIAN_POINT('',(4.391033492518,-18.8874381591,9.441516123021)
  );
#852 = CARTESIAN_POINT('',(4.448440992865,-18.93296580138,9.383992853202
    ));
#853 = CARTESIAN_POINT('',(4.503861487161,-18.97679712882,9.322875932305
    ));
#854 = CARTESIAN_POINT('',(4.557008517106,-19.01872337993,9.258152237915
    ));
#855 = CARTESIAN_POINT('',(4.646457852034,-19.08912445373,9.137299291369
    ));
#856 = CARTESIAN_POINT('',(4.683813615995,-19.11846796509,9.082638632952
    ));
#857 = CARTESIAN_POINT('',(4.719491501684,-19.14644203388,9.025873386168
    ));
#858 = CARTESIAN_POINT('',(4.753332807686,-19.17293101718,8.967035670355
    ));
#859 = CARTESIAN_POINT('',(4.785169385078,-19.19781235665,8.906181389229
    ));
#860 = CARTESIAN_POINT('',(4.814828780296,-19.22096034682,8.843395211606
    ));
#861 = CARTESIAN_POINT('',(4.884977776991,-19.27564391842,8.677466902455
    ));
#862 = CARTESIAN_POINT('',(4.922067633551,-19.30448917049,8.571605936178
    ));
#863 = CARTESIAN_POINT('',(4.952686280501,-19.32825527014,8.461770887096
    ));
#864 = CARTESIAN_POINT('',(4.976192118835,-19.34647533816,8.348689176479
    ));
#865 = CARTESIAN_POINT('',(4.992067599302,-19.35877227721,8.233269805303
    ));
#866 = CARTESIAN_POINT('',(5.,-19.36491673103,8.116610555466));
#867 = CARTESIAN_POINT('',(5.,-19.36491673103,8.));
#868 = ORIENTED_EDGE('',*,*,#229,.F.);
#869 = CYLINDRICAL_SURFACE('',#870,2.);
#870 = AXIS2_PLACEMENT_3D('',#871,#872,#873);
#871 = CARTESIAN_POINT('',(3.,-21.,8.));
#872 = DIRECTION('',(0.,1.,-1.1E-16));
#873 = DIRECTION('',(0.,1.1E-16,1.));
#874 = ADVANCED_FACE('',(#875),#895,.T.);
#875 = FACE_BOUND('',#876,.T.);
#876 = EDGE_LOOP('',(#877,#878,#879,#888));
#877 = ORIENTED_EDGE('',*,*,#815,.F.);
#878 = ORIENTED_EDGE('',*,*,#101,.T.);
#879 = ORIENTED_EDGE('',*,*,#880,.T.);
#880 = EDGE_CURVE('',#102,#881,#883,.T.);
#881 = VERTEX_POINT('',#882);
#882 = CARTESIAN_POINT('',(-21.,5.,8.));
#883 = CIRCLE('',#884,2.);
#884 = AXIS2_PLACEMENT_3D('',#885,#886,#887);
#885 = CARTESIAN_POINT('',(-21.,3.,8.));
#886 = DIRECTION('',(-1.,4.4E-16,5.174730316122E-48));
#887 = DIRECTION('',(4.4E-16,1.,-3.3E-16));
#888 = ORIENTED_EDGE('',*,*,#889,.F.);
#889 = EDGE_CURVE('',#808,#881,#890,.T.);
#890 = CIRCLE('',#891,4.);
#891 = AXIS2_PLACEMENT_3D('',#892,#893,#894);
#892 = CARTESIAN_POINT('',(-21.,1.,8.));
#893 = DIRECTION('',(1.631969254923E-47,-3.3E-16,-1.));
#894 = DIRECTION('',(-1.,7.2E-16,-2.376E-31));
#895 = TOROIDAL_SURFACE('',#896,2.,2.);
#896 = AXIS2_PLACEMENT_3D('',#897,#898,#899);
#897 = CARTESIAN_POINT('',(-21.,1.,8.));
#898 = DIRECTION('',(0.,-3.3E-16,-1.));
#899 = DIRECTION('',(-1.,7.2E-16,-2.376E-31));
#900 = ADVANCED_FACE('',(#901),#943,.T.);
#901 = FACE_BOUND('',#902,.F.);
#902 = EDGE_LOOP('',(#903,#904,#905,#936));
#903 = ORIENTED_EDGE('',*,*,#840,.F.);
#904 = ORIENTED_EDGE('',*,*,#220,.T.);
#905 = ORIENTED_EDGE('',*,*,#906,.T.);
#906 = EDGE_CURVE('',#213,#907,#909,.T.);
#907 = VERTEX_POINT('',#908);
#908 = CARTESIAN_POINT('',(19.364916731037,-5.,8.));
#909 = B_SPLINE_CURVE_WITH_KNOTS('',7,(#910,#911,#912,#913,#914,#915,
    #916,#917,#918,#919,#920,#921,#922,#923,#924,#925,#926,#927,#928,
    #929,#930,#931,#932,#933,#934,#935),.UNSPECIFIED.,.F.,.F.,(8,6,6,6,8
    ),(0.,0.463086542173,0.643520140662,0.78230584662,1.),
  .UNSPECIFIED.);
#910 = CARTESIAN_POINT('',(17.748239349299,-3.,10.));
#911 = CARTESIAN_POINT('',(17.898175283117,-3.17740657908,9.999999624327
    ));
#912 = CARTESIAN_POINT('',(18.047207227534,-3.355492122918,
    9.981642602677));
#913 = CARTESIAN_POINT('',(18.19460261201,-3.533351548226,9.944664172778
    ));
#914 = CARTESIAN_POINT('',(18.339344316599,-3.70969347227,9.888339958767
    ));
#915 = CARTESIAN_POINT('',(18.480074692467,-3.88273783345,9.811686515464
    ));
#916 = CARTESIAN_POINT('',(18.615142870533,-4.050244780081,9.713725392)
  );
#917 = CARTESIAN_POINT('',(18.792017976058,-4.271249337625,
    9.545955286477));
#918 = CARTESIAN_POINT('',(18.840401241125,-4.331895232266,
    9.495484611783));
#919 = CARTESIAN_POINT('',(18.887438159084,-4.391033492493,
    9.441516123046));
#920 = CARTESIAN_POINT('',(18.932965801366,-4.44844099284,9.383992853228
    ));
#921 = CARTESIAN_POINT('',(18.976797128804,-4.503861487137,
    9.322875932332));
#922 = CARTESIAN_POINT('',(19.018723379913,-4.557008517083,
    9.258152237943));
#923 = CARTESIAN_POINT('',(19.089124453723,-4.646457852014,
    9.137299291398));
#924 = CARTESIAN_POINT('',(19.118467965077,-4.683813615975,
    9.082638632982));
#925 = CARTESIAN_POINT('',(19.146442033875,-4.719491501666,
    9.025873386199));
#926 = CARTESIAN_POINT('',(19.172931017168,-4.753332807668,
    8.967035670386));
#927 = CARTESIAN_POINT('',(19.197812356638,-4.785169385061,
    8.906181389261));
#928 = CARTESIAN_POINT('',(19.22096034681,-4.814828780281,8.843395211639
    ));
#929 = CARTESIAN_POINT('',(19.275643918419,-4.884977776981,
    8.677466902485));
#930 = CARTESIAN_POINT('',(19.304489170491,-4.922067633544,
    8.571605936204));
#931 = CARTESIAN_POINT('',(19.328255270142,-4.952686280496,
    8.461770887117));
#932 = CARTESIAN_POINT('',(19.34647533816,-4.976192118833,8.348689176495
    ));
#933 = CARTESIAN_POINT('',(19.358772277214,-4.992067599302,
    8.233269805314));
#934 = CARTESIAN_POINT('',(19.364916731037,-5.,8.116610555471));
#935 = CARTESIAN_POINT('',(19.364916731037,-5.,8.));
#936 = ORIENTED_EDGE('',*,*,#937,.F.);
#937 = EDGE_CURVE('',#833,#907,#938,.T.);
#938 = CIRCLE('',#939,20.);
#939 = AXIS2_PLACEMENT_3D('',#940,#941,#942);
#940 = CARTESIAN_POINT('',(0.,2.7E-15,8.));
#941 = DIRECTION('',(-5.214419588804E-33,3.3E-16,1.));
#942 = DIRECTION('',(0.25,-0.968245836552,3.195211260621E-16));
#943 = TOROIDAL_SURFACE('',#944,18.,2.);
#944 = AXIS2_PLACEMENT_3D('',#945,#946,#947);
#945 = CARTESIAN_POINT('',(0.,2.7E-15,8.));
#946 = DIRECTION('',(0.,-3.3E-16,-1.));
#947 = DIRECTION('',(0.25,-0.968245836552,3.195211260621E-16));
#948 = ADVANCED_FACE('',(#949),#990,.T.);
#949 = FACE_BOUND('',#950,.F.);
#950 = EDGE_LOOP('',(#951,#952,#960,#989));
#951 = ORIENTED_EDGE('',*,*,#880,.T.);
#952 = ORIENTED_EDGE('',*,*,#953,.T.);
#953 = EDGE_CURVE('',#881,#954,#956,.T.);
#954 = VERTEX_POINT('',#955);
#955 = CARTESIAN_POINT('',(-19.36491673103,5.,8.));
#956 = LINE('',#957,#958);
#957 = CARTESIAN_POINT('',(-21.,5.,8.));
#958 = VECTOR('',#959,1.);
#959 = DIRECTION('',(1.,0.,0.));
#960 = ORIENTED_EDGE('',*,*,#961,.F.);
#961 = EDGE_CURVE('',#111,#954,#962,.T.);
#962 = B_SPLINE_CURVE_WITH_KNOTS('',7,(#963,#964,#965,#966,#967,#968,
    #969,#970,#971,#972,#973,#974,#975,#976,#977,#978,#979,#980,#981,
    #982,#983,#984,#985,#986,#987,#988),.UNSPECIFIED.,.F.,.F.,(8,6,6,6,8
    ),(0.,0.463086542355,0.643520140786,0.7823058467,1.),.UNSPECIFIED.);
#963 = CARTESIAN_POINT('',(-17.74823934929,3.,10.));
#964 = CARTESIAN_POINT('',(-17.89817528286,3.177406578786,9.99999962434)
  );
#965 = CARTESIAN_POINT('',(-18.0472072274,3.355492122755,9.981642602704)
  );
#966 = CARTESIAN_POINT('',(-18.19460261203,3.533351548262,9.944664172842
    ));
#967 = CARTESIAN_POINT('',(-18.33934431665,3.709693472342,9.888339958712
    ));
#968 = CARTESIAN_POINT('',(-18.48007469247,3.882737833466,9.811686515431
    ));
#969 = CARTESIAN_POINT('',(-18.61514287046,4.050244779998,9.713725392068
    ));
#970 = CARTESIAN_POINT('',(-18.79201797608,4.271249337653,9.545955286454
    ));
#971 = CARTESIAN_POINT('',(-18.84040124114,4.331895232293,9.495484611759
    ));
#972 = CARTESIAN_POINT('',(-18.8874381591,4.391033492518,9.441516123021)
  );
#973 = CARTESIAN_POINT('',(-18.93296580138,4.448440992865,9.383992853202
    ));
#974 = CARTESIAN_POINT('',(-18.97679712882,4.503861487161,9.322875932305
    ));
#975 = CARTESIAN_POINT('',(-19.01872337993,4.557008517106,9.258152237915
    ));
#976 = CARTESIAN_POINT('',(-19.08912445373,4.646457852034,9.137299291369
    ));
#977 = CARTESIAN_POINT('',(-19.11846796509,4.683813615995,9.082638632952
    ));
#978 = CARTESIAN_POINT('',(-19.14644203388,4.719491501684,9.025873386168
    ));
#979 = CARTESIAN_POINT('',(-19.17293101718,4.753332807686,8.967035670355
    ));
#980 = CARTESIAN_POINT('',(-19.19781235665,4.785169385078,8.906181389229
    ));
#981 = CARTESIAN_POINT('',(-19.22096034682,4.814828780296,8.843395211606
    ));
#982 = CARTESIAN_POINT('',(-19.27564391842,4.884977776991,8.677466902455
    ));
#983 = CARTESIAN_POINT('',(-19.30448917049,4.922067633551,8.571605936179
    ));
#984 = CARTESIAN_POINT('',(-19.32825527014,4.952686280501,8.461770887095
    ));
#985 = CARTESIAN_POINT('',(-19.34647533816,4.976192118835,8.348689176479
    ));
#986 = CARTESIAN_POINT('',(-19.35877227721,4.992067599302,8.233269805303
    ));
#987 = CARTESIAN_POINT('',(-19.36491673103,5.,8.116610555466));
#988 = CARTESIAN_POINT('',(-19.36491673103,5.,8.));
#989 = ORIENTED_EDGE('',*,*,#110,.F.);
#990 = CYLINDRICAL_SURFACE('',#991,2.);
#991 = AXIS2_PLACEMENT_3D('',#992,#993,#994);
#992 = CARTESIAN_POINT('',(-21.,3.,8.));
#993 = DIRECTION('',(1.,0.,0.));
#994 = DIRECTION('',(0.,3.3E-16,1.));
#995 = ADVANCED_FACE('',(#996),#1015,.T.);
#996 = FACE_BOUND('',#997,.F.);
#997 = EDGE_LOOP('',(#998,#1007,#1013,#1014));
#998 = ORIENTED_EDGE('',*,*,#999,.T.);
#999 = EDGE_CURVE('',#204,#1000,#1002,.T.);
#1000 = VERTEX_POINT('',#1001);
#1001 = CARTESIAN_POINT('',(21.,-5.,8.));
#1002 = CIRCLE('',#1003,2.);
#1003 = AXIS2_PLACEMENT_3D('',#1004,#1005,#1006);
#1004 = CARTESIAN_POINT('',(21.,-3.,8.));
#1005 = DIRECTION('',(1.,5.6E-16,-1.025058787415E-47));
#1006 = DIRECTION('',(5.6E-16,-1.,3.3E-16));
#1007 = ORIENTED_EDGE('',*,*,#1008,.T.);
#1008 = EDGE_CURVE('',#1000,#907,#1009,.T.);
#1009 = LINE('',#1010,#1011);
#1010 = CARTESIAN_POINT('',(21.,-5.,8.));
#1011 = VECTOR('',#1012,1.);
#1012 = DIRECTION('',(-1.,0.,0.));
#1013 = ORIENTED_EDGE('',*,*,#906,.F.);
#1014 = ORIENTED_EDGE('',*,*,#212,.F.);
#1015 = CYLINDRICAL_SURFACE('',#1016,2.);
#1016 = AXIS2_PLACEMENT_3D('',#1017,#1018,#1019);
#1017 = CARTESIAN_POINT('',(21.,-3.,8.));
#1018 = DIRECTION('',(-1.,0.,0.));
#1019 = DIRECTION('',(0.,3.3E-16,1.));
#1020 = ADVANCED_FACE('',(#1021),#1063,.T.);
#1021 = FACE_BOUND('',#1022,.F.);
#1022 = EDGE_LOOP('',(#1023,#1054,#1055,#1056));
#1023 = ORIENTED_EDGE('',*,*,#1024,.T.);
#1024 = EDGE_CURVE('',#1025,#119,#1027,.T.);
#1025 = VERTEX_POINT('',#1026);
#1026 = CARTESIAN_POINT('',(-5.,19.364916731037,8.));
#1027 = B_SPLINE_CURVE_WITH_KNOTS('',7,(#1028,#1029,#1030,#1031,#1032,
    #1033,#1034,#1035,#1036,#1037,#1038,#1039,#1040,#1041,#1042,#1043,
    #1044,#1045,#1046,#1047,#1048,#1049,#1050,#1051,#1052,#1053),
  .UNSPECIFIED.,.F.,.F.,(8,6,6,6,8),(0.,0.217694153325,0.356479859259,
    0.536913457717,1.),.UNSPECIFIED.);
#1028 = CARTESIAN_POINT('',(-5.,19.364916731037,8.));
#1029 = CARTESIAN_POINT('',(-5.,19.364916731037,8.116610555461));
#1030 = CARTESIAN_POINT('',(-4.992067599303,19.358772277215,
    8.233269805292));
#1031 = CARTESIAN_POINT('',(-4.976192118838,19.346475338163,
    8.348689176463));
#1032 = CARTESIAN_POINT('',(-4.952686280505,19.328255270149,
    8.461770887074));
#1033 = CARTESIAN_POINT('',(-4.922067633558,19.304489170502,
    8.571605936153));
#1034 = CARTESIAN_POINT('',(-4.884977777001,19.275643918435,
    8.677466902425));
#1035 = CARTESIAN_POINT('',(-4.814828780311,19.220960346834,
    8.843395211574));
#1036 = CARTESIAN_POINT('',(-4.785169385094,19.197812356664,
    8.906181389197));
#1037 = CARTESIAN_POINT('',(-4.753332807703,19.172931017195,
    8.967035670323));
#1038 = CARTESIAN_POINT('',(-4.719491501703,19.146442033904,
    9.025873386137));
#1039 = CARTESIAN_POINT('',(-4.683813616014,19.118467965108,
    9.082638632921));
#1040 = CARTESIAN_POINT('',(-4.646457852055,19.089124453756,
    9.137299291339));
#1041 = CARTESIAN_POINT('',(-4.557008517128,19.018723379949,
    9.258152237887));
#1042 = CARTESIAN_POINT('',(-4.503861487184,18.976797128842,
    9.322875932278));
#1043 = CARTESIAN_POINT('',(-4.448440992889,18.932965801406,
    9.383992853176));
#1044 = CARTESIAN_POINT('',(-4.391033492544,18.887438159125,
    9.441516122996));
#1045 = CARTESIAN_POINT('',(-4.33189523232,18.840401241168,
    9.495484611735));
#1046 = CARTESIAN_POINT('',(-4.27124933768,18.792017976103,
    9.545955286431));
#1047 = CARTESIAN_POINT('',(-4.050244780078,18.615142870531,
    9.713725392012));
#1048 = CARTESIAN_POINT('',(-3.882737834003,18.480074692171,
    9.811686515472));
#1049 = CARTESIAN_POINT('',(-3.709693470176,18.339344317606,
    9.888339958778));
#1050 = CARTESIAN_POINT('',(-3.533351551603,18.194602610206,
    9.944664172829));
#1051 = CARTESIAN_POINT('',(-3.355492119416,18.047207229047,
    9.981642602714));
#1052 = CARTESIAN_POINT('',(-3.177406580714,17.898175281969,
    9.999999624347));
#1053 = CARTESIAN_POINT('',(-2.999999999219,17.748239349431,10.));
#1054 = ORIENTED_EDGE('',*,*,#118,.T.);
#1055 = ORIENTED_EDGE('',*,*,#961,.T.);
#1056 = ORIENTED_EDGE('',*,*,#1057,.F.);
#1057 = EDGE_CURVE('',#1025,#954,#1058,.T.);
#1058 = CIRCLE('',#1059,20.);
#1059 = AXIS2_PLACEMENT_3D('',#1060,#1061,#1062);
#1060 = CARTESIAN_POINT('',(0.,2.7E-15,8.));
#1061 = DIRECTION('',(4.015739215635E-33,3.3E-16,1.));
#1062 = DIRECTION('',(-0.25,0.968245836552,-3.195211260621E-16));
#1063 = TOROIDAL_SURFACE('',#1064,18.,2.);
#1064 = AXIS2_PLACEMENT_3D('',#1065,#1066,#1067);
#1065 = CARTESIAN_POINT('',(0.,2.7E-15,8.));
#1066 = DIRECTION('',(0.,-3.3E-16,-1.));
#1067 = DIRECTION('',(-0.25,0.968245836552,-3.195211260621E-16));
#1068 = ADVANCED_FACE('',(#1069),#1089,.T.);
#1069 = FACE_BOUND('',#1070,.T.);
#1070 = EDGE_LOOP('',(#1071,#1080,#1081,#1082));
#1071 = ORIENTED_EDGE('',*,*,#1072,.F.);
#1072 = EDGE_CURVE('',#196,#1073,#1075,.T.);
#1073 = VERTEX_POINT('',#1074);
#1074 = CARTESIAN_POINT('',(25.,-1.,8.));
#1075 = CIRCLE('',#1076,2.);
#1076 = AXIS2_PLACEMENT_3D('',#1077,#1078,#1079);
#1077 = CARTESIAN_POINT('',(23.,-1.,8.));
#1078 = DIRECTION('',(0.,1.,-1.1E-16));
#1079 = DIRECTION('',(0.,1.1E-16,1.));
#1080 = ORIENTED_EDGE('',*,*,#203,.T.);
#1081 = ORIENTED_EDGE('',*,*,#999,.T.);
#1082 = ORIENTED_EDGE('',*,*,#1083,.F.);
#1083 = EDGE_CURVE('',#1073,#1000,#1084,.T.);
#1084 = CIRCLE('',#1085,4.);
#1085 = AXIS2_PLACEMENT_3D('',#1086,#1087,#1088);
#1086 = CARTESIAN_POINT('',(21.,-1.,8.));
#1087 = DIRECTION('',(2.176858271817E-47,-3.3E-16,-1.));
#1088 = DIRECTION('',(1.,9.4E-16,-3.102E-31));
#1089 = TOROIDAL_SURFACE('',#1090,2.,2.);
#1090 = AXIS2_PLACEMENT_3D('',#1091,#1092,#1093);
#1091 = CARTESIAN_POINT('',(21.,-1.,8.));
#1092 = DIRECTION('',(0.,-3.3E-16,-1.));
#1093 = DIRECTION('',(1.,9.4E-16,-3.102E-31));
#1094 = ADVANCED_FACE('',(#1095),#1114,.T.);
#1095 = FACE_BOUND('',#1096,.F.);
#1096 = EDGE_LOOP('',(#1097,#1106,#1107,#1108));
#1097 = ORIENTED_EDGE('',*,*,#1098,.T.);
#1098 = EDGE_CURVE('',#1099,#128,#1101,.T.);
#1099 = VERTEX_POINT('',#1100);
#1100 = CARTESIAN_POINT('',(-5.,21.,8.));
#1101 = CIRCLE('',#1102,2.);
#1102 = AXIS2_PLACEMENT_3D('',#1103,#1104,#1105);
#1103 = CARTESIAN_POINT('',(-3.,21.,8.));
#1104 = DIRECTION('',(6.E-17,1.,-3.3E-16));
#1105 = DIRECTION('',(-1.,6.E-17,-9.081839894577E-49));
#1106 = ORIENTED_EDGE('',*,*,#127,.T.);
#1107 = ORIENTED_EDGE('',*,*,#1024,.F.);
#1108 = ORIENTED_EDGE('',*,*,#1109,.F.);
#1109 = EDGE_CURVE('',#1099,#1025,#1110,.T.);
#1110 = LINE('',#1111,#1112);
#1111 = CARTESIAN_POINT('',(-5.,21.,8.));
#1112 = VECTOR('',#1113,1.);
#1113 = DIRECTION('',(0.,-1.,1.1E-16));
#1114 = CYLINDRICAL_SURFACE('',#1115,2.);
#1115 = AXIS2_PLACEMENT_3D('',#1116,#1117,#1118);
#1116 = CARTESIAN_POINT('',(-3.,21.,8.));
#1117 = DIRECTION('',(0.,-1.,1.1E-16));
#1118 = DIRECTION('',(-1.,0.,0.));
#1119 = ADVANCED_FACE('',(#1120),#1139,.T.);
#1120 = FACE_BOUND('',#1121,.F.);
#1121 = EDGE_LOOP('',(#1122,#1131,#1137,#1138));
#1122 = ORIENTED_EDGE('',*,*,#1123,.T.);
#1123 = EDGE_CURVE('',#187,#1124,#1126,.T.);
#1124 = VERTEX_POINT('',#1125);
#1125 = CARTESIAN_POINT('',(25.,1.,8.));
#1126 = CIRCLE('',#1127,2.);
#1127 = AXIS2_PLACEMENT_3D('',#1128,#1129,#1130);
#1128 = CARTESIAN_POINT('',(23.,1.,8.));
#1129 = DIRECTION('',(-6.E-17,1.,-3.3E-16));
#1130 = DIRECTION('',(1.,6.E-17,-9.081839894577E-49));
#1131 = ORIENTED_EDGE('',*,*,#1132,.T.);
#1132 = EDGE_CURVE('',#1124,#1073,#1133,.T.);
#1133 = LINE('',#1134,#1135);
#1134 = CARTESIAN_POINT('',(25.,1.,8.));
#1135 = VECTOR('',#1136,1.);
#1136 = DIRECTION('',(0.,-1.,1.1E-16));
#1137 = ORIENTED_EDGE('',*,*,#1072,.F.);
#1138 = ORIENTED_EDGE('',*,*,#195,.F.);
#1139 = CYLINDRICAL_SURFACE('',#1140,2.);
#1140 = AXIS2_PLACEMENT_3D('',#1141,#1142,#1143);
#1141 = CARTESIAN_POINT('',(23.,1.,8.));
#1142 = DIRECTION('',(0.,-1.,1.1E-16));
#1143 = DIRECTION('',(0.,1.1E-16,1.));
#1144 = ADVANCED_FACE('',(#1145),#1165,.T.);
#1145 = FACE_BOUND('',#1146,.T.);
#1146 = EDGE_LOOP('',(#1147,#1156,#1163,#1164));
#1147 = ORIENTED_EDGE('',*,*,#1148,.F.);
#1148 = EDGE_CURVE('',#1149,#136,#1151,.T.);
#1149 = VERTEX_POINT('',#1150);
#1150 = CARTESIAN_POINT('',(-1.,25.,8.));
#1151 = CIRCLE('',#1152,2.);
#1152 = AXIS2_PLACEMENT_3D('',#1153,#1154,#1155);
#1153 = CARTESIAN_POINT('',(-1.,23.,8.));
#1154 = DIRECTION('',(1.,-0.,0.));
#1155 = DIRECTION('',(0.,1.,-5.5E-16));
#1156 = ORIENTED_EDGE('',*,*,#1157,.T.);
#1157 = EDGE_CURVE('',#1149,#1099,#1158,.T.);
#1158 = CIRCLE('',#1159,4.);
#1159 = AXIS2_PLACEMENT_3D('',#1160,#1161,#1162);
#1160 = CARTESIAN_POINT('',(-1.,21.,8.));
#1161 = DIRECTION('',(0.,3.3E-16,1.));
#1162 = DIRECTION('',(0.,1.,-3.3E-16));
#1163 = ORIENTED_EDGE('',*,*,#1098,.T.);
#1164 = ORIENTED_EDGE('',*,*,#135,.F.);
#1165 = TOROIDAL_SURFACE('',#1166,2.,2.);
#1166 = AXIS2_PLACEMENT_3D('',#1167,#1168,#1169);
#1167 = CARTESIAN_POINT('',(-1.,21.,8.));
#1168 = DIRECTION('',(0.,3.3E-16,1.));
#1169 = DIRECTION('',(0.,1.,-3.3E-16));
#1170 = ADVANCED_FACE('',(#1171),#1191,.T.);
#1171 = FACE_BOUND('',#1172,.T.);
#1172 = EDGE_LOOP('',(#1173,#1182,#1183,#1184));
#1173 = ORIENTED_EDGE('',*,*,#1174,.F.);
#1174 = EDGE_CURVE('',#179,#1175,#1177,.T.);
#1175 = VERTEX_POINT('',#1176);
#1176 = CARTESIAN_POINT('',(21.,5.,8.));
#1177 = CIRCLE('',#1178,2.);
#1178 = AXIS2_PLACEMENT_3D('',#1179,#1180,#1181);
#1179 = CARTESIAN_POINT('',(21.,3.,8.));
#1180 = DIRECTION('',(-1.,3.47E-15,0.));
#1181 = DIRECTION('',(1.1451E-30,3.3E-16,1.));
#1182 = ORIENTED_EDGE('',*,*,#186,.T.);
#1183 = ORIENTED_EDGE('',*,*,#1123,.T.);
#1184 = ORIENTED_EDGE('',*,*,#1185,.F.);
#1185 = EDGE_CURVE('',#1175,#1124,#1186,.T.);
#1186 = CIRCLE('',#1187,4.);
#1187 = AXIS2_PLACEMENT_3D('',#1188,#1189,#1190);
#1188 = CARTESIAN_POINT('',(21.,1.,8.));
#1189 = DIRECTION('',(0.,-3.3E-16,-1.));
#1190 = DIRECTION('',(3.55E-15,1.,-3.3E-16));
#1191 = TOROIDAL_SURFACE('',#1192,2.,2.);
#1192 = AXIS2_PLACEMENT_3D('',#1193,#1194,#1195);
#1193 = CARTESIAN_POINT('',(21.,1.,8.));
#1194 = DIRECTION('',(0.,-3.3E-16,-1.));
#1195 = DIRECTION('',(3.55E-15,1.,-3.3E-16));
#1196 = ADVANCED_FACE('',(#1197),#1216,.T.);
#1197 = FACE_BOUND('',#1198,.F.);
#1198 = EDGE_LOOP('',(#1199,#1208,#1209,#1210));
#1199 = ORIENTED_EDGE('',*,*,#1200,.T.);
#1200 = EDGE_CURVE('',#1201,#145,#1203,.T.);
#1201 = VERTEX_POINT('',#1202);
#1202 = CARTESIAN_POINT('',(1.,25.,8.));
#1203 = CIRCLE('',#1204,2.);
#1204 = AXIS2_PLACEMENT_3D('',#1205,#1206,#1207);
#1205 = CARTESIAN_POINT('',(1.,23.,8.));
#1206 = DIRECTION('',(1.,-2.3E-16,1.928943483608E-48));
#1207 = DIRECTION('',(2.3E-16,1.,-3.3E-16));
#1208 = ORIENTED_EDGE('',*,*,#144,.T.);
#1209 = ORIENTED_EDGE('',*,*,#1148,.F.);
#1210 = ORIENTED_EDGE('',*,*,#1211,.F.);
#1211 = EDGE_CURVE('',#1201,#1149,#1212,.T.);
#1212 = LINE('',#1213,#1214);
#1213 = CARTESIAN_POINT('',(1.,25.,8.));
#1214 = VECTOR('',#1215,1.);
#1215 = DIRECTION('',(-1.,0.,0.));
#1216 = CYLINDRICAL_SURFACE('',#1217,2.);
#1217 = AXIS2_PLACEMENT_3D('',#1218,#1219,#1220);
#1218 = CARTESIAN_POINT('',(1.,23.,8.));
#1219 = DIRECTION('',(-1.,0.,0.));
#1220 = DIRECTION('',(0.,1.,-5.5E-16));
#1221 = ADVANCED_FACE('',(#1222),#1269,.T.);
#1222 = FACE_BOUND('',#1223,.F.);
#1223 = EDGE_LOOP('',(#1224,#1261,#1267,#1268));
#1224 = ORIENTED_EDGE('',*,*,#1225,.T.);
#1225 = EDGE_CURVE('',#170,#1226,#1228,.T.);
#1226 = VERTEX_POINT('',#1227);
#1227 = CARTESIAN_POINT('',(19.364916731037,5.,8.));
#1228 = B_SPLINE_CURVE_WITH_KNOTS('',7,(#1229,#1230,#1231,#1232,#1233,
    #1234,#1235,#1236,#1237,#1238,#1239,#1240,#1241,#1242,#1243,#1244,
    #1245,#1246,#1247,#1248,#1249,#1250,#1251,#1252,#1253,#1254,#1255,
    #1256,#1257,#1258,#1259,#1260),.UNSPECIFIED.,.F.,.F.,(8,6,6,6,6,8),(
    0.,3.4363772839E-02,0.463057858361,0.643501096252,0.782294216634,1.)
  ,.UNSPECIFIED.);
#1229 = CARTESIAN_POINT('',(17.748239343778,3.00000003266,10.));
#1230 = CARTESIAN_POINT('',(17.759365034962,3.013164071863,
    9.999999999908));
#1231 = CARTESIAN_POINT('',(17.770486548378,3.026332849573,
    9.999898912436));
#1232 = CARTESIAN_POINT('',(17.781603498766,3.039505861002,
    9.999696607328));
#1233 = CARTESIAN_POINT('',(17.792715494234,3.052682604949,
    9.999392944524));
#1234 = CARTESIAN_POINT('',(17.803822136261,3.065862583794,
    9.998987774165));
#1235 = CARTESIAN_POINT('',(17.814923019699,3.079045303505,9.99848093659
    ));
#1236 = CARTESIAN_POINT('',(17.964426221731,3.25671508554,9.99027894444)
  );
#1237 = CARTESIAN_POINT('',(18.101769474132,3.421423965132,
    9.966843038817));
#1238 = CARTESIAN_POINT('',(18.237435746605,3.585588527139,
    9.927266331504));
#1239 = CARTESIAN_POINT('',(18.370576216299,3.748120111207,
    9.870923272433));
#1240 = CARTESIAN_POINT('',(18.500080549377,3.907554720465,
    9.797025606206));
#1241 = CARTESIAN_POINT('',(18.624602123889,4.062064069722,
    9.704753072643));
#1242 = CARTESIAN_POINT('',(18.792017976073,4.271249337643,
    9.545955286462));
#1243 = CARTESIAN_POINT('',(18.840401241139,4.331895232284,
    9.495484611768));
#1244 = CARTESIAN_POINT('',(18.887438159097,4.391033492509,
    9.441516123029));
#1245 = CARTESIAN_POINT('',(18.932965801379,4.448440992856,
    9.383992853211));
#1246 = CARTESIAN_POINT('',(18.976797128816,4.503861487152,
    9.322875932315));
#1247 = CARTESIAN_POINT('',(19.018723379925,4.557008517098,
    9.258152237925));
#1248 = CARTESIAN_POINT('',(19.089124453734,4.646457852027,
    9.137299291379));
#1249 = CARTESIAN_POINT('',(19.118467965087,4.683813615988,
    9.082638632962));
#1250 = CARTESIAN_POINT('',(19.146442033884,4.719491501678,
    9.025873386179));
#1251 = CARTESIAN_POINT('',(19.172931017177,4.75333280768,8.967035670366
    ));
#1252 = CARTESIAN_POINT('',(19.197812356646,4.785169385072,8.90618138924
    ));
#1253 = CARTESIAN_POINT('',(19.220960346818,4.814828780291,
    8.843395211618));
#1254 = CARTESIAN_POINT('',(19.275643918424,4.884977776987,
    8.677466902465));
#1255 = CARTESIAN_POINT('',(19.304489170495,4.922067633549,
    8.571605936187));
#1256 = CARTESIAN_POINT('',(19.328255270144,4.952686280499,
    8.461770887103));
#1257 = CARTESIAN_POINT('',(19.346475338161,4.976192118835,
    8.348689176484));
#1258 = CARTESIAN_POINT('',(19.358772277214,4.992067599302,
    8.233269805307));
#1259 = CARTESIAN_POINT('',(19.364916731037,5.,8.116610555468));
#1260 = CARTESIAN_POINT('',(19.364916731037,5.,8.));
#1261 = ORIENTED_EDGE('',*,*,#1262,.T.);
#1262 = EDGE_CURVE('',#1226,#1175,#1263,.T.);
#1263 = LINE('',#1264,#1265);
#1264 = CARTESIAN_POINT('',(19.364916731037,5.,8.));
#1265 = VECTOR('',#1266,1.);
#1266 = DIRECTION('',(1.,-3.47E-15,0.));
#1267 = ORIENTED_EDGE('',*,*,#1174,.F.);
#1268 = ORIENTED_EDGE('',*,*,#178,.F.);
#1269 = CYLINDRICAL_SURFACE('',#1270,2.);
#1270 = AXIS2_PLACEMENT_3D('',#1271,#1272,#1273);
#1271 = CARTESIAN_POINT('',(19.364916731037,3.,8.));
#1272 = DIRECTION('',(1.,-3.47E-15,0.));
#1273 = DIRECTION('',(1.1451E-30,3.3E-16,1.));
#1274 = ADVANCED_FACE('',(#1275),#1295,.T.);
#1275 = FACE_BOUND('',#1276,.T.);
#1276 = EDGE_LOOP('',(#1277,#1286,#1293,#1294));
#1277 = ORIENTED_EDGE('',*,*,#1278,.F.);
#1278 = EDGE_CURVE('',#1279,#153,#1281,.T.);
#1279 = VERTEX_POINT('',#1280);
#1280 = CARTESIAN_POINT('',(5.,21.,8.));
#1281 = CIRCLE('',#1282,2.);
#1282 = AXIS2_PLACEMENT_3D('',#1283,#1284,#1285);
#1283 = CARTESIAN_POINT('',(3.,21.,8.));
#1284 = DIRECTION('',(7.9E-16,-1.,1.1E-16));
#1285 = DIRECTION('',(1.,7.9E-16,3.641966533676E-48));
#1286 = ORIENTED_EDGE('',*,*,#1287,.T.);
#1287 = EDGE_CURVE('',#1279,#1201,#1288,.T.);
#1288 = CIRCLE('',#1289,4.);
#1289 = AXIS2_PLACEMENT_3D('',#1290,#1291,#1292);
#1290 = CARTESIAN_POINT('',(1.,21.,8.));
#1291 = DIRECTION('',(-7.586541366011E-47,3.3E-16,1.));
#1292 = DIRECTION('',(1.,2.5E-15,-8.25E-31));
#1293 = ORIENTED_EDGE('',*,*,#1200,.T.);
#1294 = ORIENTED_EDGE('',*,*,#152,.F.);
#1295 = TOROIDAL_SURFACE('',#1296,2.,2.);
#1296 = AXIS2_PLACEMENT_3D('',#1297,#1298,#1299);
#1297 = CARTESIAN_POINT('',(1.,21.,8.));
#1298 = DIRECTION('',(0.,3.3E-16,1.));
#1299 = DIRECTION('',(1.,2.5E-15,-8.25E-31));
#1300 = ADVANCED_FACE('',(#1301),#1343,.T.);
#1301 = FACE_BOUND('',#1302,.T.);
#1302 = EDGE_LOOP('',(#1303,#1304,#1313,#1342));
#1303 = ORIENTED_EDGE('',*,*,#1225,.T.);
#1304 = ORIENTED_EDGE('',*,*,#1305,.T.);
#1305 = EDGE_CURVE('',#1226,#1306,#1308,.T.);
#1306 = VERTEX_POINT('',#1307);
#1307 = CARTESIAN_POINT('',(5.,19.364916731037,8.));
#1308 = CIRCLE('',#1309,20.);
#1309 = AXIS2_PLACEMENT_3D('',#1310,#1311,#1312);
#1310 = CARTESIAN_POINT('',(0.,2.7E-15,8.));
#1311 = DIRECTION('',(1.813504257831E-33,3.3E-16,1.));
#1312 = DIRECTION('',(0.968245836552,0.25,-8.25E-17));
#1313 = ORIENTED_EDGE('',*,*,#1314,.T.);
#1314 = EDGE_CURVE('',#1306,#162,#1315,.T.);
#1315 = B_SPLINE_CURVE_WITH_KNOTS('',7,(#1316,#1317,#1318,#1319,#1320,
    #1321,#1322,#1323,#1324,#1325,#1326,#1327,#1328,#1329,#1330,#1331,
    #1332,#1333,#1334,#1335,#1336,#1337,#1338,#1339,#1340,#1341),
  .UNSPECIFIED.,.F.,.F.,(8,6,6,6,8),(0.,0.217694153336,0.35647985928,
    0.53691345775,1.),.UNSPECIFIED.);
#1316 = CARTESIAN_POINT('',(5.,19.364916731037,8.));
#1317 = CARTESIAN_POINT('',(5.,19.364916731037,8.116610555459));
#1318 = CARTESIAN_POINT('',(4.992067599303,19.358772277215,
    8.233269805288));
#1319 = CARTESIAN_POINT('',(4.976192118838,19.346475338164,
    8.348689176457));
#1320 = CARTESIAN_POINT('',(4.952686280507,19.32825527015,8.461770887067
    ));
#1321 = CARTESIAN_POINT('',(4.922067633561,19.304489170504,
    8.571605936144));
#1322 = CARTESIAN_POINT('',(4.884977777005,19.275643918438,
    8.677466902415));
#1323 = CARTESIAN_POINT('',(4.814828780317,19.220960346838,
    8.843395211562));
#1324 = CARTESIAN_POINT('',(4.7851693851,19.197812356668,8.906181389185)
  );
#1325 = CARTESIAN_POINT('',(4.753332807709,19.1729310172,8.967035670312)
  );
#1326 = CARTESIAN_POINT('',(4.719491501709,19.146442033909,
    9.025873386126));
#1327 = CARTESIAN_POINT('',(4.683813616021,19.118467965113,
    9.082638632911));
#1328 = CARTESIAN_POINT('',(4.646457852062,19.089124453761,
    9.137299291329));
#1329 = CARTESIAN_POINT('',(4.557008517136,19.018723379955,
    9.258152237877));
#1330 = CARTESIAN_POINT('',(4.503861487193,18.976797128848,
    9.322875932269));
#1331 = CARTESIAN_POINT('',(4.448440992898,18.932965801412,
    9.383992853167));
#1332 = CARTESIAN_POINT('',(4.391033492553,18.887438159132,
    9.441516122987));
#1333 = CARTESIAN_POINT('',(4.331895232329,18.840401241175,
    9.495484611727));
#1334 = CARTESIAN_POINT('',(4.27124933769,18.79201797611,9.545955286424)
  );
#1335 = CARTESIAN_POINT('',(4.05024478011,18.615142870557,9.713725391989
    ));
#1336 = CARTESIAN_POINT('',(3.882737833497,18.480074692505,
    9.811686515435));
#1337 = CARTESIAN_POINT('',(3.709693472323,18.339344316643,
    9.888339958746));
#1338 = CARTESIAN_POINT('',(3.533351548254,18.194602612032,
    9.944664172788));
#1339 = CARTESIAN_POINT('',(3.355492122878,18.047207227502,
    9.981642602689));
#1340 = CARTESIAN_POINT('',(3.177406578997,17.898175283047,
    9.999999624329));
#1341 = CARTESIAN_POINT('',(3.,17.748239349299,10.));
#1342 = ORIENTED_EDGE('',*,*,#169,.F.);
#1343 = TOROIDAL_SURFACE('',#1344,18.,2.);
#1344 = AXIS2_PLACEMENT_3D('',#1345,#1346,#1347);
#1345 = CARTESIAN_POINT('',(0.,2.7E-15,8.));
#1346 = DIRECTION('',(0.,3.3E-16,1.));
#1347 = DIRECTION('',(0.968245836552,0.25,-8.25E-17));
#1348 = ADVANCED_FACE('',(#1349),#1360,.T.);
#1349 = FACE_BOUND('',#1350,.F.);
#1350 = EDGE_LOOP('',(#1351,#1352,#1353,#1354));
#1351 = ORIENTED_EDGE('',*,*,#1314,.T.);
#1352 = ORIENTED_EDGE('',*,*,#161,.T.);
#1353 = ORIENTED_EDGE('',*,*,#1278,.F.);
#1354 = ORIENTED_EDGE('',*,*,#1355,.F.);
#1355 = EDGE_CURVE('',#1306,#1279,#1356,.T.);
#1356 = LINE('',#1357,#1358);
#1357 = CARTESIAN_POINT('',(5.,19.364916731037,8.));
#1358 = VECTOR('',#1359,1.);
#1359 = DIRECTION('',(-7.9E-16,1.,-1.1E-16));
#1360 = CYLINDRICAL_SURFACE('',#1361,2.);
#1361 = AXIS2_PLACEMENT_3D('',#1362,#1363,#1364);
#1362 = CARTESIAN_POINT('',(3.,19.364916731037,8.));
#1363 = DIRECTION('',(-7.9E-16,1.,-1.1E-16));
#1364 = DIRECTION('',(1.,7.9E-16,3.641966533676E-48));
#1365 = ADVANCED_FACE('',(#1366),#1391,.F.);
#1366 = FACE_BOUND('',#1367,.F.);
#1367 = EDGE_LOOP('',(#1368,#1376,#1384,#1390));
#1368 = ORIENTED_EDGE('',*,*,#1369,.T.);
#1369 = EDGE_CURVE('',#264,#1370,#1372,.T.);
#1370 = VERTEX_POINT('',#1371);
#1371 = CARTESIAN_POINT('',(4.607255148133,-1.298E-12,4.5));
#1372 = LINE('',#1373,#1374);
#1373 = CARTESIAN_POINT('',(4.607255148133,-1.29742E-12,10.));
#1374 = VECTOR('',#1375,1.);
#1375 = DIRECTION('',(0.,-1.1E-16,-1.));
#1376 = ORIENTED_EDGE('',*,*,#1377,.T.);
#1377 = EDGE_CURVE('',#1370,#1378,#1380,.T.);
#1378 = VERTEX_POINT('',#1379);
#1379 = CARTESIAN_POINT('',(2.303627574067,3.99,4.5));
#1380 = LINE('',#1381,#1382);
#1381 = CARTESIAN_POINT('',(4.607255148133,-1.29762E-12,4.5));
#1382 = VECTOR('',#1383,1.);
#1383 = DIRECTION('',(-0.5,0.866025403785,0.));
#1384 = ORIENTED_EDGE('',*,*,#1385,.F.);
#1385 = EDGE_CURVE('',#266,#1378,#1386,.T.);
#1386 = LINE('',#1387,#1388);
#1387 = CARTESIAN_POINT('',(2.303627574067,3.99,10.));
#1388 = VECTOR('',#1389,1.);
#1389 = DIRECTION('',(0.,-1.1E-16,-1.));
#1390 = ORIENTED_EDGE('',*,*,#263,.F.);
#1391 = PLANE('',#1392);
#1392 = AXIS2_PLACEMENT_3D('',#1393,#1394,#1395);
#1393 = CARTESIAN_POINT('',(4.607255148133,-1.29742E-12,10.));
#1394 = DIRECTION('',(0.866025403785,0.5,-6.E-17));
#1395 = DIRECTION('',(-0.5,0.866025403785,-1.E-16));
#1396 = ADVANCED_FACE('',(#1397),#1415,.F.);
#1397 = FACE_BOUND('',#1398,.F.);
#1398 = EDGE_LOOP('',(#1399,#1407,#1413,#1414));
#1399 = ORIENTED_EDGE('',*,*,#1400,.T.);
#1400 = EDGE_CURVE('',#298,#1401,#1403,.T.);
#1401 = VERTEX_POINT('',#1402);
#1402 = CARTESIAN_POINT('',(2.303627574066,-3.99,4.5));
#1403 = LINE('',#1404,#1405);
#1404 = CARTESIAN_POINT('',(2.303627574066,-3.99,10.));
#1405 = VECTOR('',#1406,1.);
#1406 = DIRECTION('',(0.,-1.1E-16,-1.));
#1407 = ORIENTED_EDGE('',*,*,#1408,.T.);
#1408 = EDGE_CURVE('',#1401,#1370,#1409,.T.);
#1409 = LINE('',#1410,#1411);
#1410 = CARTESIAN_POINT('',(2.303627574066,-3.99,4.5));
#1411 = VECTOR('',#1412,1.);
#1412 = DIRECTION('',(0.5,0.866025403784,0.));
#1413 = ORIENTED_EDGE('',*,*,#1369,.F.);
#1414 = ORIENTED_EDGE('',*,*,#305,.F.);
#1415 = PLANE('',#1416);
#1416 = AXIS2_PLACEMENT_3D('',#1417,#1418,#1419);
#1417 = CARTESIAN_POINT('',(2.303627574066,-3.99,10.));
#1418 = DIRECTION('',(0.866025403784,-0.5,6.E-17));
#1419 = DIRECTION('',(0.5,0.866025403784,-1.E-16));
#1420 = ADVANCED_FACE('',(#1421),#1439,.F.);
#1421 = FACE_BOUND('',#1422,.F.);
#1422 = EDGE_LOOP('',(#1423,#1424,#1432,#1438));
#1423 = ORIENTED_EDGE('',*,*,#1385,.T.);
#1424 = ORIENTED_EDGE('',*,*,#1425,.T.);
#1425 = EDGE_CURVE('',#1378,#1426,#1428,.T.);
#1426 = VERTEX_POINT('',#1427);
#1427 = CARTESIAN_POINT('',(-2.303627574067,3.99,4.5));
#1428 = LINE('',#1429,#1430);
#1429 = CARTESIAN_POINT('',(2.303627574067,3.99,4.5));
#1430 = VECTOR('',#1431,1.);
#1431 = DIRECTION('',(-1.,0.,0.));
#1432 = ORIENTED_EDGE('',*,*,#1433,.F.);
#1433 = EDGE_CURVE('',#274,#1426,#1434,.T.);
#1434 = LINE('',#1435,#1436);
#1435 = CARTESIAN_POINT('',(-2.303627574067,3.99,10.));
#1436 = VECTOR('',#1437,1.);
#1437 = DIRECTION('',(0.,-1.1E-16,-1.));
#1438 = ORIENTED_EDGE('',*,*,#273,.F.);
#1439 = PLANE('',#1440);
#1440 = AXIS2_PLACEMENT_3D('',#1441,#1442,#1443);
#1441 = CARTESIAN_POINT('',(2.303627574067,3.99,10.));
#1442 = DIRECTION('',(0.,1.,-1.1E-16));
#1443 = DIRECTION('',(-1.,0.,0.));
#1444 = ADVANCED_FACE('',(#1445),#1463,.F.);
#1445 = FACE_BOUND('',#1446,.F.);
#1446 = EDGE_LOOP('',(#1447,#1455,#1461,#1462));
#1447 = ORIENTED_EDGE('',*,*,#1448,.T.);
#1448 = EDGE_CURVE('',#290,#1449,#1451,.T.);
#1449 = VERTEX_POINT('',#1450);
#1450 = CARTESIAN_POINT('',(-2.303627574066,-3.99,4.5));
#1451 = LINE('',#1452,#1453);
#1452 = CARTESIAN_POINT('',(-2.303627574066,-3.99,10.));
#1453 = VECTOR('',#1454,1.);
#1454 = DIRECTION('',(0.,-1.1E-16,-1.));
#1455 = ORIENTED_EDGE('',*,*,#1456,.T.);
#1456 = EDGE_CURVE('',#1449,#1401,#1457,.T.);
#1457 = LINE('',#1458,#1459);
#1458 = CARTESIAN_POINT('',(-2.303627574066,-3.99,4.5));
#1459 = VECTOR('',#1460,1.);
#1460 = DIRECTION('',(1.,-4.8E-16,0.));
#1461 = ORIENTED_EDGE('',*,*,#1400,.F.);
#1462 = ORIENTED_EDGE('',*,*,#297,.F.);
#1463 = PLANE('',#1464);
#1464 = AXIS2_PLACEMENT_3D('',#1465,#1466,#1467);
#1465 = CARTESIAN_POINT('',(-2.303627574066,-3.99,10.));
#1466 = DIRECTION('',(-4.8E-16,-1.,1.1E-16));
#1467 = DIRECTION('',(1.,-4.8E-16,-2.904453266752E-48));
#1468 = ADVANCED_FACE('',(#1469),#1487,.F.);
#1469 = FACE_BOUND('',#1470,.F.);
#1470 = EDGE_LOOP('',(#1471,#1472,#1480,#1486));
#1471 = ORIENTED_EDGE('',*,*,#1433,.T.);
#1472 = ORIENTED_EDGE('',*,*,#1473,.T.);
#1473 = EDGE_CURVE('',#1426,#1474,#1476,.T.);
#1474 = VERTEX_POINT('',#1475);
#1475 = CARTESIAN_POINT('',(-4.607255148133,-1.296E-12,4.5));
#1476 = LINE('',#1477,#1478);
#1477 = CARTESIAN_POINT('',(-2.303627574067,3.99,4.5));
#1478 = VECTOR('',#1479,1.);
#1479 = DIRECTION('',(-0.5,-0.866025403785,0.));
#1480 = ORIENTED_EDGE('',*,*,#1481,.F.);
#1481 = EDGE_CURVE('',#282,#1474,#1482,.T.);
#1482 = LINE('',#1483,#1484);
#1483 = CARTESIAN_POINT('',(-4.607255148133,-1.29616E-12,10.));
#1484 = VECTOR('',#1485,1.);
#1485 = DIRECTION('',(0.,-1.1E-16,-1.));
#1486 = ORIENTED_EDGE('',*,*,#281,.F.);
#1487 = PLANE('',#1488);
#1488 = AXIS2_PLACEMENT_3D('',#1489,#1490,#1491);
#1489 = CARTESIAN_POINT('',(-2.303627574067,3.99,10.));
#1490 = DIRECTION('',(-0.866025403785,0.5,-6.E-17));
#1491 = DIRECTION('',(-0.5,-0.866025403785,1.E-16));
#1492 = ADVANCED_FACE('',(#1493),#1504,.F.);
#1493 = FACE_BOUND('',#1494,.F.);
#1494 = EDGE_LOOP('',(#1495,#1496,#1502,#1503));
#1495 = ORIENTED_EDGE('',*,*,#1481,.T.);
#1496 = ORIENTED_EDGE('',*,*,#1497,.T.);
#1497 = EDGE_CURVE('',#1474,#1449,#1498,.T.);
#1498 = LINE('',#1499,#1500);
#1499 = CARTESIAN_POINT('',(-4.607255148133,-1.29636E-12,4.5));
#1500 = VECTOR('',#1501,1.);
#1501 = DIRECTION('',(0.5,-0.866025403784,0.));
#1502 = ORIENTED_EDGE('',*,*,#1448,.F.);
#1503 = ORIENTED_EDGE('',*,*,#289,.F.);
#1504 = PLANE('',#1505);
#1505 = AXIS2_PLACEMENT_3D('',#1506,#1507,#1508);
#1506 = CARTESIAN_POINT('',(-4.607255148133,-1.29616E-12,10.));
#1507 = DIRECTION('',(-0.866025403784,-0.5,6.E-17));
#1508 = DIRECTION('',(0.5,-0.866025403784,1.E-16));
#1509 = ADVANCED_FACE('',(#1510),#1557,.T.);
#1510 = FACE_BOUND('',#1511,.F.);
#1511 = EDGE_LOOP('',(#1512,#1529,#1537,#1556));
#1512 = ORIENTED_EDGE('',*,*,#1513,.T.);
#1513 = EDGE_CURVE('',#314,#1514,#1516,.T.);
#1514 = VERTEX_POINT('',#1515);
#1515 = CARTESIAN_POINT('',(-6.5,-3.741657386774,8.));
#1516 = B_SPLINE_CURVE_WITH_KNOTS('',6,(#1517,#1518,#1519,#1520,#1521,
    #1522,#1523,#1524,#1525,#1526,#1527,#1528),.UNSPECIFIED.,.F.,.F.,(7,
    5,7),(0.,0.831672120367,1.),.UNSPECIFIED.);
#1517 = CARTESIAN_POINT('',(-5.438610208586,-0.819462628228,10.));
#1518 = CARTESIAN_POINT('',(-5.732682678887,-1.409255836796,
    9.987276753748));
#1519 = CARTESIAN_POINT('',(-5.903429466573,-1.885913128828,
    9.92027753395));
#1520 = CARTESIAN_POINT('',(-6.080545356648,-2.32534998078,
    9.797562348759));
#1521 = CARTESIAN_POINT('',(-6.246144427475,-2.840900137885,
    9.595142720513));
#1522 = CARTESIAN_POINT('',(-6.38039052942,-3.308120449096,9.21225658215
    ));
#1523 = CARTESIAN_POINT('',(-6.468456887754,-3.625282267969,
    8.587691917251));
#1524 = CARTESIAN_POINT('',(-6.480778454176,-3.670322601162,
    8.476993310445));
#1525 = CARTESIAN_POINT('',(-6.490297918455,-3.705539325762,
    8.361487151556));
#1526 = CARTESIAN_POINT('',(-6.496767713086,-3.729625764202,
    8.242327613082));
#1527 = CARTESIAN_POINT('',(-6.5,-3.741657386774,8.121128836019));
#1528 = CARTESIAN_POINT('',(-6.5,-3.741657386774,8.));
#1529 = ORIENTED_EDGE('',*,*,#1530,.T.);
#1530 = EDGE_CURVE('',#1514,#1531,#1533,.T.);
#1531 = VERTEX_POINT('',#1532);
#1532 = CARTESIAN_POINT('',(-12.99519320527,-7.491658932278,8.));
#1533 = LINE('',#1534,#1535);
#1534 = CARTESIAN_POINT('',(-6.5,-3.741657386774,8.));
#1535 = VECTOR('',#1536,1.);
#1536 = DIRECTION('',(-0.866025403784,-0.5,1.7E-16));
#1537 = ORIENTED_EDGE('',*,*,#1538,.F.);
#1538 = EDGE_CURVE('',#316,#1531,#1539,.T.);
#1539 = B_SPLINE_CURVE_WITH_KNOTS('',8,(#1540,#1541,#1542,#1543,#1544,
    #1545,#1546,#1547,#1548,#1549,#1550,#1551,#1552,#1553,#1554,#1555),
  .UNSPECIFIED.,.F.,.F.,(9,7,9),(0.,0.730580281036,1.),.UNSPECIFIED.);
#1540 = CARTESIAN_POINT('',(-15.62401594926,-6.700009374412,10.));
#1541 = CARTESIAN_POINT('',(-15.2933551445,-6.809886648432,
    10.001438307289));
#1542 = CARTESIAN_POINT('',(-14.98075861786,-6.911158161988,
    9.960414166509));
#1543 = CARTESIAN_POINT('',(-14.67019762522,-7.009031525947,
    9.892262241383));
#1544 = CARTESIAN_POINT('',(-14.36670185099,-7.102233789291,
    9.787197834172));
#1545 = CARTESIAN_POINT('',(-14.06918382053,-7.190943295396,
    9.646727009688));
#1546 = CARTESIAN_POINT('',(-13.78830459925,-7.272200674609,
    9.464024948009));
#1547 = CARTESIAN_POINT('',(-13.53534244904,-7.343494888037,
    9.238178617671));
#1548 = CARTESIAN_POINT('',(-13.25599431506,-7.420875329483,
    8.862215459895));
#1549 = CARTESIAN_POINT('',(-13.18739168605,-7.439712149138,
    8.754299732079));
#1550 = CARTESIAN_POINT('',(-13.12682082859,-7.456208784766,
    8.639916059346));
#1551 = CARTESIAN_POINT('',(-13.07583460815,-7.469995939161,
    8.51949982039));
#1552 = CARTESIAN_POINT('',(-13.03601377709,-7.480707279171,
    8.393831696159));
#1553 = CARTESIAN_POINT('',(-13.00879996018,-7.488008261157,
    8.264112320591));
#1554 = CARTESIAN_POINT('',(-12.99519320527,-7.491658932278,
    8.132054282852));
#1555 = CARTESIAN_POINT('',(-12.99519320527,-7.491658932278,8.));
#1556 = ORIENTED_EDGE('',*,*,#313,.F.);
#1557 = CYLINDRICAL_SURFACE('',#1558,2.);
#1558 = AXIS2_PLACEMENT_3D('',#1559,#1560,#1561);
#1559 = CARTESIAN_POINT('',(-7.5,-2.009606579205,8.));
#1560 = DIRECTION('',(-0.866025403784,-0.5,1.7E-16));
#1561 = DIRECTION('',(4.330127018922E-18,3.325E-16,1.));
#1562 = ADVANCED_FACE('',(#1563),#1593,.T.);
#1563 = FACE_BOUND('',#1564,.F.);
#1564 = EDGE_LOOP('',(#1565,#1566,#1567,#1586));
#1565 = ORIENTED_EDGE('',*,*,#1513,.F.);
#1566 = ORIENTED_EDGE('',*,*,#340,.T.);
#1567 = ORIENTED_EDGE('',*,*,#1568,.T.);
#1568 = EDGE_CURVE('',#333,#1569,#1571,.T.);
#1569 = VERTEX_POINT('',#1570);
#1570 = CARTESIAN_POINT('',(-3.75,-6.495190528383,8.));
#1571 = B_SPLINE_CURVE_WITH_KNOTS('',7,(#1572,#1573,#1574,#1575,#1576,
    #1577,#1578,#1579,#1580,#1581,#1582,#1583,#1584,#1585),
  .UNSPECIFIED.,.F.,.F.,(8,6,8),(0.,0.833737328705,1.),.UNSPECIFIED.);
#1572 = CARTESIAN_POINT('',(-0.829686883921,-5.437059837325,10.));
#1573 = CARTESIAN_POINT('',(-1.300309537358,-5.663363255854,
    9.993675573513));
#1574 = CARTESIAN_POINT('',(-1.721040361318,-5.838651656623,
    9.952427381948));
#1575 = CARTESIAN_POINT('',(-2.123262172157,-5.994438388456,
    9.858680469415));
#1576 = CARTESIAN_POINT('',(-2.551668376333,-6.146683445365,
    9.718286058492));
#1577 = CARTESIAN_POINT('',(-2.981566363968,-6.279939114644,
    9.485991487884));
#1578 = CARTESIAN_POINT('',(-3.355015209556,-6.386583761164,
    9.139340398551));
#1579 = CARTESIAN_POINT('',(-3.627395669801,-6.461997845345,
    8.599536629778));
#1580 = CARTESIAN_POINT('',(-3.666764589964,-6.47276885715,8.50586871825
    ));
#1581 = CARTESIAN_POINT('',(-3.699387163597,-6.481604793108,
    8.408714674296));
#1582 = CARTESIAN_POINT('',(-3.724508725515,-6.488360417974,
    8.30867196178));
#1583 = CARTESIAN_POINT('',(-3.741507158792,-6.49291478198,
    8.206520488898));
#1584 = CARTESIAN_POINT('',(-3.75,-6.495190528383,8.103236097681));
#1585 = CARTESIAN_POINT('',(-3.75,-6.495190528383,8.));
#1586 = ORIENTED_EDGE('',*,*,#1587,.F.);
#1587 = EDGE_CURVE('',#1514,#1569,#1588,.T.);
#1588 = CIRCLE('',#1589,7.5);
#1589 = AXIS2_PLACEMENT_3D('',#1590,#1591,#1592);
#1590 = CARTESIAN_POINT('',(0.,2.65E-15,8.));
#1591 = DIRECTION('',(-9.903419577547E-33,3.3E-16,1.));
#1592 = DIRECTION('',(-0.866666666667,-0.49888765157,1.646329250181E-16)
  );
#1593 = TOROIDAL_SURFACE('',#1594,5.5,2.);
#1594 = AXIS2_PLACEMENT_3D('',#1595,#1596,#1597);
#1595 = CARTESIAN_POINT('',(0.,2.65E-15,8.));
#1596 = DIRECTION('',(0.,-3.3E-16,-1.));
#1597 = DIRECTION('',(-0.866666666667,-0.49888765157,1.646329250181E-16)
  );
#1598 = ADVANCED_FACE('',(#1599),#1635,.T.);
#1599 = FACE_BOUND('',#1600,.T.);
#1600 = EDGE_LOOP('',(#1601,#1602,#1603,#1628));
#1601 = ORIENTED_EDGE('',*,*,#1538,.F.);
#1602 = ORIENTED_EDGE('',*,*,#323,.T.);
#1603 = ORIENTED_EDGE('',*,*,#1604,.T.);
#1604 = EDGE_CURVE('',#324,#1605,#1607,.T.);
#1605 = VERTEX_POINT('',#1606);
#1606 = CARTESIAN_POINT('',(-7.5,-12.99038105676,8.));
#1607 = B_SPLINE_CURVE_WITH_KNOTS('',7,(#1608,#1609,#1610,#1611,#1612,
    #1613,#1614,#1615,#1616,#1617,#1618,#1619,#1620,#1621,#1622,#1623,
    #1624,#1625,#1626,#1627),.UNSPECIFIED.,.F.,.F.,(8,6,6,8),(0.,
    0.580532010671,0.836303481198,1.),.UNSPECIFIED.);
#1608 = CARTESIAN_POINT('',(-6.708920700498,-15.62019151721,10.));
#1609 = CARTESIAN_POINT('',(-6.805797094818,-15.32862256785,
    9.999732508149));
#1610 = CARTESIAN_POINT('',(-6.899146876683,-15.04077186779,
    9.969445646145));
#1611 = CARTESIAN_POINT('',(-6.989115951432,-14.75655325432,
    9.90992443921));
#1612 = CARTESIAN_POINT('',(-7.07554312878,-14.47640301015,9.82170030192
    ));
#1613 = CARTESIAN_POINT('',(-7.157211202726,-14.2045378786,
    9.702003833088));
#1614 = CARTESIAN_POINT('',(-7.232802433719,-13.94631104578,
    9.549569319532));
#1615 = CARTESIAN_POINT('',(-7.329818336265,-13.60762145862,
    9.276345004574));
#1616 = CARTESIAN_POINT('',(-7.357849369873,-13.50866292575,
    9.185666789762));
#1617 = CARTESIAN_POINT('',(-7.38407216592,-13.41508538216,
    9.087495204166));
#1618 = CARTESIAN_POINT('',(-7.408199923781,-13.32809837977,
    8.981549644427));
#1619 = CARTESIAN_POINT('',(-7.429862208792,-13.24927997492,
    8.867758573017));
#1620 = CARTESIAN_POINT('',(-7.448618426365,-13.18053668363,
    8.746338288436));
#1621 = CARTESIAN_POINT('',(-7.473864413986,-13.08752452282,
    8.535917843572));
#1622 = CARTESIAN_POINT('',(-7.482337268667,-13.05616157539,
    8.450999542429));
#1623 = CARTESIAN_POINT('',(-7.489295779039,-13.03030190058,
    8.363612801272));
#1624 = CARTESIAN_POINT('',(-7.494618678143,-13.010464715,8.274197400538
    ));
#1625 = CARTESIAN_POINT('',(-7.498206925337,-12.99707279026,
    8.183311071082));
#1626 = CARTESIAN_POINT('',(-7.5,-12.99038105676,8.091638863376));
#1627 = CARTESIAN_POINT('',(-7.5,-12.99038105676,8.));
#1628 = ORIENTED_EDGE('',*,*,#1629,.F.);
#1629 = EDGE_CURVE('',#1531,#1605,#1630,.T.);
#1630 = CIRCLE('',#1631,15.);
#1631 = AXIS2_PLACEMENT_3D('',#1632,#1633,#1634);
#1632 = CARTESIAN_POINT('',(0.,2.65E-15,8.));
#1633 = DIRECTION('',(1.672224713036E-32,3.3E-16,1.));
#1634 = DIRECTION('',(-0.866346213685,-0.499443928819,1.648164965101E-16
    ));
#1635 = TOROIDAL_SURFACE('',#1636,17.,2.);
#1636 = AXIS2_PLACEMENT_3D('',#1637,#1638,#1639);
#1637 = CARTESIAN_POINT('',(0.,2.65E-15,8.));
#1638 = DIRECTION('',(-0.,3.3E-16,1.));
#1639 = DIRECTION('',(-0.866346213685,-0.499443928819,1.648164965101E-16
    ));
#1640 = ADVANCED_FACE('',(#1641),#1652,.T.);
#1641 = FACE_BOUND('',#1642,.T.);
#1642 = EDGE_LOOP('',(#1643,#1644,#1650,#1651));
#1643 = ORIENTED_EDGE('',*,*,#1568,.T.);
#1644 = ORIENTED_EDGE('',*,*,#1645,.T.);
#1645 = EDGE_CURVE('',#1569,#1605,#1646,.T.);
#1646 = LINE('',#1647,#1648);
#1647 = CARTESIAN_POINT('',(-3.75,-6.495190528383,8.));
#1648 = VECTOR('',#1649,1.);
#1649 = DIRECTION('',(-0.5,-0.866025403784,2.9E-16));
#1650 = ORIENTED_EDGE('',*,*,#1604,.F.);
#1651 = ORIENTED_EDGE('',*,*,#332,.F.);
#1652 = CYLINDRICAL_SURFACE('',#1653,2.);
#1653 = AXIS2_PLACEMENT_3D('',#1654,#1655,#1656);
#1654 = CARTESIAN_POINT('',(-2.017949192431,-7.495190528383,8.));
#1655 = DIRECTION('',(-0.5,-0.866025403784,2.9E-16));
#1656 = DIRECTION('',(2.105808375568E-18,3.336473670975E-16,1.));
#1657 = ADVANCED_FACE('',(#1658),#1705,.T.);
#1658 = FACE_BOUND('',#1659,.T.);
#1659 = EDGE_LOOP('',(#1660,#1677,#1685,#1704));
#1660 = ORIENTED_EDGE('',*,*,#1661,.T.);
#1661 = EDGE_CURVE('',#350,#1662,#1664,.T.);
#1662 = VERTEX_POINT('',#1663);
#1663 = CARTESIAN_POINT('',(3.75,6.495190528383,8.));
#1664 = B_SPLINE_CURVE_WITH_KNOTS('',6,(#1665,#1666,#1667,#1668,#1669,
    #1670,#1671,#1672,#1673,#1674,#1675,#1676),.UNSPECIFIED.,.F.,.F.,(7,
    5,7),(0.,0.83155774137,1.),.UNSPECIFIED.);
#1665 = CARTESIAN_POINT('',(0.829686883921,5.437059837325,10.));
#1666 = CARTESIAN_POINT('',(1.41879193495,5.730073930374,9.987160884262)
  );
#1667 = CARTESIAN_POINT('',(1.895588148668,5.900563984365,9.920317838166
    ));
#1668 = CARTESIAN_POINT('',(2.335007280008,6.077193923909,9.79741951694)
  );
#1669 = CARTESIAN_POINT('',(2.850243934646,6.24225985243,9.594785132685)
  );
#1670 = CARTESIAN_POINT('',(3.316854723693,6.375992699098,9.211895421684
    ));
#1671 = CARTESIAN_POINT('',(3.633686455754,6.463744649822,8.58767916721)
  );
#1672 = CARTESIAN_POINT('',(3.678706247312,6.476029212656,8.476973352391
    ));
#1673 = CARTESIAN_POINT('',(3.713903832888,6.485519165809,8.361466092384
    ));
#1674 = CARTESIAN_POINT('',(3.737975659911,6.491968473663,8.242311117648
    ));
#1675 = CARTESIAN_POINT('',(3.75,6.495190528383,8.121120649824));
#1676 = CARTESIAN_POINT('',(3.75,6.495190528383,8.));
#1677 = ORIENTED_EDGE('',*,*,#1678,.T.);
#1678 = EDGE_CURVE('',#1662,#1679,#1681,.T.);
#1679 = VERTEX_POINT('',#1680);
#1680 = CARTESIAN_POINT('',(7.5,12.990381056767,8.));
#1681 = LINE('',#1682,#1683);
#1682 = CARTESIAN_POINT('',(3.75,6.495190528383,8.));
#1683 = VECTOR('',#1684,1.);
#1684 = DIRECTION('',(0.5,0.866025403784,-2.9E-16));
#1685 = ORIENTED_EDGE('',*,*,#1686,.F.);
#1686 = EDGE_CURVE('',#352,#1679,#1687,.T.);
#1687 = B_SPLINE_CURVE_WITH_KNOTS('',8,(#1688,#1689,#1690,#1691,#1692,
    #1693,#1694,#1695,#1696,#1697,#1698,#1699,#1700,#1701,#1702,#1703),
  .UNSPECIFIED.,.F.,.F.,(9,7,9),(0.,0.730621833986,1.),.UNSPECIFIED.);
#1688 = CARTESIAN_POINT('',(6.708920700498,15.620191517213,10.));
#1689 = CARTESIAN_POINT('',(6.818731891363,15.28941299977,
    10.001447178128));
#1690 = CARTESIAN_POINT('',(6.919931361149,14.976731758557,
    9.960408161973));
#1691 = CARTESIAN_POINT('',(7.017736824661,14.66606677885,9.892273305781
    ));
#1692 = CARTESIAN_POINT('',(7.110869659054,14.362475984923,
    9.787212097081));
#1693 = CARTESIAN_POINT('',(7.199514329234,14.064847290102,
    9.646755621794));
#1694 = CARTESIAN_POINT('',(7.280711267474,13.783854166545,
    9.464058528418));
#1695 = CARTESIAN_POINT('',(7.351954102672,13.530771682242,9.23821203735
    ));
#1696 = CARTESIAN_POINT('',(7.429275338895,13.251294218729,
    8.862224520459));
#1697 = CARTESIAN_POINT('',(7.448095374652,13.182667533342,8.75431618687
    ));
#1698 = CARTESIAN_POINT('',(7.464577881779,13.122072532623,8.63993735935
    ));
#1699 = CARTESIAN_POINT('',(7.478353721825,13.071063509556,
    8.519522747904));
#1700 = CARTESIAN_POINT('',(7.489056641589,13.031223091487,
    8.393852708761));
#1701 = CARTESIAN_POINT('',(7.496352082703,13.00399500534,8.264128054155
    ));
#1702 = CARTESIAN_POINT('',(7.5,12.990381056767,8.13206230903));
#1703 = CARTESIAN_POINT('',(7.5,12.990381056767,8.));
#1704 = ORIENTED_EDGE('',*,*,#349,.F.);
#1705 = CYLINDRICAL_SURFACE('',#1706,2.);
#1706 = AXIS2_PLACEMENT_3D('',#1707,#1708,#1709);
#1707 = CARTESIAN_POINT('',(2.017949192431,7.495190528383,8.));
#1708 = DIRECTION('',(0.5,0.866025403784,-2.9E-16));
#1709 = DIRECTION('',(2.105808375568E-18,3.336473670975E-16,1.));
#1710 = ADVANCED_FACE('',(#1711),#1741,.T.);
#1711 = FACE_BOUND('',#1712,.F.);
#1712 = EDGE_LOOP('',(#1713,#1732,#1733,#1734));
#1713 = ORIENTED_EDGE('',*,*,#1714,.F.);
#1714 = EDGE_CURVE('',#360,#1715,#1717,.T.);
#1715 = VERTEX_POINT('',#1716);
#1716 = CARTESIAN_POINT('',(6.494809454851,3.750659961283,8.));
#1717 = B_SPLINE_CURVE_WITH_KNOTS('',7,(#1718,#1719,#1720,#1721,#1722,
    #1723,#1724,#1725,#1726,#1727,#1728,#1729,#1730,#1731),
  .UNSPECIFIED.,.F.,.F.,(8,6,8),(0.,0.833728358326,1.),.UNSPECIFIED.);
#1718 = CARTESIAN_POINT('',(5.436936370826,0.830495574694,10.));
#1719 = CARTESIAN_POINT('',(5.663189452358,1.301108944739,9.993692481835
    ));
#1720 = CARTESIAN_POINT('',(5.83843420184,1.721805764405,9.952415511662)
  );
#1721 = CARTESIAN_POINT('',(5.994192743028,2.124035151134,9.85867659353)
  );
#1722 = CARTESIAN_POINT('',(6.146399484807,2.552420563947,9.718264938396
    ));
#1723 = CARTESIAN_POINT('',(6.279619574786,2.982291396958,9.485964715305
    ));
#1724 = CARTESIAN_POINT('',(6.386232152944,3.35570271599,9.139315551775)
  );
#1725 = CARTESIAN_POINT('',(6.461624855741,3.628060659834,8.599535777066
    ));
#1726 = CARTESIAN_POINT('',(6.472393319425,3.667428214136,8.505867323032
    ));
#1727 = CARTESIAN_POINT('',(6.481227109353,3.700049473557,8.408713070872
    ));
#1728 = CARTESIAN_POINT('',(6.48798105902,3.725169906092,8.308670475004)
  );
#1729 = CARTESIAN_POINT('',(6.49253427964,3.742167525801,8.206519390426)
  );
#1730 = CARTESIAN_POINT('',(6.494809454851,3.750659961283,8.103235551965
    ));
#1731 = CARTESIAN_POINT('',(6.494809454851,3.750659961283,8.));
#1732 = ORIENTED_EDGE('',*,*,#359,.T.);
#1733 = ORIENTED_EDGE('',*,*,#1661,.T.);
#1734 = ORIENTED_EDGE('',*,*,#1735,.F.);
#1735 = EDGE_CURVE('',#1715,#1662,#1736,.T.);
#1736 = CIRCLE('',#1737,7.5);
#1737 = AXIS2_PLACEMENT_3D('',#1738,#1739,#1740);
#1738 = CARTESIAN_POINT('',(0.,2.65E-15,8.));
#1739 = DIRECTION('',(-3.456920426953E-33,3.3E-16,1.));
#1740 = DIRECTION('',(0.86597459398,0.500087994838,-1.650290382965E-16)
  );
#1741 = TOROIDAL_SURFACE('',#1742,5.5,2.);
#1742 = AXIS2_PLACEMENT_3D('',#1743,#1744,#1745);
#1743 = CARTESIAN_POINT('',(0.,2.65E-15,8.));
#1744 = DIRECTION('',(0.,-3.3E-16,-1.));
#1745 = DIRECTION('',(0.86597459398,0.500087994838,-1.650290382965E-16)
  );
#1746 = ADVANCED_FACE('',(#1747),#1783,.T.);
#1747 = FACE_BOUND('',#1748,.T.);
#1748 = EDGE_LOOP('',(#1749,#1774,#1775,#1776));
#1749 = ORIENTED_EDGE('',*,*,#1750,.F.);
#1750 = EDGE_CURVE('',#369,#1751,#1753,.T.);
#1751 = VERTEX_POINT('',#1752);
#1752 = CARTESIAN_POINT('',(12.99,7.500659970963,8.));
#1753 = B_SPLINE_CURVE_WITH_KNOTS('',7,(#1754,#1755,#1756,#1757,#1758,
    #1759,#1760,#1761,#1762,#1763,#1764,#1765,#1766,#1767,#1768,#1769,
    #1770,#1771,#1772,#1773),.UNSPECIFIED.,.F.,.F.,(8,6,6,8),(0.,
    0.580535467294,0.836305871617,1.),.UNSPECIFIED.);
#1754 = CARTESIAN_POINT('',(15.619888649865,6.709625814143,10.));
#1755 = CARTESIAN_POINT('',(15.328311975731,6.806497470032,
    9.999732442344));
#1756 = CARTESIAN_POINT('',(15.040453612082,6.899842451503,
    9.969445763058));
#1757 = CARTESIAN_POINT('',(14.756227405616,6.989806679532,
    9.909924643969));
#1758 = CARTESIAN_POINT('',(14.476069310358,7.076229063325,
    9.821700849649));
#1759 = CARTESIAN_POINT('',(14.204196136902,7.15789248435,9.702004603531
    ));
#1760 = CARTESIAN_POINT('',(13.945960975931,7.233479364305,
    9.549570188704));
#1761 = CARTESIAN_POINT('',(13.607260471452,7.330489398715,
    9.276345467513));
#1762 = CARTESIAN_POINT('',(13.508299266924,7.358518552108,
    9.185667691541));
#1763 = CARTESIAN_POINT('',(13.414718967764,7.384739618303,
    9.087496448961));
#1764 = CARTESIAN_POINT('',(13.327729158104,7.408865820377,
    8.981551055324));
#1765 = CARTESIAN_POINT('',(13.248907981149,7.430526743606,
    8.867759888735));
#1766 = CARTESIAN_POINT('',(13.180162101772,7.449281808818,
    8.746339159462));
#1767 = CARTESIAN_POINT('',(13.087146718701,7.474526150545,8.53591814293
    ));
#1768 = CARTESIAN_POINT('',(13.055782804487,7.4829984153,8.451000029074)
  );
#1769 = CARTESIAN_POINT('',(13.029922271154,7.489956453892,
    8.363613357417));
#1770 = CARTESIAN_POINT('',(13.0100843881,7.495279000379,8.274197913925)
  );
#1771 = CARTESIAN_POINT('',(12.996691976468,7.498867013388,
    8.183311449256));
#1772 = CARTESIAN_POINT('',(12.99,7.500659970963,8.091639051115));
#1773 = CARTESIAN_POINT('',(12.99,7.500659970963,8.));
#1774 = ORIENTED_EDGE('',*,*,#376,.T.);
#1775 = ORIENTED_EDGE('',*,*,#1686,.T.);
#1776 = ORIENTED_EDGE('',*,*,#1777,.F.);
#1777 = EDGE_CURVE('',#1751,#1679,#1778,.T.);
#1778 = CIRCLE('',#1779,15.);
#1779 = AXIS2_PLACEMENT_3D('',#1780,#1781,#1782);
#1780 = CARTESIAN_POINT('',(0.,2.65E-15,8.));
#1781 = DIRECTION('',(-1.295599589404E-32,3.3E-16,1.));
#1782 = DIRECTION('',(0.866,0.500043998064,-1.650145193612E-16));
#1783 = TOROIDAL_SURFACE('',#1784,17.,2.);
#1784 = AXIS2_PLACEMENT_3D('',#1785,#1786,#1787);
#1785 = CARTESIAN_POINT('',(0.,2.65E-15,8.));
#1786 = DIRECTION('',(-0.,3.3E-16,1.));
#1787 = DIRECTION('',(0.866,0.500043998064,-1.650145193612E-16));
#1788 = ADVANCED_FACE('',(#1789),#1800,.T.);
#1789 = FACE_BOUND('',#1790,.F.);
#1790 = EDGE_LOOP('',(#1791,#1792,#1798,#1799));
#1791 = ORIENTED_EDGE('',*,*,#1714,.T.);
#1792 = ORIENTED_EDGE('',*,*,#1793,.T.);
#1793 = EDGE_CURVE('',#1715,#1751,#1794,.T.);
#1794 = LINE('',#1795,#1796);
#1795 = CARTESIAN_POINT('',(6.494809454851,3.750659961283,8.));
#1796 = VECTOR('',#1797,1.);
#1797 = DIRECTION('',(0.866025403784,0.5,-1.7E-16));
#1798 = ORIENTED_EDGE('',*,*,#1750,.F.);
#1799 = ORIENTED_EDGE('',*,*,#368,.F.);
#1800 = CYLINDRICAL_SURFACE('',#1801,2.);
#1801 = AXIS2_PLACEMENT_3D('',#1802,#1803,#1804);
#1802 = CARTESIAN_POINT('',(7.494809454851,2.018609153714,8.));
#1803 = DIRECTION('',(0.866025403784,0.5,-1.7E-16));
#1804 = DIRECTION('',(4.330127018922E-18,3.325E-16,1.));
#1805 = ADVANCED_FACE('',(#1806),#1852,.T.);
#1806 = FACE_BOUND('',#1807,.F.);
#1807 = EDGE_LOOP('',(#1808,#1825,#1826,#1845));
#1808 = ORIENTED_EDGE('',*,*,#1809,.F.);
#1809 = EDGE_CURVE('',#386,#1810,#1812,.T.);
#1810 = VERTEX_POINT('',#1811);
#1811 = CARTESIAN_POINT('',(3.75,-6.495190528383,8.));
#1812 = B_SPLINE_CURVE_WITH_KNOTS('',6,(#1813,#1814,#1815,#1816,#1817,
    #1818,#1819,#1820,#1821,#1822,#1823,#1824),.UNSPECIFIED.,.F.,.F.,(7,
    5,7),(0.,0.832570940689,1.),.UNSPECIFIED.);
#1813 = CARTESIAN_POINT('',(0.829686883921,-5.437059837325,10.));
#1814 = CARTESIAN_POINT('',(1.417836108628,-5.72930565958,9.98795122707)
  );
#1815 = CARTESIAN_POINT('',(1.894322819089,-5.900239108845,
    9.920650204011));
#1816 = CARTESIAN_POINT('',(2.335884235466,-6.077595470571,
    9.797626164987));
#1817 = CARTESIAN_POINT('',(2.852219424152,-6.242904202927,
    9.594083340444));
#1818 = CARTESIAN_POINT('',(3.319380032508,-6.376717435806,
    9.209962215015));
#1819 = CARTESIAN_POINT('',(3.634943453623,-6.464087603193,
    8.584578427016));
#1820 = CARTESIAN_POINT('',(3.679493044501,-6.476241358733,
    8.474384834743));
#1821 = CARTESIAN_POINT('',(3.714307752919,-6.48562736889,8.359462053961
    ));
#1822 = CARTESIAN_POINT('',(3.738110022309,-6.492004483419,
    8.240951838873));
#1823 = CARTESIAN_POINT('',(3.75,-6.495190528383,8.120442113961));
#1824 = CARTESIAN_POINT('',(3.75,-6.495190528383,8.));
#1825 = ORIENTED_EDGE('',*,*,#385,.T.);
#1826 = ORIENTED_EDGE('',*,*,#1827,.T.);
#1827 = EDGE_CURVE('',#388,#1828,#1830,.T.);
#1828 = VERTEX_POINT('',#1829);
#1829 = CARTESIAN_POINT('',(6.5,-3.741657386774,8.));
#1830 = B_SPLINE_CURVE_WITH_KNOTS('',7,(#1831,#1832,#1833,#1834,#1835,
    #1836,#1837,#1838,#1839,#1840,#1841,#1842,#1843,#1844),
  .UNSPECIFIED.,.F.,.F.,(8,6,8),(0.,0.833850773756,1.),.UNSPECIFIED.);
#1831 = CARTESIAN_POINT('',(5.438610208586,-0.819462628228,10.));
#1832 = CARTESIAN_POINT('',(5.665550257681,-1.290201351102,
    9.993460046298));
#1833 = CARTESIAN_POINT('',(5.841391567303,-1.711364795427,
    9.952578428204));
#1834 = CARTESIAN_POINT('',(5.997534326627,-2.113489539926,
    9.858729048792));
#1835 = CARTESIAN_POINT('',(6.150264185584,-2.542159005845,
    9.718553282454));
#1836 = CARTESIAN_POINT('',(6.283969955651,-2.972400323001,
    9.486330070001));
#1837 = CARTESIAN_POINT('',(6.391020462687,-3.346324078105,
    9.139654834111));
#1838 = CARTESIAN_POINT('',(6.46670509084,-3.618989463295,8.599547416889
    ));
#1839 = CARTESIAN_POINT('',(6.477508322083,-3.658375652712,
    8.505886369417));
#1840 = CARTESIAN_POINT('',(6.486371395509,-3.69101484513,8.408734960787
    ));
#1841 = CARTESIAN_POINT('',(6.493148205487,-3.716150690444,
    8.308690773483));
#1842 = CARTESIAN_POINT('',(6.497717029787,-3.733159413859,
    8.206534388099));
#1843 = CARTESIAN_POINT('',(6.5,-3.741657386774,8.103243002838));
#1844 = CARTESIAN_POINT('',(6.5,-3.741657386774,8.));
#1845 = ORIENTED_EDGE('',*,*,#1846,.F.);
#1846 = EDGE_CURVE('',#1810,#1828,#1847,.T.);
#1847 = CIRCLE('',#1848,7.5);
#1848 = AXIS2_PLACEMENT_3D('',#1849,#1850,#1851);
#1849 = CARTESIAN_POINT('',(0.,2.65E-15,8.));
#1850 = DIRECTION('',(-6.61687407463E-34,3.3E-16,1.));
#1851 = DIRECTION('',(0.5,-0.866025403784,2.857883832489E-16));
#1852 = TOROIDAL_SURFACE('',#1853,5.5,2.);
#1853 = AXIS2_PLACEMENT_3D('',#1854,#1855,#1856);
#1854 = CARTESIAN_POINT('',(0.,2.65E-15,8.));
#1855 = DIRECTION('',(0.,-3.3E-16,-1.));
#1856 = DIRECTION('',(0.5,-0.866025403784,2.857883832489E-16));
#1857 = ADVANCED_FACE('',(#1858),#1893,.T.);
#1858 = FACE_BOUND('',#1859,.F.);
#1859 = EDGE_LOOP('',(#1860,#1861,#1869,#1892));
#1860 = ORIENTED_EDGE('',*,*,#1809,.T.);
#1861 = ORIENTED_EDGE('',*,*,#1862,.T.);
#1862 = EDGE_CURVE('',#1810,#1863,#1865,.T.);
#1863 = VERTEX_POINT('',#1864);
#1864 = CARTESIAN_POINT('',(7.5,-12.99038105676,8.));
#1865 = LINE('',#1866,#1867);
#1866 = CARTESIAN_POINT('',(3.75,-6.495190528383,8.));
#1867 = VECTOR('',#1868,1.);
#1868 = DIRECTION('',(0.5,-0.866025403784,2.9E-16));
#1869 = ORIENTED_EDGE('',*,*,#1870,.F.);
#1870 = EDGE_CURVE('',#397,#1863,#1871,.T.);
#1871 = B_SPLINE_CURVE_WITH_KNOTS('',7,(#1872,#1873,#1874,#1875,#1876,
    #1877,#1878,#1879,#1880,#1881,#1882,#1883,#1884,#1885,#1886,#1887,
    #1888,#1889,#1890,#1891),.UNSPECIFIED.,.F.,.F.,(8,6,6,8),(0.,
    0.580532010672,0.836303481198,1.),.UNSPECIFIED.);
#1872 = CARTESIAN_POINT('',(6.708920700498,-15.62019151721,10.));
#1873 = CARTESIAN_POINT('',(6.805797094862,-15.32862256704,
    9.999732507459));
#1874 = CARTESIAN_POINT('',(6.899146876644,-15.04077186832,
    9.969445646595));
#1875 = CARTESIAN_POINT('',(6.989115951453,-14.7565532541,9.909924439021
    ));
#1876 = CARTESIAN_POINT('',(7.075543128771,-14.47640301022,
    9.821700301976));
#1877 = CARTESIAN_POINT('',(7.157211202729,-14.20453787858,
    9.702003833077));
#1878 = CARTESIAN_POINT('',(7.232802433718,-13.94631104579,
    9.549569319533));
#1879 = CARTESIAN_POINT('',(7.329818336265,-13.60762145862,
    9.276345004574));
#1880 = CARTESIAN_POINT('',(7.357849369873,-13.50866292575,
    9.185666789762));
#1881 = CARTESIAN_POINT('',(7.38407216592,-13.41508538216,9.087495204166
    ));
#1882 = CARTESIAN_POINT('',(7.408199923781,-13.32809837977,
    8.981549644426));
#1883 = CARTESIAN_POINT('',(7.429862208792,-13.24927997492,
    8.867758573017));
#1884 = CARTESIAN_POINT('',(7.448618426365,-13.18053668363,
    8.746338288436));
#1885 = CARTESIAN_POINT('',(7.473864413986,-13.08752452282,
    8.535917843572));
#1886 = CARTESIAN_POINT('',(7.482337268667,-13.05616157539,
    8.450999542429));
#1887 = CARTESIAN_POINT('',(7.489295779039,-13.03030190058,
    8.363612801271));
#1888 = CARTESIAN_POINT('',(7.494618678143,-13.010464715,8.274197400538)
  );
#1889 = CARTESIAN_POINT('',(7.498206925337,-12.99707279026,
    8.183311071082));
#1890 = CARTESIAN_POINT('',(7.5,-12.99038105676,8.091638863376));
#1891 = CARTESIAN_POINT('',(7.5,-12.99038105676,8.));
#1892 = ORIENTED_EDGE('',*,*,#396,.F.);
#1893 = CYLINDRICAL_SURFACE('',#1894,2.);
#1894 = AXIS2_PLACEMENT_3D('',#1895,#1896,#1897);
#1895 = CARTESIAN_POINT('',(2.017949192431,-7.495190528383,8.));
#1896 = DIRECTION('',(0.5,-0.866025403784,2.9E-16));
#1897 = DIRECTION('',(-2.105808375568E-18,3.336473670975E-16,1.));
#1898 = ADVANCED_FACE('',(#1899),#1930,.T.);
#1899 = FACE_BOUND('',#1900,.T.);
#1900 = EDGE_LOOP('',(#1901,#1902,#1910,#1929));
#1901 = ORIENTED_EDGE('',*,*,#1827,.T.);
#1902 = ORIENTED_EDGE('',*,*,#1903,.T.);
#1903 = EDGE_CURVE('',#1828,#1904,#1906,.T.);
#1904 = VERTEX_POINT('',#1905);
#1905 = CARTESIAN_POINT('',(12.995193205275,-7.491658932278,8.));
#1906 = LINE('',#1907,#1908);
#1907 = CARTESIAN_POINT('',(6.5,-3.741657386774,8.));
#1908 = VECTOR('',#1909,1.);
#1909 = DIRECTION('',(0.866025403784,-0.5,1.7E-16));
#1910 = ORIENTED_EDGE('',*,*,#1911,.F.);
#1911 = EDGE_CURVE('',#405,#1904,#1912,.T.);
#1912 = B_SPLINE_CURVE_WITH_KNOTS('',8,(#1913,#1914,#1915,#1916,#1917,
    #1918,#1919,#1920,#1921,#1922,#1923,#1924,#1925,#1926,#1927,#1928),
  .UNSPECIFIED.,.F.,.F.,(9,7,9),(0.,0.730580281026,1.),.UNSPECIFIED.);
#1913 = CARTESIAN_POINT('',(15.624015949262,-6.700009374412,10.));
#1914 = CARTESIAN_POINT('',(15.293355131837,-6.809886652486,
    10.001438232544));
#1915 = CARTESIAN_POINT('',(14.98075862648,-6.911158159252,
    9.960414212575));
#1916 = CARTESIAN_POINT('',(14.670197621272,-7.009031527191,
    9.892262222701));
#1917 = CARTESIAN_POINT('',(14.366701852408,-7.102233788854,
    9.787197839838));
#1918 = CARTESIAN_POINT('',(14.069183820137,-7.190943295515,
    9.646727008422));
#1919 = CARTESIAN_POINT('',(13.78830459934,-7.272200674585,
    9.464024948197));
#1920 = CARTESIAN_POINT('',(13.535342449036,-7.34349488804,
    9.238178617657));
#1921 = CARTESIAN_POINT('',(13.255994315061,-7.420875329483,
    8.862215459895));
#1922 = CARTESIAN_POINT('',(13.187391686053,-7.439712149138,
    8.754299732079));
#1923 = CARTESIAN_POINT('',(13.126820828593,-7.456208784766,
    8.639916059346));
#1924 = CARTESIAN_POINT('',(13.07583460815,-7.469995939161,8.51949982039
    ));
#1925 = CARTESIAN_POINT('',(13.036013777094,-7.480707279171,
    8.393831696159));
#1926 = CARTESIAN_POINT('',(13.008799960182,-7.488008261157,
    8.264112320591));
#1927 = CARTESIAN_POINT('',(12.995193205275,-7.491658932278,
    8.132054282852));
#1928 = CARTESIAN_POINT('',(12.995193205275,-7.491658932278,8.));
#1929 = ORIENTED_EDGE('',*,*,#413,.F.);
#1930 = CYLINDRICAL_SURFACE('',#1931,2.);
#1931 = AXIS2_PLACEMENT_3D('',#1932,#1933,#1934);
#1932 = CARTESIAN_POINT('',(7.5,-2.009606579205,8.));
#1933 = DIRECTION('',(0.866025403784,-0.5,1.7E-16));
#1934 = DIRECTION('',(-4.330127018922E-18,3.325E-16,1.));
#1935 = ADVANCED_FACE('',(#1936),#1948,.T.);
#1936 = FACE_BOUND('',#1937,.T.);
#1937 = EDGE_LOOP('',(#1938,#1939,#1940,#1941));
#1938 = ORIENTED_EDGE('',*,*,#1870,.F.);
#1939 = ORIENTED_EDGE('',*,*,#404,.T.);
#1940 = ORIENTED_EDGE('',*,*,#1911,.T.);
#1941 = ORIENTED_EDGE('',*,*,#1942,.F.);
#1942 = EDGE_CURVE('',#1863,#1904,#1943,.T.);
#1943 = CIRCLE('',#1944,15.);
#1944 = AXIS2_PLACEMENT_3D('',#1945,#1946,#1947);
#1945 = CARTESIAN_POINT('',(0.,2.65E-15,8.));
#1946 = DIRECTION('',(-7.267144985415E-33,3.3E-16,1.));
#1947 = DIRECTION('',(0.5,-0.866025403784,2.857883832489E-16));
#1948 = TOROIDAL_SURFACE('',#1949,17.,2.);
#1949 = AXIS2_PLACEMENT_3D('',#1950,#1951,#1952);
#1950 = CARTESIAN_POINT('',(0.,2.65E-15,8.));
#1951 = DIRECTION('',(-0.,3.3E-16,1.));
#1952 = DIRECTION('',(0.5,-0.866025403784,2.857883832489E-16));
#1953 = ADVANCED_FACE('',(#1954),#1980,.F.);
#1954 = FACE_BOUND('',#1955,.F.);
#1955 = EDGE_LOOP('',(#1956,#1964,#1965,#1973));
#1956 = ORIENTED_EDGE('',*,*,#1957,.F.);
#1957 = EDGE_CURVE('',#450,#1958,#1960,.T.);
#1958 = VERTEX_POINT('',#1959);
#1959 = CARTESIAN_POINT('',(-12.99519320526,7.491658932289,-2.E-15));
#1960 = LINE('',#1961,#1962);
#1961 = CARTESIAN_POINT('',(-12.99519320526,7.491658932289,10.));
#1962 = VECTOR('',#1963,1.);
#1963 = DIRECTION('',(0.,-3.3E-16,-1.));
#1964 = ORIENTED_EDGE('',*,*,#474,.F.);
#1965 = ORIENTED_EDGE('',*,*,#1966,.T.);
#1966 = EDGE_CURVE('',#428,#1967,#1969,.T.);
#1967 = VERTEX_POINT('',#1968);
#1968 = CARTESIAN_POINT('',(-7.5,12.990381056767,-4.E-15));
#1969 = LINE('',#1970,#1971);
#1970 = CARTESIAN_POINT('',(-7.5,12.990381056767,10.));
#1971 = VECTOR('',#1972,1.);
#1972 = DIRECTION('',(0.,-3.3E-16,-1.));
#1973 = ORIENTED_EDGE('',*,*,#1974,.T.);
#1974 = EDGE_CURVE('',#1967,#1958,#1975,.T.);
#1975 = CIRCLE('',#1976,15.);
#1976 = AXIS2_PLACEMENT_3D('',#1977,#1978,#1979);
#1977 = CARTESIAN_POINT('',(0.,-2.E-17,0.));
#1978 = DIRECTION('',(-0.,3.3E-16,1.));
#1979 = DIRECTION('',(1.,0.,0.));
#1980 = CYLINDRICAL_SURFACE('',#1981,15.);
#1981 = AXIS2_PLACEMENT_3D('',#1982,#1983,#1984);
#1982 = CARTESIAN_POINT('',(0.,3.31E-15,10.));
#1983 = DIRECTION('',(0.,3.3E-16,1.));
#1984 = DIRECTION('',(1.,0.,0.));
#1985 = ADVANCED_FACE('',(#1986),#2004,.F.);
#1986 = FACE_BOUND('',#1987,.F.);
#1987 = EDGE_LOOP('',(#1988,#1989,#1990,#1998));
#1988 = ORIENTED_EDGE('',*,*,#1966,.F.);
#1989 = ORIENTED_EDGE('',*,*,#506,.F.);
#1990 = ORIENTED_EDGE('',*,*,#1991,.T.);
#1991 = EDGE_CURVE('',#490,#1992,#1994,.T.);
#1992 = VERTEX_POINT('',#1993);
#1993 = CARTESIAN_POINT('',(-3.75,6.495190528383,-2.E-15));
#1994 = LINE('',#1995,#1996);
#1995 = CARTESIAN_POINT('',(-3.75,6.495190528383,10.));
#1996 = VECTOR('',#1997,1.);
#1997 = DIRECTION('',(0.,-3.3E-16,-1.));
#1998 = ORIENTED_EDGE('',*,*,#1999,.F.);
#1999 = EDGE_CURVE('',#1967,#1992,#2000,.T.);
#2000 = LINE('',#2001,#2002);
#2001 = CARTESIAN_POINT('',(-1.875,3.247595264192,-2.E-15));
#2002 = VECTOR('',#2003,1.);
#2003 = DIRECTION('',(0.5,-0.866025403784,2.9E-16));
#2004 = PLANE('',#2005);
#2005 = AXIS2_PLACEMENT_3D('',#2006,#2007,#2008);
#2006 = CARTESIAN_POINT('',(-3.75,6.495190528383,10.));
#2007 = DIRECTION('',(0.866025403784,0.5,-1.7E-16));
#2008 = DIRECTION('',(-0.5,0.866025403784,-2.9E-16));
#2009 = ADVANCED_FACE('',(#2010),#2028,.T.);
#2010 = FACE_BOUND('',#2011,.T.);
#2011 = EDGE_LOOP('',(#2012,#2013,#2014,#2022));
#2012 = ORIENTED_EDGE('',*,*,#1957,.F.);
#2013 = ORIENTED_EDGE('',*,*,#541,.F.);
#2014 = ORIENTED_EDGE('',*,*,#2015,.T.);
#2015 = EDGE_CURVE('',#523,#2016,#2018,.T.);
#2016 = VERTEX_POINT('',#2017);
#2017 = CARTESIAN_POINT('',(-6.499999999993,3.741657386785,-2.E-15));
#2018 = LINE('',#2019,#2020);
#2019 = CARTESIAN_POINT('',(-6.499999999993,3.741657386785,10.));
#2020 = VECTOR('',#2021,1.);
#2021 = DIRECTION('',(0.,-3.3E-16,-1.));
#2022 = ORIENTED_EDGE('',*,*,#2023,.F.);
#2023 = EDGE_CURVE('',#1958,#2016,#2024,.T.);
#2024 = LINE('',#2025,#2026);
#2025 = CARTESIAN_POINT('',(-3.252407412692,1.866658932289,-2.E-15));
#2026 = VECTOR('',#2027,1.);
#2027 = DIRECTION('',(0.866025403784,-0.5,1.7E-16));
#2028 = PLANE('',#2029);
#2029 = AXIS2_PLACEMENT_3D('',#2030,#2031,#2032);
#2030 = CARTESIAN_POINT('',(-6.499999999993,3.741657386785,10.));
#2031 = DIRECTION('',(0.5,0.866025403784,-2.9E-16));
#2032 = DIRECTION('',(-0.866025403784,0.5,-1.7E-16));
#2033 = ADVANCED_FACE('',(#2034),#2046,.T.);
#2034 = FACE_BOUND('',#2035,.T.);
#2035 = EDGE_LOOP('',(#2036,#2037,#2038,#2039));
#2036 = ORIENTED_EDGE('',*,*,#2015,.F.);
#2037 = ORIENTED_EDGE('',*,*,#560,.F.);
#2038 = ORIENTED_EDGE('',*,*,#1991,.T.);
#2039 = ORIENTED_EDGE('',*,*,#2040,.T.);
#2040 = EDGE_CURVE('',#1992,#2016,#2041,.T.);
#2041 = CIRCLE('',#2042,7.5);
#2042 = AXIS2_PLACEMENT_3D('',#2043,#2044,#2045);
#2043 = CARTESIAN_POINT('',(0.,-2.E-17,0.));
#2044 = DIRECTION('',(-0.,3.3E-16,1.));
#2045 = DIRECTION('',(1.,0.,0.));
#2046 = CYLINDRICAL_SURFACE('',#2047,7.5);
#2047 = AXIS2_PLACEMENT_3D('',#2048,#2049,#2050);
#2048 = CARTESIAN_POINT('',(0.,3.31E-15,10.));
#2049 = DIRECTION('',(0.,3.3E-16,1.));
#2050 = DIRECTION('',(1.,0.,0.));
#2051 = ADVANCED_FACE('',(#2052),#2077,.F.);
#2052 = FACE_BOUND('',#2053,.F.);
#2053 = EDGE_LOOP('',(#2054,#2062,#2070,#2076));
#2054 = ORIENTED_EDGE('',*,*,#2055,.F.);
#2055 = EDGE_CURVE('',#2056,#607,#2058,.T.);
#2056 = VERTEX_POINT('',#2057);
#2057 = CARTESIAN_POINT('',(-5.,-21.,9.E-15));
#2058 = LINE('',#2059,#2060);
#2059 = CARTESIAN_POINT('',(-5.,-21.,9.33E-15));
#2060 = VECTOR('',#2061,1.);
#2061 = DIRECTION('',(0.,4.4E-16,1.));
#2062 = ORIENTED_EDGE('',*,*,#2063,.F.);
#2063 = EDGE_CURVE('',#2064,#2056,#2066,.T.);
#2064 = VERTEX_POINT('',#2065);
#2065 = CARTESIAN_POINT('',(-5.,-19.36491673103,0.));
#2066 = LINE('',#2067,#2068);
#2067 = CARTESIAN_POINT('',(-5.,-19.36491673103,0.));
#2068 = VECTOR('',#2069,1.);
#2069 = DIRECTION('',(1.26E-15,-1.,0.));
#2070 = ORIENTED_EDGE('',*,*,#2071,.T.);
#2071 = EDGE_CURVE('',#2064,#576,#2072,.T.);
#2072 = LINE('',#2073,#2074);
#2073 = CARTESIAN_POINT('',(-5.,-19.36491673103,8.6E-15));
#2074 = VECTOR('',#2075,1.);
#2075 = DIRECTION('',(0.,4.4E-16,1.));
#2076 = ORIENTED_EDGE('',*,*,#606,.T.);
#2077 = PLANE('',#2078);
#2078 = AXIS2_PLACEMENT_3D('',#2079,#2080,#2081);
#2079 = CARTESIAN_POINT('',(-5.,-19.36491673103,8.6E-15));
#2080 = DIRECTION('',(1.,1.26E-15,0.));
#2081 = DIRECTION('',(1.26E-15,-1.,4.4E-16));
#2082 = ADVANCED_FACE('',(#2083),#2102,.T.);
#2083 = FACE_BOUND('',#2084,.F.);
#2084 = EDGE_LOOP('',(#2085,#2093,#2094,#2095));
#2085 = ORIENTED_EDGE('',*,*,#2086,.T.);
#2086 = EDGE_CURVE('',#2087,#631,#2089,.T.);
#2087 = VERTEX_POINT('',#2088);
#2088 = CARTESIAN_POINT('',(-19.36491673103,-5.,0.));
#2089 = LINE('',#2090,#2091);
#2090 = CARTESIAN_POINT('',(-19.36491673103,-5.,2.22E-15));
#2091 = VECTOR('',#2092,1.);
#2092 = DIRECTION('',(0.,4.4E-16,1.));
#2093 = ORIENTED_EDGE('',*,*,#663,.T.);
#2094 = ORIENTED_EDGE('',*,*,#2071,.F.);
#2095 = ORIENTED_EDGE('',*,*,#2096,.F.);
#2096 = EDGE_CURVE('',#2087,#2064,#2097,.T.);
#2097 = CIRCLE('',#2098,20.);
#2098 = AXIS2_PLACEMENT_3D('',#2099,#2100,#2101);
#2099 = CARTESIAN_POINT('',(0.,5.E-17,0.));
#2100 = DIRECTION('',(0.,0.,1.));
#2101 = DIRECTION('',(1.,0.,0.));
#2102 = CYLINDRICAL_SURFACE('',#2103,20.);
#2103 = AXIS2_PLACEMENT_3D('',#2104,#2105,#2106);
#2104 = CARTESIAN_POINT('',(0.,5.E-17,0.));
#2105 = DIRECTION('',(0.,-4.4E-16,-1.));
#2106 = DIRECTION('',(1.,0.,0.));
#2107 = ADVANCED_FACE('',(#2108),#2127,.T.);
#2108 = FACE_BOUND('',#2109,.T.);
#2109 = EDGE_LOOP('',(#2110,#2111,#2120,#2126));
#2110 = ORIENTED_EDGE('',*,*,#2055,.F.);
#2111 = ORIENTED_EDGE('',*,*,#2112,.T.);
#2112 = EDGE_CURVE('',#2056,#2113,#2115,.T.);
#2113 = VERTEX_POINT('',#2114);
#2114 = CARTESIAN_POINT('',(-1.,-25.,1.1E-14));
#2115 = CIRCLE('',#2116,4.);
#2116 = AXIS2_PLACEMENT_3D('',#2117,#2118,#2119);
#2117 = CARTESIAN_POINT('',(-1.,-21.,9.33E-15));
#2118 = DIRECTION('',(-0.,4.4E-16,1.));
#2119 = DIRECTION('',(0.,-1.,4.4E-16));
#2120 = ORIENTED_EDGE('',*,*,#2121,.T.);
#2121 = EDGE_CURVE('',#2113,#681,#2122,.T.);
#2122 = LINE('',#2123,#2124);
#2123 = CARTESIAN_POINT('',(-1.,-25.,1.11E-14));
#2124 = VECTOR('',#2125,1.);
#2125 = DIRECTION('',(0.,4.4E-16,1.));
#2126 = ORIENTED_EDGE('',*,*,#689,.F.);
#2127 = CYLINDRICAL_SURFACE('',#2128,4.);
#2128 = AXIS2_PLACEMENT_3D('',#2129,#2130,#2131);
#2129 = CARTESIAN_POINT('',(-1.,-21.,9.33E-15));
#2130 = DIRECTION('',(0.,4.4E-16,1.));
#2131 = DIRECTION('',(-1.,-1.26E-15,5.544E-31));
#2132 = ADVANCED_FACE('',(#2133),#2151,.T.);
#2133 = FACE_BOUND('',#2134,.T.);
#2134 = EDGE_LOOP('',(#2135,#2143,#2149,#2150));
#2135 = ORIENTED_EDGE('',*,*,#2136,.F.);
#2136 = EDGE_CURVE('',#2137,#706,#2139,.T.);
#2137 = VERTEX_POINT('',#2138);
#2138 = CARTESIAN_POINT('',(-21.,-5.,2.E-15));
#2139 = LINE('',#2140,#2141);
#2140 = CARTESIAN_POINT('',(-21.,-5.,2.22E-15));
#2141 = VECTOR('',#2142,1.);
#2142 = DIRECTION('',(0.,4.4E-16,1.));
#2143 = ORIENTED_EDGE('',*,*,#2144,.F.);
#2144 = EDGE_CURVE('',#2087,#2137,#2145,.T.);
#2145 = LINE('',#2146,#2147);
#2146 = CARTESIAN_POINT('',(-19.36491673103,-5.,0.));
#2147 = VECTOR('',#2148,1.);
#2148 = DIRECTION('',(-1.,-2.99E-15,0.));
#2149 = ORIENTED_EDGE('',*,*,#2086,.T.);
#2150 = ORIENTED_EDGE('',*,*,#705,.T.);
#2151 = PLANE('',#2152);
#2152 = AXIS2_PLACEMENT_3D('',#2153,#2154,#2155);
#2153 = CARTESIAN_POINT('',(-19.36491673103,-5.,2.22E-15));
#2154 = DIRECTION('',(2.99E-15,-1.,4.4E-16));
#2155 = DIRECTION('',(-1.,-2.99E-15,8.176802649094E-47));
#2156 = ADVANCED_FACE('',(#2157),#2175,.F.);
#2157 = FACE_BOUND('',#2158,.F.);
#2158 = EDGE_LOOP('',(#2159,#2160,#2161,#2169));
#2159 = ORIENTED_EDGE('',*,*,#2121,.T.);
#2160 = ORIENTED_EDGE('',*,*,#730,.T.);
#2161 = ORIENTED_EDGE('',*,*,#2162,.F.);
#2162 = EDGE_CURVE('',#2163,#731,#2165,.T.);
#2163 = VERTEX_POINT('',#2164);
#2164 = CARTESIAN_POINT('',(1.,-25.,1.1E-14));
#2165 = LINE('',#2166,#2167);
#2166 = CARTESIAN_POINT('',(1.,-25.,1.11E-14));
#2167 = VECTOR('',#2168,1.);
#2168 = DIRECTION('',(0.,4.4E-16,1.));
#2169 = ORIENTED_EDGE('',*,*,#2170,.F.);
#2170 = EDGE_CURVE('',#2113,#2163,#2171,.T.);
#2171 = LINE('',#2172,#2173);
#2172 = CARTESIAN_POINT('',(-5.,-25.,0.));
#2173 = VECTOR('',#2174,1.);
#2174 = DIRECTION('',(1.,0.,0.));
#2175 = PLANE('',#2176);
#2176 = AXIS2_PLACEMENT_3D('',#2177,#2178,#2179);
#2177 = CARTESIAN_POINT('',(-5.,-25.,1.11E-14));
#2178 = DIRECTION('',(0.,1.,-4.4E-16));
#2179 = DIRECTION('',(1.,0.,0.));
#2180 = ADVANCED_FACE('',(#2181),#2200,.T.);
#2181 = FACE_BOUND('',#2182,.T.);
#2182 = EDGE_LOOP('',(#2183,#2191,#2198,#2199));
#2183 = ORIENTED_EDGE('',*,*,#2184,.F.);
#2184 = EDGE_CURVE('',#2185,#757,#2187,.T.);
#2185 = VERTEX_POINT('',#2186);
#2186 = CARTESIAN_POINT('',(-25.,-1.,0.));
#2187 = LINE('',#2188,#2189);
#2188 = CARTESIAN_POINT('',(-25.,-1.,4.4E-16));
#2189 = VECTOR('',#2190,1.);
#2190 = DIRECTION('',(0.,4.4E-16,1.));
#2191 = ORIENTED_EDGE('',*,*,#2192,.T.);
#2192 = EDGE_CURVE('',#2185,#2137,#2193,.T.);
#2193 = CIRCLE('',#2194,4.);
#2194 = AXIS2_PLACEMENT_3D('',#2195,#2196,#2197);
#2195 = CARTESIAN_POINT('',(-21.,-1.,4.4E-16));
#2196 = DIRECTION('',(-0.,4.4E-16,1.));
#2197 = DIRECTION('',(0.,-1.,4.4E-16));
#2198 = ORIENTED_EDGE('',*,*,#2136,.T.);
#2199 = ORIENTED_EDGE('',*,*,#765,.T.);
#2200 = CYLINDRICAL_SURFACE('',#2201,4.);
#2201 = AXIS2_PLACEMENT_3D('',#2202,#2203,#2204);
#2202 = CARTESIAN_POINT('',(-21.,-1.,4.4E-16));
#2203 = DIRECTION('',(0.,4.4E-16,1.));
#2204 = DIRECTION('',(-1.,0.,0.));
#2205 = ADVANCED_FACE('',(#2206),#2225,.T.);
#2206 = FACE_BOUND('',#2207,.T.);
#2207 = EDGE_LOOP('',(#2208,#2209,#2218,#2224));
#2208 = ORIENTED_EDGE('',*,*,#2162,.F.);
#2209 = ORIENTED_EDGE('',*,*,#2210,.T.);
#2210 = EDGE_CURVE('',#2163,#2211,#2213,.T.);
#2211 = VERTEX_POINT('',#2212);
#2212 = CARTESIAN_POINT('',(5.,-21.,9.E-15));
#2213 = CIRCLE('',#2214,4.);
#2214 = AXIS2_PLACEMENT_3D('',#2215,#2216,#2217);
#2215 = CARTESIAN_POINT('',(1.,-21.,9.33E-15));
#2216 = DIRECTION('',(-0.,4.4E-16,1.));
#2217 = DIRECTION('',(0.,-1.,4.4E-16));
#2218 = ORIENTED_EDGE('',*,*,#2219,.T.);
#2219 = EDGE_CURVE('',#2211,#783,#2220,.T.);
#2220 = LINE('',#2221,#2222);
#2221 = CARTESIAN_POINT('',(5.,-21.,9.33E-15));
#2222 = VECTOR('',#2223,1.);
#2223 = DIRECTION('',(0.,4.4E-16,1.));
#2224 = ORIENTED_EDGE('',*,*,#791,.F.);
#2225 = CYLINDRICAL_SURFACE('',#2226,4.);
#2226 = AXIS2_PLACEMENT_3D('',#2227,#2228,#2229);
#2227 = CARTESIAN_POINT('',(1.,-21.,9.33E-15));
#2228 = DIRECTION('',(0.,4.4E-16,1.));
#2229 = DIRECTION('',(0.,-1.,4.4E-16));
#2230 = ADVANCED_FACE('',(#2231),#2249,.T.);
#2231 = FACE_BOUND('',#2232,.T.);
#2232 = EDGE_LOOP('',(#2233,#2234,#2235,#2243));
#2233 = ORIENTED_EDGE('',*,*,#2184,.T.);
#2234 = ORIENTED_EDGE('',*,*,#807,.T.);
#2235 = ORIENTED_EDGE('',*,*,#2236,.F.);
#2236 = EDGE_CURVE('',#2237,#808,#2239,.T.);
#2237 = VERTEX_POINT('',#2238);
#2238 = CARTESIAN_POINT('',(-25.,1.,0.));
#2239 = LINE('',#2240,#2241);
#2240 = CARTESIAN_POINT('',(-25.,1.,-4.4E-16));
#2241 = VECTOR('',#2242,1.);
#2242 = DIRECTION('',(0.,4.4E-16,1.));
#2243 = ORIENTED_EDGE('',*,*,#2244,.F.);
#2244 = EDGE_CURVE('',#2185,#2237,#2245,.T.);
#2245 = LINE('',#2246,#2247);
#2246 = CARTESIAN_POINT('',(-25.,-5.,0.));
#2247 = VECTOR('',#2248,1.);
#2248 = DIRECTION('',(0.,1.,0.));
#2249 = PLANE('',#2250);
#2250 = AXIS2_PLACEMENT_3D('',#2251,#2252,#2253);
#2251 = CARTESIAN_POINT('',(-25.,-5.,2.22E-15));
#2252 = DIRECTION('',(-1.,0.,0.));
#2253 = DIRECTION('',(0.,1.,-4.4E-16));
#2254 = ADVANCED_FACE('',(#2255),#2273,.F.);
#2255 = FACE_BOUND('',#2256,.F.);
#2256 = EDGE_LOOP('',(#2257,#2258,#2259,#2267));
#2257 = ORIENTED_EDGE('',*,*,#2219,.T.);
#2258 = ORIENTED_EDGE('',*,*,#832,.T.);
#2259 = ORIENTED_EDGE('',*,*,#2260,.F.);
#2260 = EDGE_CURVE('',#2261,#833,#2263,.T.);
#2261 = VERTEX_POINT('',#2262);
#2262 = CARTESIAN_POINT('',(5.,-19.36491673103,0.));
#2263 = LINE('',#2264,#2265);
#2264 = CARTESIAN_POINT('',(5.,-19.36491673103,8.6E-15));
#2265 = VECTOR('',#2266,1.);
#2266 = DIRECTION('',(0.,4.4E-16,1.));
#2267 = ORIENTED_EDGE('',*,*,#2268,.F.);
#2268 = EDGE_CURVE('',#2211,#2261,#2269,.T.);
#2269 = LINE('',#2270,#2271);
#2270 = CARTESIAN_POINT('',(5.,-25.,0.));
#2271 = VECTOR('',#2272,1.);
#2272 = DIRECTION('',(0.,1.,0.));
#2273 = PLANE('',#2274);
#2274 = AXIS2_PLACEMENT_3D('',#2275,#2276,#2277);
#2275 = CARTESIAN_POINT('',(5.,-25.,1.11E-14));
#2276 = DIRECTION('',(-1.,0.,0.));
#2277 = DIRECTION('',(0.,1.,-4.4E-16));
#2278 = ADVANCED_FACE('',(#2279),#2298,.T.);
#2279 = FACE_BOUND('',#2280,.T.);
#2280 = EDGE_LOOP('',(#2281,#2289,#2296,#2297));
#2281 = ORIENTED_EDGE('',*,*,#2282,.F.);
#2282 = EDGE_CURVE('',#2283,#881,#2285,.T.);
#2283 = VERTEX_POINT('',#2284);
#2284 = CARTESIAN_POINT('',(-21.,5.,-2.E-15));
#2285 = LINE('',#2286,#2287);
#2286 = CARTESIAN_POINT('',(-21.,5.,-2.22E-15));
#2287 = VECTOR('',#2288,1.);
#2288 = DIRECTION('',(0.,4.4E-16,1.));
#2289 = ORIENTED_EDGE('',*,*,#2290,.T.);
#2290 = EDGE_CURVE('',#2283,#2237,#2291,.T.);
#2291 = CIRCLE('',#2292,4.);
#2292 = AXIS2_PLACEMENT_3D('',#2293,#2294,#2295);
#2293 = CARTESIAN_POINT('',(-21.,1.,-4.4E-16));
#2294 = DIRECTION('',(-0.,4.4E-16,1.));
#2295 = DIRECTION('',(0.,-1.,4.4E-16));
#2296 = ORIENTED_EDGE('',*,*,#2236,.T.);
#2297 = ORIENTED_EDGE('',*,*,#889,.T.);
#2298 = CYLINDRICAL_SURFACE('',#2299,4.);
#2299 = AXIS2_PLACEMENT_3D('',#2300,#2301,#2302);
#2300 = CARTESIAN_POINT('',(-21.,1.,-4.4E-16));
#2301 = DIRECTION('',(0.,4.4E-16,1.));
#2302 = DIRECTION('',(0.,1.,-4.4E-16));
#2303 = ADVANCED_FACE('',(#2304),#2323,.T.);
#2304 = FACE_BOUND('',#2305,.F.);
#2305 = EDGE_LOOP('',(#2306,#2307,#2308,#2316));
#2306 = ORIENTED_EDGE('',*,*,#2260,.T.);
#2307 = ORIENTED_EDGE('',*,*,#937,.T.);
#2308 = ORIENTED_EDGE('',*,*,#2309,.F.);
#2309 = EDGE_CURVE('',#2310,#907,#2312,.T.);
#2310 = VERTEX_POINT('',#2311);
#2311 = CARTESIAN_POINT('',(19.364916731037,-5.,0.));
#2312 = LINE('',#2313,#2314);
#2313 = CARTESIAN_POINT('',(19.364916731037,-5.,2.22E-15));
#2314 = VECTOR('',#2315,1.);
#2315 = DIRECTION('',(0.,4.4E-16,1.));
#2316 = ORIENTED_EDGE('',*,*,#2317,.F.);
#2317 = EDGE_CURVE('',#2261,#2310,#2318,.T.);
#2318 = CIRCLE('',#2319,20.);
#2319 = AXIS2_PLACEMENT_3D('',#2320,#2321,#2322);
#2320 = CARTESIAN_POINT('',(0.,5.E-17,0.));
#2321 = DIRECTION('',(0.,0.,1.));
#2322 = DIRECTION('',(1.,0.,0.));
#2323 = CYLINDRICAL_SURFACE('',#2324,20.);
#2324 = AXIS2_PLACEMENT_3D('',#2325,#2326,#2327);
#2325 = CARTESIAN_POINT('',(0.,5.E-17,0.));
#2326 = DIRECTION('',(0.,-4.4E-16,-1.));
#2327 = DIRECTION('',(1.,0.,0.));
#2328 = ADVANCED_FACE('',(#2329),#2347,.T.);
#2329 = FACE_BOUND('',#2330,.T.);
#2330 = EDGE_LOOP('',(#2331,#2332,#2333,#2341));
#2331 = ORIENTED_EDGE('',*,*,#2282,.T.);
#2332 = ORIENTED_EDGE('',*,*,#953,.T.);
#2333 = ORIENTED_EDGE('',*,*,#2334,.F.);
#2334 = EDGE_CURVE('',#2335,#954,#2337,.T.);
#2335 = VERTEX_POINT('',#2336);
#2336 = CARTESIAN_POINT('',(-19.36491673103,5.,0.));
#2337 = LINE('',#2338,#2339);
#2338 = CARTESIAN_POINT('',(-19.36491673103,5.,-2.22E-15));
#2339 = VECTOR('',#2340,1.);
#2340 = DIRECTION('',(0.,4.4E-16,1.));
#2341 = ORIENTED_EDGE('',*,*,#2342,.F.);
#2342 = EDGE_CURVE('',#2283,#2335,#2343,.T.);
#2343 = LINE('',#2344,#2345);
#2344 = CARTESIAN_POINT('',(-25.,5.,0.));
#2345 = VECTOR('',#2346,1.);
#2346 = DIRECTION('',(1.,0.,0.));
#2347 = PLANE('',#2348);
#2348 = AXIS2_PLACEMENT_3D('',#2349,#2350,#2351);
#2349 = CARTESIAN_POINT('',(-25.,5.,-2.22E-15));
#2350 = DIRECTION('',(0.,1.,-4.4E-16));
#2351 = DIRECTION('',(1.,0.,0.));
#2352 = ADVANCED_FACE('',(#2353),#2371,.T.);
#2353 = FACE_BOUND('',#2354,.T.);
#2354 = EDGE_LOOP('',(#2355,#2363,#2364,#2365));
#2355 = ORIENTED_EDGE('',*,*,#2356,.T.);
#2356 = EDGE_CURVE('',#2357,#1000,#2359,.T.);
#2357 = VERTEX_POINT('',#2358);
#2358 = CARTESIAN_POINT('',(21.,-5.,2.E-15));
#2359 = LINE('',#2360,#2361);
#2360 = CARTESIAN_POINT('',(21.,-5.,2.22E-15));
#2361 = VECTOR('',#2362,1.);
#2362 = DIRECTION('',(0.,4.4E-16,1.));
#2363 = ORIENTED_EDGE('',*,*,#1008,.T.);
#2364 = ORIENTED_EDGE('',*,*,#2309,.F.);
#2365 = ORIENTED_EDGE('',*,*,#2366,.F.);
#2366 = EDGE_CURVE('',#2357,#2310,#2367,.T.);
#2367 = LINE('',#2368,#2369);
#2368 = CARTESIAN_POINT('',(25.,-5.,0.));
#2369 = VECTOR('',#2370,1.);
#2370 = DIRECTION('',(-1.,0.,0.));
#2371 = PLANE('',#2372);
#2372 = AXIS2_PLACEMENT_3D('',#2373,#2374,#2375);
#2373 = CARTESIAN_POINT('',(25.,-5.,2.22E-15));
#2374 = DIRECTION('',(0.,-1.,4.4E-16));
#2375 = DIRECTION('',(-1.,0.,0.));
#2376 = ADVANCED_FACE('',(#2377),#2396,.T.);
#2377 = FACE_BOUND('',#2378,.F.);
#2378 = EDGE_LOOP('',(#2379,#2387,#2388,#2389));
#2379 = ORIENTED_EDGE('',*,*,#2380,.T.);
#2380 = EDGE_CURVE('',#2381,#1025,#2383,.T.);
#2381 = VERTEX_POINT('',#2382);
#2382 = CARTESIAN_POINT('',(-5.,19.364916731037,0.));
#2383 = LINE('',#2384,#2385);
#2384 = CARTESIAN_POINT('',(-5.,19.364916731037,-8.6E-15));
#2385 = VECTOR('',#2386,1.);
#2386 = DIRECTION('',(0.,4.4E-16,1.));
#2387 = ORIENTED_EDGE('',*,*,#1057,.T.);
#2388 = ORIENTED_EDGE('',*,*,#2334,.F.);
#2389 = ORIENTED_EDGE('',*,*,#2390,.F.);
#2390 = EDGE_CURVE('',#2381,#2335,#2391,.T.);
#2391 = CIRCLE('',#2392,20.);
#2392 = AXIS2_PLACEMENT_3D('',#2393,#2394,#2395);
#2393 = CARTESIAN_POINT('',(0.,5.E-17,0.));
#2394 = DIRECTION('',(0.,0.,1.));
#2395 = DIRECTION('',(1.,0.,0.));
#2396 = CYLINDRICAL_SURFACE('',#2397,20.);
#2397 = AXIS2_PLACEMENT_3D('',#2398,#2399,#2400);
#2398 = CARTESIAN_POINT('',(0.,5.E-17,0.));
#2399 = DIRECTION('',(0.,-4.4E-16,-1.));
#2400 = DIRECTION('',(1.,0.,0.));
#2401 = ADVANCED_FACE('',(#2402),#2421,.T.);
#2402 = FACE_BOUND('',#2403,.T.);
#2403 = EDGE_LOOP('',(#2404,#2405,#2414,#2420));
#2404 = ORIENTED_EDGE('',*,*,#2356,.F.);
#2405 = ORIENTED_EDGE('',*,*,#2406,.T.);
#2406 = EDGE_CURVE('',#2357,#2407,#2409,.T.);
#2407 = VERTEX_POINT('',#2408);
#2408 = CARTESIAN_POINT('',(25.,-1.,0.));
#2409 = CIRCLE('',#2410,4.);
#2410 = AXIS2_PLACEMENT_3D('',#2411,#2412,#2413);
#2411 = CARTESIAN_POINT('',(21.,-1.,4.4E-16));
#2412 = DIRECTION('',(-0.,4.4E-16,1.));
#2413 = DIRECTION('',(0.,-1.,4.4E-16));
#2414 = ORIENTED_EDGE('',*,*,#2415,.T.);
#2415 = EDGE_CURVE('',#2407,#1073,#2416,.T.);
#2416 = LINE('',#2417,#2418);
#2417 = CARTESIAN_POINT('',(25.,-1.,4.4E-16));
#2418 = VECTOR('',#2419,1.);
#2419 = DIRECTION('',(0.,4.4E-16,1.));
#2420 = ORIENTED_EDGE('',*,*,#1083,.T.);
#2421 = CYLINDRICAL_SURFACE('',#2422,4.);
#2422 = AXIS2_PLACEMENT_3D('',#2423,#2424,#2425);
#2423 = CARTESIAN_POINT('',(21.,-1.,4.4E-16));
#2424 = DIRECTION('',(0.,4.4E-16,1.));
#2425 = DIRECTION('',(0.,-1.,4.4E-16));
#2426 = ADVANCED_FACE('',(#2427),#2445,.F.);
#2427 = FACE_BOUND('',#2428,.F.);
#2428 = EDGE_LOOP('',(#2429,#2437,#2438,#2439));
#2429 = ORIENTED_EDGE('',*,*,#2430,.T.);
#2430 = EDGE_CURVE('',#2431,#1099,#2433,.T.);
#2431 = VERTEX_POINT('',#2432);
#2432 = CARTESIAN_POINT('',(-5.,21.,-9.E-15));
#2433 = LINE('',#2434,#2435);
#2434 = CARTESIAN_POINT('',(-5.,21.,-9.33E-15));
#2435 = VECTOR('',#2436,1.);
#2436 = DIRECTION('',(0.,4.4E-16,1.));
#2437 = ORIENTED_EDGE('',*,*,#1109,.T.);
#2438 = ORIENTED_EDGE('',*,*,#2380,.F.);
#2439 = ORIENTED_EDGE('',*,*,#2440,.F.);
#2440 = EDGE_CURVE('',#2431,#2381,#2441,.T.);
#2441 = LINE('',#2442,#2443);
#2442 = CARTESIAN_POINT('',(-5.,25.,0.));
#2443 = VECTOR('',#2444,1.);
#2444 = DIRECTION('',(0.,-1.,0.));
#2445 = PLANE('',#2446);
#2446 = AXIS2_PLACEMENT_3D('',#2447,#2448,#2449);
#2447 = CARTESIAN_POINT('',(-5.,25.,-1.11E-14));
#2448 = DIRECTION('',(1.,0.,0.));
#2449 = DIRECTION('',(0.,-1.,4.4E-16));
#2450 = ADVANCED_FACE('',(#2451),#2469,.T.);
#2451 = FACE_BOUND('',#2452,.T.);
#2452 = EDGE_LOOP('',(#2453,#2461,#2462,#2463));
#2453 = ORIENTED_EDGE('',*,*,#2454,.T.);
#2454 = EDGE_CURVE('',#2455,#1124,#2457,.T.);
#2455 = VERTEX_POINT('',#2456);
#2456 = CARTESIAN_POINT('',(25.,1.,0.));
#2457 = LINE('',#2458,#2459);
#2458 = CARTESIAN_POINT('',(25.,1.,-4.4E-16));
#2459 = VECTOR('',#2460,1.);
#2460 = DIRECTION('',(0.,4.4E-16,1.));
#2461 = ORIENTED_EDGE('',*,*,#1132,.T.);
#2462 = ORIENTED_EDGE('',*,*,#2415,.F.);
#2463 = ORIENTED_EDGE('',*,*,#2464,.F.);
#2464 = EDGE_CURVE('',#2455,#2407,#2465,.T.);
#2465 = LINE('',#2466,#2467);
#2466 = CARTESIAN_POINT('',(25.,5.,0.));
#2467 = VECTOR('',#2468,1.);
#2468 = DIRECTION('',(0.,-1.,0.));
#2469 = PLANE('',#2470);
#2470 = AXIS2_PLACEMENT_3D('',#2471,#2472,#2473);
#2471 = CARTESIAN_POINT('',(25.,5.,-2.22E-15));
#2472 = DIRECTION('',(1.,0.,0.));
#2473 = DIRECTION('',(0.,-1.,4.4E-16));
#2474 = ADVANCED_FACE('',(#2475),#2494,.T.);
#2475 = FACE_BOUND('',#2476,.T.);
#2476 = EDGE_LOOP('',(#2477,#2485,#2492,#2493));
#2477 = ORIENTED_EDGE('',*,*,#2478,.F.);
#2478 = EDGE_CURVE('',#2479,#1149,#2481,.T.);
#2479 = VERTEX_POINT('',#2480);
#2480 = CARTESIAN_POINT('',(-1.,25.,-1.1E-14));
#2481 = LINE('',#2482,#2483);
#2482 = CARTESIAN_POINT('',(-1.,25.,-1.11E-14));
#2483 = VECTOR('',#2484,1.);
#2484 = DIRECTION('',(0.,4.4E-16,1.));
#2485 = ORIENTED_EDGE('',*,*,#2486,.T.);
#2486 = EDGE_CURVE('',#2479,#2431,#2487,.T.);
#2487 = CIRCLE('',#2488,4.);
#2488 = AXIS2_PLACEMENT_3D('',#2489,#2490,#2491);
#2489 = CARTESIAN_POINT('',(-1.,21.,-9.33E-15));
#2490 = DIRECTION('',(-0.,4.4E-16,1.));
#2491 = DIRECTION('',(0.,-1.,4.4E-16));
#2492 = ORIENTED_EDGE('',*,*,#2430,.T.);
#2493 = ORIENTED_EDGE('',*,*,#1157,.F.);
#2494 = CYLINDRICAL_SURFACE('',#2495,4.);
#2495 = AXIS2_PLACEMENT_3D('',#2496,#2497,#2498);
#2496 = CARTESIAN_POINT('',(-1.,21.,-9.33E-15));
#2497 = DIRECTION('',(0.,4.4E-16,1.));
#2498 = DIRECTION('',(0.,1.,-4.4E-16));
#2499 = ADVANCED_FACE('',(#2500),#2519,.T.);
#2500 = FACE_BOUND('',#2501,.T.);
#2501 = EDGE_LOOP('',(#2502,#2503,#2512,#2518));
#2502 = ORIENTED_EDGE('',*,*,#2454,.F.);
#2503 = ORIENTED_EDGE('',*,*,#2504,.T.);
#2504 = EDGE_CURVE('',#2455,#2505,#2507,.T.);
#2505 = VERTEX_POINT('',#2506);
#2506 = CARTESIAN_POINT('',(21.,5.,-2.E-15));
#2507 = CIRCLE('',#2508,4.);
#2508 = AXIS2_PLACEMENT_3D('',#2509,#2510,#2511);
#2509 = CARTESIAN_POINT('',(21.,1.,-4.4E-16));
#2510 = DIRECTION('',(-0.,4.4E-16,1.));
#2511 = DIRECTION('',(0.,-1.,4.4E-16));
#2512 = ORIENTED_EDGE('',*,*,#2513,.T.);
#2513 = EDGE_CURVE('',#2505,#1175,#2514,.T.);
#2514 = LINE('',#2515,#2516);
#2515 = CARTESIAN_POINT('',(21.,5.,-2.22E-15));
#2516 = VECTOR('',#2517,1.);
#2517 = DIRECTION('',(0.,4.4E-16,1.));
#2518 = ORIENTED_EDGE('',*,*,#1185,.T.);
#2519 = CYLINDRICAL_SURFACE('',#2520,4.);
#2520 = AXIS2_PLACEMENT_3D('',#2521,#2522,#2523);
#2521 = CARTESIAN_POINT('',(21.,1.,-4.4E-16));
#2522 = DIRECTION('',(0.,4.4E-16,1.));
#2523 = DIRECTION('',(1.,0.,0.));
#2524 = ADVANCED_FACE('',(#2525),#2543,.F.);
#2525 = FACE_BOUND('',#2526,.F.);
#2526 = EDGE_LOOP('',(#2527,#2535,#2536,#2537));
#2527 = ORIENTED_EDGE('',*,*,#2528,.T.);
#2528 = EDGE_CURVE('',#2529,#1201,#2531,.T.);
#2529 = VERTEX_POINT('',#2530);
#2530 = CARTESIAN_POINT('',(1.,25.,-1.1E-14));
#2531 = LINE('',#2532,#2533);
#2532 = CARTESIAN_POINT('',(1.,25.,-1.11E-14));
#2533 = VECTOR('',#2534,1.);
#2534 = DIRECTION('',(0.,4.4E-16,1.));
#2535 = ORIENTED_EDGE('',*,*,#1211,.T.);
#2536 = ORIENTED_EDGE('',*,*,#2478,.F.);
#2537 = ORIENTED_EDGE('',*,*,#2538,.F.);
#2538 = EDGE_CURVE('',#2529,#2479,#2539,.T.);
#2539 = LINE('',#2540,#2541);
#2540 = CARTESIAN_POINT('',(5.,25.,0.));
#2541 = VECTOR('',#2542,1.);
#2542 = DIRECTION('',(-1.,0.,0.));
#2543 = PLANE('',#2544);
#2544 = AXIS2_PLACEMENT_3D('',#2545,#2546,#2547);
#2545 = CARTESIAN_POINT('',(5.,25.,-1.11E-14));
#2546 = DIRECTION('',(0.,-1.,4.4E-16));
#2547 = DIRECTION('',(-1.,0.,0.));
#2548 = ADVANCED_FACE('',(#2549),#2567,.T.);
#2549 = FACE_BOUND('',#2550,.T.);
#2550 = EDGE_LOOP('',(#2551,#2552,#2560,#2566));
#2551 = ORIENTED_EDGE('',*,*,#2513,.F.);
#2552 = ORIENTED_EDGE('',*,*,#2553,.F.);
#2553 = EDGE_CURVE('',#2554,#2505,#2556,.T.);
#2554 = VERTEX_POINT('',#2555);
#2555 = CARTESIAN_POINT('',(19.364916731037,5.,0.));
#2556 = LINE('',#2557,#2558);
#2557 = CARTESIAN_POINT('',(19.364916731037,5.,0.));
#2558 = VECTOR('',#2559,1.);
#2559 = DIRECTION('',(1.,-3.47E-15,0.));
#2560 = ORIENTED_EDGE('',*,*,#2561,.T.);
#2561 = EDGE_CURVE('',#2554,#1226,#2562,.T.);
#2562 = LINE('',#2563,#2564);
#2563 = CARTESIAN_POINT('',(19.364916731037,5.,-2.22E-15));
#2564 = VECTOR('',#2565,1.);
#2565 = DIRECTION('',(0.,4.4E-16,1.));
#2566 = ORIENTED_EDGE('',*,*,#1262,.T.);
#2567 = PLANE('',#2568);
#2568 = AXIS2_PLACEMENT_3D('',#2569,#2570,#2571);
#2569 = CARTESIAN_POINT('',(19.364916731037,5.,-2.22E-15));
#2570 = DIRECTION('',(3.47E-15,1.,-4.4E-16));
#2571 = DIRECTION('',(1.,-3.47E-15,2.676286363678E-47));
#2572 = ADVANCED_FACE('',(#2573),#2592,.T.);
#2573 = FACE_BOUND('',#2574,.T.);
#2574 = EDGE_LOOP('',(#2575,#2583,#2590,#2591));
#2575 = ORIENTED_EDGE('',*,*,#2576,.F.);
#2576 = EDGE_CURVE('',#2577,#1279,#2579,.T.);
#2577 = VERTEX_POINT('',#2578);
#2578 = CARTESIAN_POINT('',(5.,21.,-9.E-15));
#2579 = LINE('',#2580,#2581);
#2580 = CARTESIAN_POINT('',(5.,21.,-9.33E-15));
#2581 = VECTOR('',#2582,1.);
#2582 = DIRECTION('',(0.,4.4E-16,1.));
#2583 = ORIENTED_EDGE('',*,*,#2584,.T.);
#2584 = EDGE_CURVE('',#2577,#2529,#2585,.T.);
#2585 = CIRCLE('',#2586,4.);
#2586 = AXIS2_PLACEMENT_3D('',#2587,#2588,#2589);
#2587 = CARTESIAN_POINT('',(1.,21.,-9.33E-15));
#2588 = DIRECTION('',(-0.,4.4E-16,1.));
#2589 = DIRECTION('',(0.,-1.,4.4E-16));
#2590 = ORIENTED_EDGE('',*,*,#2528,.T.);
#2591 = ORIENTED_EDGE('',*,*,#1287,.F.);
#2592 = CYLINDRICAL_SURFACE('',#2593,4.);
#2593 = AXIS2_PLACEMENT_3D('',#2594,#2595,#2596);
#2594 = CARTESIAN_POINT('',(1.,21.,-9.33E-15));
#2595 = DIRECTION('',(0.,4.4E-16,1.));
#2596 = DIRECTION('',(1.,7.9E-16,-3.476E-31));
#2597 = ADVANCED_FACE('',(#2598),#2617,.T.);
#2598 = FACE_BOUND('',#2599,.F.);
#2599 = EDGE_LOOP('',(#2600,#2601,#2602,#2610));
#2600 = ORIENTED_EDGE('',*,*,#2561,.T.);
#2601 = ORIENTED_EDGE('',*,*,#1305,.T.);
#2602 = ORIENTED_EDGE('',*,*,#2603,.F.);
#2603 = EDGE_CURVE('',#2604,#1306,#2606,.T.);
#2604 = VERTEX_POINT('',#2605);
#2605 = CARTESIAN_POINT('',(5.,19.364916731037,0.));
#2606 = LINE('',#2607,#2608);
#2607 = CARTESIAN_POINT('',(5.,19.364916731037,-8.6E-15));
#2608 = VECTOR('',#2609,1.);
#2609 = DIRECTION('',(0.,4.4E-16,1.));
#2610 = ORIENTED_EDGE('',*,*,#2611,.F.);
#2611 = EDGE_CURVE('',#2554,#2604,#2612,.T.);
#2612 = CIRCLE('',#2613,20.);
#2613 = AXIS2_PLACEMENT_3D('',#2614,#2615,#2616);
#2614 = CARTESIAN_POINT('',(0.,5.E-17,0.));
#2615 = DIRECTION('',(0.,0.,1.));
#2616 = DIRECTION('',(1.,0.,0.));
#2617 = CYLINDRICAL_SURFACE('',#2618,20.);
#2618 = AXIS2_PLACEMENT_3D('',#2619,#2620,#2621);
#2619 = CARTESIAN_POINT('',(0.,5.E-17,0.));
#2620 = DIRECTION('',(0.,-4.4E-16,-1.));
#2621 = DIRECTION('',(1.,0.,0.));
#2622 = ADVANCED_FACE('',(#2623),#2634,.F.);
#2623 = FACE_BOUND('',#2624,.F.);
#2624 = EDGE_LOOP('',(#2625,#2626,#2632,#2633));
#2625 = ORIENTED_EDGE('',*,*,#2576,.F.);
#2626 = ORIENTED_EDGE('',*,*,#2627,.F.);
#2627 = EDGE_CURVE('',#2604,#2577,#2628,.T.);
#2628 = LINE('',#2629,#2630);
#2629 = CARTESIAN_POINT('',(5.,19.364916731037,0.));
#2630 = VECTOR('',#2631,1.);
#2631 = DIRECTION('',(-7.9E-16,1.,0.));
#2632 = ORIENTED_EDGE('',*,*,#2603,.T.);
#2633 = ORIENTED_EDGE('',*,*,#1355,.T.);
#2634 = PLANE('',#2635);
#2635 = AXIS2_PLACEMENT_3D('',#2636,#2637,#2638);
#2636 = CARTESIAN_POINT('',(5.,19.364916731037,-8.6E-15));
#2637 = DIRECTION('',(-1.,-7.9E-16,0.));
#2638 = DIRECTION('',(-7.9E-16,1.,-4.4E-16));
#2639 = ADVANCED_FACE('',(#2640,#2648),#2659,.F.);
#2640 = FACE_BOUND('',#2641,.F.);
#2641 = EDGE_LOOP('',(#2642,#2643,#2644,#2645,#2646,#2647));
#2642 = ORIENTED_EDGE('',*,*,#1425,.F.);
#2643 = ORIENTED_EDGE('',*,*,#1377,.F.);
#2644 = ORIENTED_EDGE('',*,*,#1408,.F.);
#2645 = ORIENTED_EDGE('',*,*,#1456,.F.);
#2646 = ORIENTED_EDGE('',*,*,#1497,.F.);
#2647 = ORIENTED_EDGE('',*,*,#1473,.F.);
#2648 = FACE_BOUND('',#2649,.F.);
#2649 = EDGE_LOOP('',(#2650));
#2650 = ORIENTED_EDGE('',*,*,#2651,.T.);
#2651 = EDGE_CURVE('',#2652,#2652,#2654,.T.);
#2652 = VERTEX_POINT('',#2653);
#2653 = CARTESIAN_POINT('',(2.65,1.E-15,4.5));
#2654 = CIRCLE('',#2655,2.65);
#2655 = AXIS2_PLACEMENT_3D('',#2656,#2657,#2658);
#2656 = CARTESIAN_POINT('',(0.,9.8E-16,4.5));
#2657 = DIRECTION('',(-0.,2.2E-16,1.));
#2658 = DIRECTION('',(1.,0.,0.));
#2659 = PLANE('',#2660);
#2660 = AXIS2_PLACEMENT_3D('',#2661,#2662,#2663);
#2661 = CARTESIAN_POINT('',(7.4E-16,-1.4211E-13,4.5));
#2662 = DIRECTION('',(0.,0.,-1.));
#2663 = DIRECTION('',(1.,0.,0.));
#2664 = ADVANCED_FACE('',(#2665),#2690,.F.);
#2665 = FACE_BOUND('',#2666,.F.);
#2666 = EDGE_LOOP('',(#2667,#2675,#2676,#2684));
#2667 = ORIENTED_EDGE('',*,*,#2668,.F.);
#2668 = EDGE_CURVE('',#1531,#2669,#2671,.T.);
#2669 = VERTEX_POINT('',#2670);
#2670 = CARTESIAN_POINT('',(-12.99519320527,-7.491658932278,2.E-15));
#2671 = LINE('',#2672,#2673);
#2672 = CARTESIAN_POINT('',(-12.99519320527,-7.491658932278,10.));
#2673 = VECTOR('',#2674,1.);
#2674 = DIRECTION('',(0.,-3.3E-16,-1.));
#2675 = ORIENTED_EDGE('',*,*,#1530,.F.);
#2676 = ORIENTED_EDGE('',*,*,#2677,.T.);
#2677 = EDGE_CURVE('',#1514,#2678,#2680,.T.);
#2678 = VERTEX_POINT('',#2679);
#2679 = CARTESIAN_POINT('',(-6.5,-3.741657386774,2.E-15));
#2680 = LINE('',#2681,#2682);
#2681 = CARTESIAN_POINT('',(-6.5,-3.741657386774,10.));
#2682 = VECTOR('',#2683,1.);
#2683 = DIRECTION('',(0.,-3.3E-16,-1.));
#2684 = ORIENTED_EDGE('',*,*,#2685,.F.);
#2685 = EDGE_CURVE('',#2669,#2678,#2686,.T.);
#2686 = LINE('',#2687,#2688);
#2687 = CARTESIAN_POINT('',(-3.252407412699,-1.866658932277,-2.2E-16));
#2688 = VECTOR('',#2689,1.);
#2689 = DIRECTION('',(0.866025403784,0.5,-1.7E-16));
#2690 = PLANE('',#2691);
#2691 = AXIS2_PLACEMENT_3D('',#2692,#2693,#2694);
#2692 = CARTESIAN_POINT('',(-6.5,-3.741657386774,10.));
#2693 = DIRECTION('',(-0.5,0.866025403784,-2.9E-16));
#2694 = DIRECTION('',(-0.866025403784,-0.5,1.7E-16));
#2695 = ADVANCED_FACE('',(#2696),#2715,.T.);
#2696 = FACE_BOUND('',#2697,.T.);
#2697 = EDGE_LOOP('',(#2698,#2706,#2707,#2708));
#2698 = ORIENTED_EDGE('',*,*,#2699,.F.);
#2699 = EDGE_CURVE('',#1569,#2700,#2702,.T.);
#2700 = VERTEX_POINT('',#2701);
#2701 = CARTESIAN_POINT('',(-3.75,-6.495190528383,2.E-15));
#2702 = LINE('',#2703,#2704);
#2703 = CARTESIAN_POINT('',(-3.75,-6.495190528383,10.));
#2704 = VECTOR('',#2705,1.);
#2705 = DIRECTION('',(0.,-3.3E-16,-1.));
#2706 = ORIENTED_EDGE('',*,*,#1587,.F.);
#2707 = ORIENTED_EDGE('',*,*,#2677,.T.);
#2708 = ORIENTED_EDGE('',*,*,#2709,.T.);
#2709 = EDGE_CURVE('',#2678,#2700,#2710,.T.);
#2710 = CIRCLE('',#2711,7.5);
#2711 = AXIS2_PLACEMENT_3D('',#2712,#2713,#2714);
#2712 = CARTESIAN_POINT('',(0.,-2.E-17,0.));
#2713 = DIRECTION('',(-0.,3.3E-16,1.));
#2714 = DIRECTION('',(1.,0.,0.));
#2715 = CYLINDRICAL_SURFACE('',#2716,7.5);
#2716 = AXIS2_PLACEMENT_3D('',#2717,#2718,#2719);
#2717 = CARTESIAN_POINT('',(0.,3.31E-15,10.));
#2718 = DIRECTION('',(0.,3.3E-16,1.));
#2719 = DIRECTION('',(1.,0.,0.));
#2720 = ADVANCED_FACE('',(#2721),#2740,.F.);
#2721 = FACE_BOUND('',#2722,.F.);
#2722 = EDGE_LOOP('',(#2723,#2731,#2732,#2733));
#2723 = ORIENTED_EDGE('',*,*,#2724,.F.);
#2724 = EDGE_CURVE('',#1605,#2725,#2727,.T.);
#2725 = VERTEX_POINT('',#2726);
#2726 = CARTESIAN_POINT('',(-7.5,-12.99038105676,4.E-15));
#2727 = LINE('',#2728,#2729);
#2728 = CARTESIAN_POINT('',(-7.5,-12.99038105676,10.));
#2729 = VECTOR('',#2730,1.);
#2730 = DIRECTION('',(0.,-3.3E-16,-1.));
#2731 = ORIENTED_EDGE('',*,*,#1629,.F.);
#2732 = ORIENTED_EDGE('',*,*,#2668,.T.);
#2733 = ORIENTED_EDGE('',*,*,#2734,.T.);
#2734 = EDGE_CURVE('',#2669,#2725,#2735,.T.);
#2735 = CIRCLE('',#2736,15.);
#2736 = AXIS2_PLACEMENT_3D('',#2737,#2738,#2739);
#2737 = CARTESIAN_POINT('',(0.,-2.E-17,0.));
#2738 = DIRECTION('',(-0.,3.3E-16,1.));
#2739 = DIRECTION('',(1.,0.,0.));
#2740 = CYLINDRICAL_SURFACE('',#2741,15.);
#2741 = AXIS2_PLACEMENT_3D('',#2742,#2743,#2744);
#2742 = CARTESIAN_POINT('',(0.,3.31E-15,10.));
#2743 = DIRECTION('',(0.,3.3E-16,1.));
#2744 = DIRECTION('',(1.,0.,0.));
#2745 = ADVANCED_FACE('',(#2746),#2757,.T.);
#2746 = FACE_BOUND('',#2747,.T.);
#2747 = EDGE_LOOP('',(#2748,#2749,#2750,#2751));
#2748 = ORIENTED_EDGE('',*,*,#2724,.F.);
#2749 = ORIENTED_EDGE('',*,*,#1645,.F.);
#2750 = ORIENTED_EDGE('',*,*,#2699,.T.);
#2751 = ORIENTED_EDGE('',*,*,#2752,.F.);
#2752 = EDGE_CURVE('',#2725,#2700,#2753,.T.);
#2753 = LINE('',#2754,#2755);
#2754 = CARTESIAN_POINT('',(-1.875,-3.247595264192,8.9E-16));
#2755 = VECTOR('',#2756,1.);
#2756 = DIRECTION('',(0.5,0.866025403784,-2.9E-16));
#2757 = PLANE('',#2758);
#2758 = AXIS2_PLACEMENT_3D('',#2759,#2760,#2761);
#2759 = CARTESIAN_POINT('',(-3.75,-6.495190528383,10.));
#2760 = DIRECTION('',(-0.866025403784,0.5,-1.7E-16));
#2761 = DIRECTION('',(-0.5,-0.866025403784,2.9E-16));
#2762 = ADVANCED_FACE('',(#2763),#2788,.T.);
#2763 = FACE_BOUND('',#2764,.T.);
#2764 = EDGE_LOOP('',(#2765,#2773,#2774,#2782));
#2765 = ORIENTED_EDGE('',*,*,#2766,.F.);
#2766 = EDGE_CURVE('',#1679,#2767,#2769,.T.);
#2767 = VERTEX_POINT('',#2768);
#2768 = CARTESIAN_POINT('',(7.5,12.990381056767,-4.E-15));
#2769 = LINE('',#2770,#2771);
#2770 = CARTESIAN_POINT('',(7.5,12.990381056767,10.));
#2771 = VECTOR('',#2772,1.);
#2772 = DIRECTION('',(0.,-3.3E-16,-1.));
#2773 = ORIENTED_EDGE('',*,*,#1678,.F.);
#2774 = ORIENTED_EDGE('',*,*,#2775,.T.);
#2775 = EDGE_CURVE('',#1662,#2776,#2778,.T.);
#2776 = VERTEX_POINT('',#2777);
#2777 = CARTESIAN_POINT('',(3.75,6.495190528383,-2.E-15));
#2778 = LINE('',#2779,#2780);
#2779 = CARTESIAN_POINT('',(3.75,6.495190528383,10.));
#2780 = VECTOR('',#2781,1.);
#2781 = DIRECTION('',(0.,-3.3E-16,-1.));
#2782 = ORIENTED_EDGE('',*,*,#2783,.F.);
#2783 = EDGE_CURVE('',#2767,#2776,#2784,.T.);
#2784 = LINE('',#2785,#2786);
#2785 = CARTESIAN_POINT('',(1.875,3.247595264192,-2.E-15));
#2786 = VECTOR('',#2787,1.);
#2787 = DIRECTION('',(-0.5,-0.866025403784,2.9E-16));
#2788 = PLANE('',#2789);
#2789 = AXIS2_PLACEMENT_3D('',#2790,#2791,#2792);
#2790 = CARTESIAN_POINT('',(3.75,6.495190528383,10.));
#2791 = DIRECTION('',(0.866025403784,-0.5,1.7E-16));
#2792 = DIRECTION('',(0.5,0.866025403784,-2.9E-16));
#2793 = ADVANCED_FACE('',(#2794),#2813,.T.);
#2794 = FACE_BOUND('',#2795,.T.);
#2795 = EDGE_LOOP('',(#2796,#2797,#2798,#2806));
#2796 = ORIENTED_EDGE('',*,*,#2775,.F.);
#2797 = ORIENTED_EDGE('',*,*,#1735,.F.);
#2798 = ORIENTED_EDGE('',*,*,#2799,.T.);
#2799 = EDGE_CURVE('',#1715,#2800,#2802,.T.);
#2800 = VERTEX_POINT('',#2801);
#2801 = CARTESIAN_POINT('',(6.494809454851,3.750659961283,-2.E-15));
#2802 = LINE('',#2803,#2804);
#2803 = CARTESIAN_POINT('',(6.494809454851,3.750659961283,10.));
#2804 = VECTOR('',#2805,1.);
#2805 = DIRECTION('',(0.,-3.3E-16,-1.));
#2806 = ORIENTED_EDGE('',*,*,#2807,.T.);
#2807 = EDGE_CURVE('',#2800,#2776,#2808,.T.);
#2808 = CIRCLE('',#2809,7.5);
#2809 = AXIS2_PLACEMENT_3D('',#2810,#2811,#2812);
#2810 = CARTESIAN_POINT('',(0.,-2.E-17,0.));
#2811 = DIRECTION('',(-0.,3.3E-16,1.));
#2812 = DIRECTION('',(1.,0.,0.));
#2813 = CYLINDRICAL_SURFACE('',#2814,7.5);
#2814 = AXIS2_PLACEMENT_3D('',#2815,#2816,#2817);
#2815 = CARTESIAN_POINT('',(0.,3.31E-15,10.));
#2816 = DIRECTION('',(0.,3.3E-16,1.));
#2817 = DIRECTION('',(1.,0.,0.));
#2818 = ADVANCED_FACE('',(#2819),#2838,.F.);
#2819 = FACE_BOUND('',#2820,.F.);
#2820 = EDGE_LOOP('',(#2821,#2822,#2823,#2831));
#2821 = ORIENTED_EDGE('',*,*,#2766,.F.);
#2822 = ORIENTED_EDGE('',*,*,#1777,.F.);
#2823 = ORIENTED_EDGE('',*,*,#2824,.T.);
#2824 = EDGE_CURVE('',#1751,#2825,#2827,.T.);
#2825 = VERTEX_POINT('',#2826);
#2826 = CARTESIAN_POINT('',(12.99,7.500659970963,-2.E-15));
#2827 = LINE('',#2828,#2829);
#2828 = CARTESIAN_POINT('',(12.99,7.500659970963,10.));
#2829 = VECTOR('',#2830,1.);
#2830 = DIRECTION('',(0.,-3.3E-16,-1.));
#2831 = ORIENTED_EDGE('',*,*,#2832,.T.);
#2832 = EDGE_CURVE('',#2825,#2767,#2833,.T.);
#2833 = CIRCLE('',#2834,15.);
#2834 = AXIS2_PLACEMENT_3D('',#2835,#2836,#2837);
#2835 = CARTESIAN_POINT('',(0.,-2.E-17,0.));
#2836 = DIRECTION('',(-0.,3.3E-16,1.));
#2837 = DIRECTION('',(1.,0.,0.));
#2838 = CYLINDRICAL_SURFACE('',#2839,15.);
#2839 = AXIS2_PLACEMENT_3D('',#2840,#2841,#2842);
#2840 = CARTESIAN_POINT('',(0.,3.31E-15,10.));
#2841 = DIRECTION('',(0.,3.3E-16,1.));
#2842 = DIRECTION('',(1.,0.,0.));
#2843 = ADVANCED_FACE('',(#2844),#2855,.F.);
#2844 = FACE_BOUND('',#2845,.F.);
#2845 = EDGE_LOOP('',(#2846,#2847,#2848,#2849));
#2846 = ORIENTED_EDGE('',*,*,#2824,.F.);
#2847 = ORIENTED_EDGE('',*,*,#1793,.F.);
#2848 = ORIENTED_EDGE('',*,*,#2799,.T.);
#2849 = ORIENTED_EDGE('',*,*,#2850,.F.);
#2850 = EDGE_CURVE('',#2825,#2800,#2851,.T.);
#2851 = LINE('',#2852,#2853);
#2852 = CARTESIAN_POINT('',(3.247214207425,1.875659970963,-8.9E-16));
#2853 = VECTOR('',#2854,1.);
#2854 = DIRECTION('',(-0.866025403784,-0.5,1.7E-16));
#2855 = PLANE('',#2856);
#2856 = AXIS2_PLACEMENT_3D('',#2857,#2858,#2859);
#2857 = CARTESIAN_POINT('',(6.494809454851,3.750659961283,10.));
#2858 = DIRECTION('',(0.5,-0.866025403784,2.9E-16));
#2859 = DIRECTION('',(0.866025403784,0.5,-1.7E-16));
#2860 = ADVANCED_FACE('',(#2861),#2887,.T.);
#2861 = FACE_BOUND('',#2862,.T.);
#2862 = EDGE_LOOP('',(#2863,#2871,#2872,#2880));
#2863 = ORIENTED_EDGE('',*,*,#2864,.F.);
#2864 = EDGE_CURVE('',#1828,#2865,#2867,.T.);
#2865 = VERTEX_POINT('',#2866);
#2866 = CARTESIAN_POINT('',(6.5,-3.741657386774,2.E-15));
#2867 = LINE('',#2868,#2869);
#2868 = CARTESIAN_POINT('',(6.5,-3.741657386774,10.));
#2869 = VECTOR('',#2870,1.);
#2870 = DIRECTION('',(0.,-3.3E-16,-1.));
#2871 = ORIENTED_EDGE('',*,*,#1846,.F.);
#2872 = ORIENTED_EDGE('',*,*,#2873,.T.);
#2873 = EDGE_CURVE('',#1810,#2874,#2876,.T.);
#2874 = VERTEX_POINT('',#2875);
#2875 = CARTESIAN_POINT('',(3.75,-6.495190528383,2.E-15));
#2876 = LINE('',#2877,#2878);
#2877 = CARTESIAN_POINT('',(3.75,-6.495190528383,10.));
#2878 = VECTOR('',#2879,1.);
#2879 = DIRECTION('',(0.,-3.3E-16,-1.));
#2880 = ORIENTED_EDGE('',*,*,#2881,.T.);
#2881 = EDGE_CURVE('',#2874,#2865,#2882,.T.);
#2882 = CIRCLE('',#2883,7.5);
#2883 = AXIS2_PLACEMENT_3D('',#2884,#2885,#2886);
#2884 = CARTESIAN_POINT('',(0.,-2.E-17,0.));
#2885 = DIRECTION('',(-0.,3.3E-16,1.));
#2886 = DIRECTION('',(1.,0.,0.));
#2887 = CYLINDRICAL_SURFACE('',#2888,7.5);
#2888 = AXIS2_PLACEMENT_3D('',#2889,#2890,#2891);
#2889 = CARTESIAN_POINT('',(0.,3.31E-15,10.));
#2890 = DIRECTION('',(0.,3.3E-16,1.));
#2891 = DIRECTION('',(1.,0.,0.));
#2892 = ADVANCED_FACE('',(#2893),#2911,.F.);
#2893 = FACE_BOUND('',#2894,.F.);
#2894 = EDGE_LOOP('',(#2895,#2903,#2904,#2905));
#2895 = ORIENTED_EDGE('',*,*,#2896,.F.);
#2896 = EDGE_CURVE('',#1863,#2897,#2899,.T.);
#2897 = VERTEX_POINT('',#2898);
#2898 = CARTESIAN_POINT('',(7.5,-12.99038105676,4.E-15));
#2899 = LINE('',#2900,#2901);
#2900 = CARTESIAN_POINT('',(7.5,-12.99038105676,10.));
#2901 = VECTOR('',#2902,1.);
#2902 = DIRECTION('',(0.,-3.3E-16,-1.));
#2903 = ORIENTED_EDGE('',*,*,#1862,.F.);
#2904 = ORIENTED_EDGE('',*,*,#2873,.T.);
#2905 = ORIENTED_EDGE('',*,*,#2906,.F.);
#2906 = EDGE_CURVE('',#2897,#2874,#2907,.T.);
#2907 = LINE('',#2908,#2909);
#2908 = CARTESIAN_POINT('',(1.875,-3.247595264192,-2.2E-16));
#2909 = VECTOR('',#2910,1.);
#2910 = DIRECTION('',(-0.5,0.866025403784,-2.9E-16));
#2911 = PLANE('',#2912);
#2912 = AXIS2_PLACEMENT_3D('',#2913,#2914,#2915);
#2913 = CARTESIAN_POINT('',(3.75,-6.495190528383,10.));
#2914 = DIRECTION('',(-0.866025403784,-0.5,1.7E-16));
#2915 = DIRECTION('',(0.5,-0.866025403784,2.9E-16));
#2916 = ADVANCED_FACE('',(#2917),#2935,.T.);
#2917 = FACE_BOUND('',#2918,.T.);
#2918 = EDGE_LOOP('',(#2919,#2927,#2928,#2929));
#2919 = ORIENTED_EDGE('',*,*,#2920,.F.);
#2920 = EDGE_CURVE('',#1904,#2921,#2923,.T.);
#2921 = VERTEX_POINT('',#2922);
#2922 = CARTESIAN_POINT('',(12.995193205275,-7.491658932278,2.E-15));
#2923 = LINE('',#2924,#2925);
#2924 = CARTESIAN_POINT('',(12.995193205275,-7.491658932278,10.));
#2925 = VECTOR('',#2926,1.);
#2926 = DIRECTION('',(0.,-3.3E-16,-1.));
#2927 = ORIENTED_EDGE('',*,*,#1903,.F.);
#2928 = ORIENTED_EDGE('',*,*,#2864,.T.);
#2929 = ORIENTED_EDGE('',*,*,#2930,.F.);
#2930 = EDGE_CURVE('',#2921,#2865,#2931,.T.);
#2931 = LINE('',#2932,#2933);
#2932 = CARTESIAN_POINT('',(3.252407412699,-1.866658932277,-2.2E-16));
#2933 = VECTOR('',#2934,1.);
#2934 = DIRECTION('',(-0.866025403784,0.5,-1.7E-16));
#2935 = PLANE('',#2936);
#2936 = AXIS2_PLACEMENT_3D('',#2937,#2938,#2939);
#2937 = CARTESIAN_POINT('',(6.5,-3.741657386774,10.));
#2938 = DIRECTION('',(-0.5,-0.866025403784,2.9E-16));
#2939 = DIRECTION('',(0.866025403784,-0.5,1.7E-16));
#2940 = ADVANCED_FACE('',(#2941),#2953,.F.);
#2941 = FACE_BOUND('',#2942,.F.);
#2942 = EDGE_LOOP('',(#2943,#2944,#2945,#2946));
#2943 = ORIENTED_EDGE('',*,*,#2920,.F.);
#2944 = ORIENTED_EDGE('',*,*,#1942,.F.);
#2945 = ORIENTED_EDGE('',*,*,#2896,.T.);
#2946 = ORIENTED_EDGE('',*,*,#2947,.T.);
#2947 = EDGE_CURVE('',#2897,#2921,#2948,.T.);
#2948 = CIRCLE('',#2949,15.);
#2949 = AXIS2_PLACEMENT_3D('',#2950,#2951,#2952);
#2950 = CARTESIAN_POINT('',(0.,-2.E-17,0.));
#2951 = DIRECTION('',(-0.,3.3E-16,1.));
#2952 = DIRECTION('',(1.,0.,0.));
#2953 = CYLINDRICAL_SURFACE('',#2954,15.);
#2954 = AXIS2_PLACEMENT_3D('',#2955,#2956,#2957);
#2955 = CARTESIAN_POINT('',(0.,3.31E-15,10.));
#2956 = DIRECTION('',(0.,3.3E-16,1.));
#2957 = DIRECTION('',(1.,0.,0.));
#2958 = ADVANCED_FACE('',(#2959,#2985,#2991,#2997,#3008,#3014),#3020,.T.
  );
#2959 = FACE_BOUND('',#2960,.T.);
#2960 = EDGE_LOOP('',(#2961,#2962,#2963,#2964,#2965,#2966,#2967,#2968,
    #2969,#2970,#2971,#2972,#2973,#2974,#2975,#2976,#2977,#2978,#2979,
    #2980,#2981,#2982,#2983,#2984));
#2961 = ORIENTED_EDGE('',*,*,#2627,.F.);
#2962 = ORIENTED_EDGE('',*,*,#2611,.F.);
#2963 = ORIENTED_EDGE('',*,*,#2553,.T.);
#2964 = ORIENTED_EDGE('',*,*,#2504,.F.);
#2965 = ORIENTED_EDGE('',*,*,#2464,.T.);
#2966 = ORIENTED_EDGE('',*,*,#2406,.F.);
#2967 = ORIENTED_EDGE('',*,*,#2366,.T.);
#2968 = ORIENTED_EDGE('',*,*,#2317,.F.);
#2969 = ORIENTED_EDGE('',*,*,#2268,.F.);
#2970 = ORIENTED_EDGE('',*,*,#2210,.F.);
#2971 = ORIENTED_EDGE('',*,*,#2170,.F.);
#2972 = ORIENTED_EDGE('',*,*,#2112,.F.);
#2973 = ORIENTED_EDGE('',*,*,#2063,.F.);
#2974 = ORIENTED_EDGE('',*,*,#2096,.F.);
#2975 = ORIENTED_EDGE('',*,*,#2144,.T.);
#2976 = ORIENTED_EDGE('',*,*,#2192,.F.);
#2977 = ORIENTED_EDGE('',*,*,#2244,.T.);
#2978 = ORIENTED_EDGE('',*,*,#2290,.F.);
#2979 = ORIENTED_EDGE('',*,*,#2342,.T.);
#2980 = ORIENTED_EDGE('',*,*,#2390,.F.);
#2981 = ORIENTED_EDGE('',*,*,#2440,.F.);
#2982 = ORIENTED_EDGE('',*,*,#2486,.F.);
#2983 = ORIENTED_EDGE('',*,*,#2538,.F.);
#2984 = ORIENTED_EDGE('',*,*,#2584,.F.);
#2985 = FACE_BOUND('',#2986,.T.);
#2986 = EDGE_LOOP('',(#2987,#2988,#2989,#2990));
#2987 = ORIENTED_EDGE('',*,*,#2709,.F.);
#2988 = ORIENTED_EDGE('',*,*,#2685,.F.);
#2989 = ORIENTED_EDGE('',*,*,#2734,.T.);
#2990 = ORIENTED_EDGE('',*,*,#2752,.T.);
#2991 = FACE_BOUND('',#2992,.T.);
#2992 = EDGE_LOOP('',(#2993,#2994,#2995,#2996));
#2993 = ORIENTED_EDGE('',*,*,#1999,.F.);
#2994 = ORIENTED_EDGE('',*,*,#1974,.T.);
#2995 = ORIENTED_EDGE('',*,*,#2023,.T.);
#2996 = ORIENTED_EDGE('',*,*,#2040,.F.);
#2997 = FACE_BOUND('',#2998,.T.);
#2998 = EDGE_LOOP('',(#2999));
#2999 = ORIENTED_EDGE('',*,*,#3000,.T.);
#3000 = EDGE_CURVE('',#3001,#3001,#3003,.T.);
#3001 = VERTEX_POINT('',#3002);
#3002 = CARTESIAN_POINT('',(2.65,0.,0.));
#3003 = CIRCLE('',#3004,2.65);
#3004 = AXIS2_PLACEMENT_3D('',#3005,#3006,#3007);
#3005 = CARTESIAN_POINT('',(0.,-2.E-17,0.));
#3006 = DIRECTION('',(-0.,1.1E-16,1.));
#3007 = DIRECTION('',(1.,0.,0.));
#3008 = FACE_BOUND('',#3009,.T.);
#3009 = EDGE_LOOP('',(#3010,#3011,#3012,#3013));
#3010 = ORIENTED_EDGE('',*,*,#2881,.F.);
#3011 = ORIENTED_EDGE('',*,*,#2906,.F.);
#3012 = ORIENTED_EDGE('',*,*,#2947,.T.);
#3013 = ORIENTED_EDGE('',*,*,#2930,.T.);
#3014 = FACE_BOUND('',#3015,.T.);
#3015 = EDGE_LOOP('',(#3016,#3017,#3018,#3019));
#3016 = ORIENTED_EDGE('',*,*,#2807,.F.);
#3017 = ORIENTED_EDGE('',*,*,#2850,.F.);
#3018 = ORIENTED_EDGE('',*,*,#2832,.T.);
#3019 = ORIENTED_EDGE('',*,*,#2783,.T.);
#3020 = PLANE('',#3021);
#3021 = AXIS2_PLACEMENT_3D('',#3022,#3023,#3024);
#3022 = CARTESIAN_POINT('',(-3.93E-15,2.52E-15,0.));
#3023 = DIRECTION('',(0.,-2.2E-16,-1.));
#3024 = DIRECTION('',(0.,1.,-2.2E-16));
#3025 = ADVANCED_FACE('',(#3026),#3037,.F.);
#3026 = FACE_BOUND('',#3027,.F.);
#3027 = EDGE_LOOP('',(#3028,#3029,#3035,#3036));
#3028 = ORIENTED_EDGE('',*,*,#2651,.F.);
#3029 = ORIENTED_EDGE('',*,*,#3030,.T.);
#3030 = EDGE_CURVE('',#2652,#3001,#3031,.T.);
#3031 = LINE('',#3032,#3033);
#3032 = CARTESIAN_POINT('',(2.65,1.09E-15,10.));
#3033 = VECTOR('',#3034,1.);
#3034 = DIRECTION('',(0.,-1.1E-16,-1.));
#3035 = ORIENTED_EDGE('',*,*,#3000,.T.);
#3036 = ORIENTED_EDGE('',*,*,#3030,.F.);
#3037 = CYLINDRICAL_SURFACE('',#3038,2.65);
#3038 = AXIS2_PLACEMENT_3D('',#3039,#3040,#3041);
#3039 = CARTESIAN_POINT('',(0.,1.09E-15,10.));
#3040 = DIRECTION('',(0.,1.1E-16,1.));
#3041 = DIRECTION('',(1.,0.,0.));
#3042 = ( GEOMETRIC_REPRESENTATION_CONTEXT(3) 
GLOBAL_UNCERTAINTY_ASSIGNED_CONTEXT((#3046)) 
GLOBAL_UNIT_ASSIGNED_CONTEXT((#3043,#3044,#3045)) REPRESENTATION_CONTEXT
('Context #1','3D Context with UNIT and UNCERTAINTY') );
#3043 = ( LENGTH_UNIT() NAMED_UNIT(*) SI_UNIT(.MILLI.,.METRE.) );
#3044 = ( NAMED_UNIT(*) PLANE_ANGLE_UNIT() SI_UNIT($,.RADIAN.) );
#3045 = ( NAMED_UNIT(*) SI_UNIT($,.STERADIAN.) SOLID_ANGLE_UNIT() );
#3046 = UNCERTAINTY_MEASURE_WITH_UNIT(LENGTH_MEASURE(1.E-03),#3043,
  'distance_accuracy_value','confusion accuracy');
#3047 = PRODUCT_RELATED_PRODUCT_CATEGORY('part',$,(#7));
#3048 = MECHANICAL_DESIGN_GEOMETRIC_PRESENTATION_REPRESENTATION('',(
    #3049),#3042);
#3049 = STYLED_ITEM('color',(#3050),#15);
#3050 = PRESENTATION_STYLE_ASSIGNMENT((#3051,#3057));
#3051 = SURFACE_STYLE_USAGE(.BOTH.,#3052);
#3052 = SURFACE_SIDE_STYLE('',(#3053));
#3053 = SURFACE_STYLE_FILL_AREA(#3054);
#3054 = FILL_AREA_STYLE('',(#3055));
#3055 = FILL_AREA_STYLE_COLOUR('',#3056);
#3056 = COLOUR_RGB('',0.800000010877,0.800000010877,0.800000010877);
#3057 = CURVE_STYLE('',#3058,POSITIVE_LENGTH_MEASURE(0.1),#3059);
#3058 = DRAUGHTING_PRE_DEFINED_CURVE_FONT('continuous');
#3059 = COLOUR_RGB('',9.803921802644E-02,9.803921802644E-02,
  9.803921802644E-02);
ENDSEC;
END-ISO-10303-21;
