ISO-10303-21;
HEADER;
FILE_DESCRIPTION(('FreeCAD Model'),'2;1');
FILE_NAME('Open CASCADE Shape Model','2025-05-21T10:03:38',('Author'),(
    ''),'Open CASCADE STEP processor 7.6','FreeCAD','Unknown');
FILE_SCHEMA(('AUTOMOTIVE_DESIGN { 1 0 10303 214 1 1 1 1 }'));
ENDSEC;
DATA;
#1 = APPLICATION_PROTOCOL_DEFINITION('international standard',
  'automotive_design',2000,#2);
#2 = APPLICATION_CONTEXT(
  'core data for automotive mechanical design processes');
#3 = SHAPE_DEFINITION_REPRESENTATION(#4,#10);
#4 = PRODUCT_DEFINITION_SHAPE('','',#5);
#5 = PRODUCT_DEFINITION('design','',#6,#9);
#6 = PRODUCT_DEFINITION_FORMATION('','',#7);
#7 = PRODUCT('Pocket008','Pocket008','',(#8));
#8 = PRODUCT_CONTEXT('',#2,'mechanical');
#9 = PRODUCT_DEFINITION_CONTEXT('part definition',#2,'design');
#10 = ADVANCED_BREP_SHAPE_REPRESENTATION('',(#11,#15),#4164);
#11 = AXIS2_PLACEMENT_3D('',#12,#13,#14);
#12 = CARTESIAN_POINT('',(0.,0.,0.));
#13 = DIRECTION('',(0.,0.,1.));
#14 = DIRECTION('',(1.,0.,-0.));
#15 = MANIFOLD_SOLID_BREP('',#16);
#16 = CLOSED_SHELL('',(#17,#57,#270,#301,#413,#444,#455,#479,#496,#518,
    #701,#732,#757,#781,#806,#830,#861,#885,#909,#933,#957,#974,#1005,
    #1029,#1053,#1077,#1101,#1118,#1130,#1161,#1185,#1209,#1322,#1367,
    #1392,#1417,#1434,#1451,#1468,#1492,#1504,#1528,#1553,#1577,#1602,
    #1619,#1650,#1674,#1698,#1722,#1746,#1763,#1794,#1818,#1842,#1866,
    #1890,#1907,#1939,#1971,#2004,#2036,#2068,#2093,#2118,#2130,#2161,
    #2185,#2209,#2234,#2259,#2451,#2628,#2648,#2668,#2685,#2710,#2742,
    #2775,#2807,#2832,#2857,#2882,#2917,#2947,#2974,#3009,#3040,#3067,
    #3090,#3107,#3124,#3136,#3156,#3176,#3201,#3232,#3250,#3267,#3284,
    #3301,#3318,#3349,#3373,#3397,#3421,#3445,#3462,#3493,#3517,#3541,
    #3565,#3589,#3606,#3623,#3640,#3671,#3695,#3719,#3743,#3767,#3784,
    #3815,#3839,#3863,#3887,#3911,#3928,#3963,#3990,#4025,#4052,#4063,
    #4080,#4091,#4108,#4119,#4130,#4147));
#17 = ADVANCED_FACE('',(#18),#52,.T.);
#18 = FACE_BOUND('',#19,.F.);
#19 = EDGE_LOOP('',(#20,#30,#38,#46));
#20 = ORIENTED_EDGE('',*,*,#21,.F.);
#21 = EDGE_CURVE('',#22,#24,#26,.T.);
#22 = VERTEX_POINT('',#23);
#23 = CARTESIAN_POINT('',(0.,77.5,5.));
#24 = VERTEX_POINT('',#25);
#25 = CARTESIAN_POINT('',(-9.5,77.5,5.));
#26 = LINE('',#27,#28);
#27 = CARTESIAN_POINT('',(0.,77.5,5.));
#28 = VECTOR('',#29,1.);
#29 = DIRECTION('',(-1.,0.,0.));
#30 = ORIENTED_EDGE('',*,*,#31,.T.);
#31 = EDGE_CURVE('',#22,#32,#34,.T.);
#32 = VERTEX_POINT('',#33);
#33 = CARTESIAN_POINT('',(0.,77.5,10.));
#34 = LINE('',#35,#36);
#35 = CARTESIAN_POINT('',(0.,77.5,5.));
#36 = VECTOR('',#37,1.);
#37 = DIRECTION('',(0.,4.4E-16,1.));
#38 = ORIENTED_EDGE('',*,*,#39,.T.);
#39 = EDGE_CURVE('',#32,#40,#42,.T.);
#40 = VERTEX_POINT('',#41);
#41 = CARTESIAN_POINT('',(-9.5,77.5,10.));
#42 = LINE('',#43,#44);
#43 = CARTESIAN_POINT('',(0.,77.5,10.));
#44 = VECTOR('',#45,1.);
#45 = DIRECTION('',(-1.,0.,0.));
#46 = ORIENTED_EDGE('',*,*,#47,.F.);
#47 = EDGE_CURVE('',#24,#40,#48,.T.);
#48 = LINE('',#49,#50);
#49 = CARTESIAN_POINT('',(-9.5,77.5,5.));
#50 = VECTOR('',#51,1.);
#51 = DIRECTION('',(0.,4.4E-16,1.));
#52 = PLANE('',#53);
#53 = AXIS2_PLACEMENT_3D('',#54,#55,#56);
#54 = CARTESIAN_POINT('',(0.,77.5,5.));
#55 = DIRECTION('',(0.,1.,-4.4E-16));
#56 = DIRECTION('',(1.,0.,0.));
#57 = ADVANCED_FACE('',(#58,#165,#215),#265,.F.);
#58 = FACE_BOUND('',#59,.T.);
#59 = EDGE_LOOP('',(#60,#61,#69,#77,#86,#94,#103,#111,#119,#127,#135,
    #143,#151,#159));
#60 = ORIENTED_EDGE('',*,*,#21,.F.);
#61 = ORIENTED_EDGE('',*,*,#62,.T.);
#62 = EDGE_CURVE('',#22,#63,#65,.T.);
#63 = VERTEX_POINT('',#64);
#64 = CARTESIAN_POINT('',(0.,80.,5.));
#65 = LINE('',#66,#67);
#66 = CARTESIAN_POINT('',(0.,5.,5.));
#67 = VECTOR('',#68,1.);
#68 = DIRECTION('',(0.,1.,0.));
#69 = ORIENTED_EDGE('',*,*,#70,.T.);
#70 = EDGE_CURVE('',#63,#71,#73,.T.);
#71 = VERTEX_POINT('',#72);
#72 = CARTESIAN_POINT('',(-25.,80.,5.));
#73 = LINE('',#74,#75);
#74 = CARTESIAN_POINT('',(0.,80.,5.));
#75 = VECTOR('',#76,1.);
#76 = DIRECTION('',(-1.,-0.,-0.));
#77 = ORIENTED_EDGE('',*,*,#78,.T.);
#78 = EDGE_CURVE('',#71,#79,#81,.T.);
#79 = VERTEX_POINT('',#80);
#80 = CARTESIAN_POINT('',(-30.,75.,5.));
#81 = CIRCLE('',#82,5.);
#82 = AXIS2_PLACEMENT_3D('',#83,#84,#85);
#83 = CARTESIAN_POINT('',(-30.,80.,5.));
#84 = DIRECTION('',(0.,0.,-1.));
#85 = DIRECTION('',(-1.,0.,0.));
#86 = ORIENTED_EDGE('',*,*,#87,.T.);
#87 = EDGE_CURVE('',#79,#88,#90,.T.);
#88 = VERTEX_POINT('',#89);
#89 = CARTESIAN_POINT('',(-30.,10.,5.));
#90 = LINE('',#91,#92);
#91 = CARTESIAN_POINT('',(-30.,80.,5.));
#92 = VECTOR('',#93,1.);
#93 = DIRECTION('',(-0.,-1.,-0.));
#94 = ORIENTED_EDGE('',*,*,#95,.T.);
#95 = EDGE_CURVE('',#88,#96,#98,.T.);
#96 = VERTEX_POINT('',#97);
#97 = CARTESIAN_POINT('',(-25.,5.,5.));
#98 = CIRCLE('',#99,5.);
#99 = AXIS2_PLACEMENT_3D('',#100,#101,#102);
#100 = CARTESIAN_POINT('',(-30.,5.,5.));
#101 = DIRECTION('',(0.,0.,-1.));
#102 = DIRECTION('',(-1.,0.,0.));
#103 = ORIENTED_EDGE('',*,*,#104,.T.);
#104 = EDGE_CURVE('',#96,#105,#107,.T.);
#105 = VERTEX_POINT('',#106);
#106 = CARTESIAN_POINT('',(0.,5.,5.));
#107 = LINE('',#108,#109);
#108 = CARTESIAN_POINT('',(-30.,5.,5.));
#109 = VECTOR('',#110,1.);
#110 = DIRECTION('',(1.,0.,0.));
#111 = ORIENTED_EDGE('',*,*,#112,.T.);
#112 = EDGE_CURVE('',#105,#113,#115,.T.);
#113 = VERTEX_POINT('',#114);
#114 = CARTESIAN_POINT('',(0.,52.5,5.));
#115 = LINE('',#116,#117);
#116 = CARTESIAN_POINT('',(0.,5.,5.));
#117 = VECTOR('',#118,1.);
#118 = DIRECTION('',(0.,1.,0.));
#119 = ORIENTED_EDGE('',*,*,#120,.F.);
#120 = EDGE_CURVE('',#121,#113,#123,.T.);
#121 = VERTEX_POINT('',#122);
#122 = CARTESIAN_POINT('',(-9.5,52.5,5.));
#123 = LINE('',#124,#125);
#124 = CARTESIAN_POINT('',(-12.5,52.5,5.));
#125 = VECTOR('',#126,1.);
#126 = DIRECTION('',(1.,0.,0.));
#127 = ORIENTED_EDGE('',*,*,#128,.F.);
#128 = EDGE_CURVE('',#129,#121,#131,.T.);
#129 = VERTEX_POINT('',#130);
#130 = CARTESIAN_POINT('',(-12.5,52.5,5.));
#131 = LINE('',#132,#133);
#132 = CARTESIAN_POINT('',(-12.5,52.5,5.));
#133 = VECTOR('',#134,1.);
#134 = DIRECTION('',(1.,0.,0.));
#135 = ORIENTED_EDGE('',*,*,#136,.F.);
#136 = EDGE_CURVE('',#137,#129,#139,.T.);
#137 = VERTEX_POINT('',#138);
#138 = CARTESIAN_POINT('',(-12.5,55.5,5.));
#139 = LINE('',#140,#141);
#140 = CARTESIAN_POINT('',(-12.5,77.5,5.));
#141 = VECTOR('',#142,1.);
#142 = DIRECTION('',(0.,-1.,0.));
#143 = ORIENTED_EDGE('',*,*,#144,.F.);
#144 = EDGE_CURVE('',#145,#137,#147,.T.);
#145 = VERTEX_POINT('',#146);
#146 = CARTESIAN_POINT('',(-12.5,74.5,5.));
#147 = LINE('',#148,#149);
#148 = CARTESIAN_POINT('',(-12.5,77.5,5.));
#149 = VECTOR('',#150,1.);
#150 = DIRECTION('',(0.,-1.,0.));
#151 = ORIENTED_EDGE('',*,*,#152,.F.);
#152 = EDGE_CURVE('',#153,#145,#155,.T.);
#153 = VERTEX_POINT('',#154);
#154 = CARTESIAN_POINT('',(-12.5,77.5,5.));
#155 = LINE('',#156,#157);
#156 = CARTESIAN_POINT('',(-12.5,77.5,5.));
#157 = VECTOR('',#158,1.);
#158 = DIRECTION('',(0.,-1.,0.));
#159 = ORIENTED_EDGE('',*,*,#160,.F.);
#160 = EDGE_CURVE('',#24,#153,#161,.T.);
#161 = LINE('',#162,#163);
#162 = CARTESIAN_POINT('',(0.,77.5,5.));
#163 = VECTOR('',#164,1.);
#164 = DIRECTION('',(-1.,0.,0.));
#165 = FACE_BOUND('',#166,.T.);
#166 = EDGE_LOOP('',(#167,#177,#185,#193,#201,#209));
#167 = ORIENTED_EDGE('',*,*,#168,.T.);
#168 = EDGE_CURVE('',#169,#171,#173,.T.);
#169 = VERTEX_POINT('',#170);
#170 = CARTESIAN_POINT('',(-12.9,28.32568421935,5.));
#171 = VERTEX_POINT('',#172);
#172 = CARTESIAN_POINT('',(-12.9,31.67431578065,5.));
#173 = LINE('',#174,#175);
#174 = CARTESIAN_POINT('',(-12.9,28.32568421935,5.));
#175 = VECTOR('',#176,1.);
#176 = DIRECTION('',(2.12E-15,1.,0.));
#177 = ORIENTED_EDGE('',*,*,#178,.T.);
#178 = EDGE_CURVE('',#171,#179,#181,.T.);
#179 = VERTEX_POINT('',#180);
#180 = CARTESIAN_POINT('',(-10.,33.3486315613,5.));
#181 = LINE('',#182,#183);
#182 = CARTESIAN_POINT('',(-12.9,31.67431578065,5.));
#183 = VECTOR('',#184,1.);
#184 = DIRECTION('',(0.866025403784,0.5,0.));
#185 = ORIENTED_EDGE('',*,*,#186,.T.);
#186 = EDGE_CURVE('',#179,#187,#189,.T.);
#187 = VERTEX_POINT('',#188);
#188 = CARTESIAN_POINT('',(-7.1,31.67431578065,5.));
#189 = LINE('',#190,#191);
#190 = CARTESIAN_POINT('',(-10.,33.3486315613,5.));
#191 = VECTOR('',#192,1.);
#192 = DIRECTION('',(0.866025403784,-0.5,0.));
#193 = ORIENTED_EDGE('',*,*,#194,.T.);
#194 = EDGE_CURVE('',#187,#195,#197,.T.);
#195 = VERTEX_POINT('',#196);
#196 = CARTESIAN_POINT('',(-7.1,28.32568421935,5.));
#197 = LINE('',#198,#199);
#198 = CARTESIAN_POINT('',(-7.1,31.67431578065,5.));
#199 = VECTOR('',#200,1.);
#200 = DIRECTION('',(0.,-1.,0.));
#201 = ORIENTED_EDGE('',*,*,#202,.T.);
#202 = EDGE_CURVE('',#195,#203,#205,.T.);
#203 = VERTEX_POINT('',#204);
#204 = CARTESIAN_POINT('',(-10.,26.6513684387,5.));
#205 = LINE('',#206,#207);
#206 = CARTESIAN_POINT('',(-7.1,28.32568421935,5.));
#207 = VECTOR('',#208,1.);
#208 = DIRECTION('',(-0.866025403784,-0.5,0.));
#209 = ORIENTED_EDGE('',*,*,#210,.T.);
#210 = EDGE_CURVE('',#203,#169,#211,.T.);
#211 = LINE('',#212,#213);
#212 = CARTESIAN_POINT('',(-10.,26.6513684387,5.));
#213 = VECTOR('',#214,1.);
#214 = DIRECTION('',(-0.866025403784,0.5,0.));
#215 = FACE_BOUND('',#216,.T.);
#216 = EDGE_LOOP('',(#217,#227,#235,#243,#251,#259));
#217 = ORIENTED_EDGE('',*,*,#218,.T.);
#218 = EDGE_CURVE('',#219,#221,#223,.T.);
#219 = VERTEX_POINT('',#220);
#220 = CARTESIAN_POINT('',(-12.9,38.32568421935,5.));
#221 = VERTEX_POINT('',#222);
#222 = CARTESIAN_POINT('',(-12.9,41.67431578065,5.));
#223 = LINE('',#224,#225);
#224 = CARTESIAN_POINT('',(-12.9,38.32568421935,5.));
#225 = VECTOR('',#226,1.);
#226 = DIRECTION('',(2.12E-15,1.,0.));
#227 = ORIENTED_EDGE('',*,*,#228,.T.);
#228 = EDGE_CURVE('',#221,#229,#231,.T.);
#229 = VERTEX_POINT('',#230);
#230 = CARTESIAN_POINT('',(-10.,43.3486315613,5.));
#231 = LINE('',#232,#233);
#232 = CARTESIAN_POINT('',(-12.9,41.67431578065,5.));
#233 = VECTOR('',#234,1.);
#234 = DIRECTION('',(0.866025403784,0.5,0.));
#235 = ORIENTED_EDGE('',*,*,#236,.T.);
#236 = EDGE_CURVE('',#229,#237,#239,.T.);
#237 = VERTEX_POINT('',#238);
#238 = CARTESIAN_POINT('',(-7.1,41.67431578065,5.));
#239 = LINE('',#240,#241);
#240 = CARTESIAN_POINT('',(-10.,43.3486315613,5.));
#241 = VECTOR('',#242,1.);
#242 = DIRECTION('',(0.866025403784,-0.5,0.));
#243 = ORIENTED_EDGE('',*,*,#244,.T.);
#244 = EDGE_CURVE('',#237,#245,#247,.T.);
#245 = VERTEX_POINT('',#246);
#246 = CARTESIAN_POINT('',(-7.1,38.32568421935,5.));
#247 = LINE('',#248,#249);
#248 = CARTESIAN_POINT('',(-7.1,41.67431578065,5.));
#249 = VECTOR('',#250,1.);
#250 = DIRECTION('',(0.,-1.,0.));
#251 = ORIENTED_EDGE('',*,*,#252,.T.);
#252 = EDGE_CURVE('',#245,#253,#255,.T.);
#253 = VERTEX_POINT('',#254);
#254 = CARTESIAN_POINT('',(-10.,36.6513684387,5.));
#255 = LINE('',#256,#257);
#256 = CARTESIAN_POINT('',(-7.1,38.32568421935,5.));
#257 = VECTOR('',#258,1.);
#258 = DIRECTION('',(-0.866025403784,-0.5,0.));
#259 = ORIENTED_EDGE('',*,*,#260,.T.);
#260 = EDGE_CURVE('',#253,#219,#261,.T.);
#261 = LINE('',#262,#263);
#262 = CARTESIAN_POINT('',(-10.,36.6513684387,5.));
#263 = VECTOR('',#264,1.);
#264 = DIRECTION('',(-0.866025403784,0.5,0.));
#265 = PLANE('',#266);
#266 = AXIS2_PLACEMENT_3D('',#267,#268,#269);
#267 = CARTESIAN_POINT('',(-15.,42.5,5.));
#268 = DIRECTION('',(0.,-1.9E-16,-1.));
#269 = DIRECTION('',(-0.,-1.,1.9E-16));
#270 = ADVANCED_FACE('',(#271),#296,.T.);
#271 = FACE_BOUND('',#272,.T.);
#272 = EDGE_LOOP('',(#273,#280,#288,#295));
#273 = ORIENTED_EDGE('',*,*,#274,.T.);
#274 = EDGE_CURVE('',#24,#145,#275,.T.);
#275 = CIRCLE('',#276,3.);
#276 = AXIS2_PLACEMENT_3D('',#277,#278,#279);
#277 = CARTESIAN_POINT('',(-9.5,74.5,5.));
#278 = DIRECTION('',(-0.,4.4E-16,1.));
#279 = DIRECTION('',(0.,-1.,4.4E-16));
#280 = ORIENTED_EDGE('',*,*,#281,.T.);
#281 = EDGE_CURVE('',#145,#282,#284,.T.);
#282 = VERTEX_POINT('',#283);
#283 = CARTESIAN_POINT('',(-12.5,74.5,10.));
#284 = LINE('',#285,#286);
#285 = CARTESIAN_POINT('',(-12.5,74.5,5.));
#286 = VECTOR('',#287,1.);
#287 = DIRECTION('',(0.,4.4E-16,1.));
#288 = ORIENTED_EDGE('',*,*,#289,.F.);
#289 = EDGE_CURVE('',#40,#282,#290,.T.);
#290 = CIRCLE('',#291,3.);
#291 = AXIS2_PLACEMENT_3D('',#292,#293,#294);
#292 = CARTESIAN_POINT('',(-9.5,74.5,10.));
#293 = DIRECTION('',(-0.,4.4E-16,1.));
#294 = DIRECTION('',(0.,-1.,4.4E-16));
#295 = ORIENTED_EDGE('',*,*,#47,.F.);
#296 = CYLINDRICAL_SURFACE('',#297,3.);
#297 = AXIS2_PLACEMENT_3D('',#298,#299,#300);
#298 = CARTESIAN_POINT('',(-9.5,74.5,5.));
#299 = DIRECTION('',(0.,4.4E-16,1.));
#300 = DIRECTION('',(0.,1.,-4.4E-16));
#301 = ADVANCED_FACE('',(#302,#386,#397),#408,.F.);
#302 = FACE_BOUND('',#303,.T.);
#303 = EDGE_LOOP('',(#304,#315,#323,#331,#340,#346,#347,#348,#356,#364,
    #372,#380));
#304 = ORIENTED_EDGE('',*,*,#305,.T.);
#305 = EDGE_CURVE('',#306,#308,#310,.T.);
#306 = VERTEX_POINT('',#307);
#307 = CARTESIAN_POINT('',(-12.5,55.5,10.));
#308 = VERTEX_POINT('',#309);
#309 = CARTESIAN_POINT('',(-9.5,52.5,10.));
#310 = CIRCLE('',#311,3.);
#311 = AXIS2_PLACEMENT_3D('',#312,#313,#314);
#312 = CARTESIAN_POINT('',(-9.5,55.5,10.));
#313 = DIRECTION('',(-0.,4.4E-16,1.));
#314 = DIRECTION('',(0.,-1.,4.4E-16));
#315 = ORIENTED_EDGE('',*,*,#316,.T.);
#316 = EDGE_CURVE('',#308,#317,#319,.T.);
#317 = VERTEX_POINT('',#318);
#318 = CARTESIAN_POINT('',(0.,52.5,10.));
#319 = LINE('',#320,#321);
#320 = CARTESIAN_POINT('',(-12.5,52.5,10.));
#321 = VECTOR('',#322,1.);
#322 = DIRECTION('',(1.,0.,0.));
#323 = ORIENTED_EDGE('',*,*,#324,.T.);
#324 = EDGE_CURVE('',#317,#325,#327,.T.);
#325 = VERTEX_POINT('',#326);
#326 = CARTESIAN_POINT('',(7.8E-14,59.5,10.));
#327 = LINE('',#328,#329);
#328 = CARTESIAN_POINT('',(0.,52.5,10.));
#329 = VECTOR('',#330,1.);
#330 = DIRECTION('',(0.,1.,0.));
#331 = ORIENTED_EDGE('',*,*,#332,.F.);
#332 = EDGE_CURVE('',#333,#325,#335,.T.);
#333 = VERTEX_POINT('',#334);
#334 = CARTESIAN_POINT('',(7.7E-14,70.5,10.));
#335 = CIRCLE('',#336,5.5);
#336 = AXIS2_PLACEMENT_3D('',#337,#338,#339);
#337 = CARTESIAN_POINT('',(0.,65.,10.));
#338 = DIRECTION('',(0.,0.,1.));
#339 = DIRECTION('',(1.,0.,0.));
#340 = ORIENTED_EDGE('',*,*,#341,.T.);
#341 = EDGE_CURVE('',#333,#32,#342,.T.);
#342 = LINE('',#343,#344);
#343 = CARTESIAN_POINT('',(0.,52.5,10.));
#344 = VECTOR('',#345,1.);
#345 = DIRECTION('',(0.,1.,0.));
#346 = ORIENTED_EDGE('',*,*,#39,.T.);
#347 = ORIENTED_EDGE('',*,*,#289,.T.);
#348 = ORIENTED_EDGE('',*,*,#349,.T.);
#349 = EDGE_CURVE('',#282,#350,#352,.T.);
#350 = VERTEX_POINT('',#351);
#351 = CARTESIAN_POINT('',(-12.5,70.,10.));
#352 = LINE('',#353,#354);
#353 = CARTESIAN_POINT('',(-12.5,77.5,10.));
#354 = VECTOR('',#355,1.);
#355 = DIRECTION('',(0.,-1.,0.));
#356 = ORIENTED_EDGE('',*,*,#357,.F.);
#357 = EDGE_CURVE('',#358,#350,#360,.T.);
#358 = VERTEX_POINT('',#359);
#359 = CARTESIAN_POINT('',(-9.5,70.,10.));
#360 = LINE('',#361,#362);
#361 = CARTESIAN_POINT('',(-9.5,70.,10.));
#362 = VECTOR('',#363,1.);
#363 = DIRECTION('',(-1.,-0.,-0.));
#364 = ORIENTED_EDGE('',*,*,#365,.F.);
#365 = EDGE_CURVE('',#366,#358,#368,.T.);
#366 = VERTEX_POINT('',#367);
#367 = CARTESIAN_POINT('',(-9.5,60.,10.));
#368 = LINE('',#369,#370);
#369 = CARTESIAN_POINT('',(-9.5,60.,10.));
#370 = VECTOR('',#371,1.);
#371 = DIRECTION('',(0.,1.,0.));
#372 = ORIENTED_EDGE('',*,*,#373,.F.);
#373 = EDGE_CURVE('',#374,#366,#376,.T.);
#374 = VERTEX_POINT('',#375);
#375 = CARTESIAN_POINT('',(-12.5,60.,10.));
#376 = LINE('',#377,#378);
#377 = CARTESIAN_POINT('',(-12.5,60.,10.));
#378 = VECTOR('',#379,1.);
#379 = DIRECTION('',(1.,0.,0.));
#380 = ORIENTED_EDGE('',*,*,#381,.T.);
#381 = EDGE_CURVE('',#374,#306,#382,.T.);
#382 = LINE('',#383,#384);
#383 = CARTESIAN_POINT('',(-12.5,77.5,10.));
#384 = VECTOR('',#385,1.);
#385 = DIRECTION('',(0.,-1.,0.));
#386 = FACE_BOUND('',#387,.T.);
#387 = EDGE_LOOP('',(#388));
#388 = ORIENTED_EDGE('',*,*,#389,.T.);
#389 = EDGE_CURVE('',#390,#390,#392,.T.);
#390 = VERTEX_POINT('',#391);
#391 = CARTESIAN_POINT('',(-9.9,57.,10.));
#392 = CIRCLE('',#393,1.9);
#393 = AXIS2_PLACEMENT_3D('',#394,#395,#396);
#394 = CARTESIAN_POINT('',(-8.,57.,10.));
#395 = DIRECTION('',(0.,0.,-1.));
#396 = DIRECTION('',(-1.,-0.,-0.));
#397 = FACE_BOUND('',#398,.T.);
#398 = EDGE_LOOP('',(#399));
#399 = ORIENTED_EDGE('',*,*,#400,.T.);
#400 = EDGE_CURVE('',#401,#401,#403,.T.);
#401 = VERTEX_POINT('',#402);
#402 = CARTESIAN_POINT('',(-9.9,73.,10.));
#403 = CIRCLE('',#404,1.9);
#404 = AXIS2_PLACEMENT_3D('',#405,#406,#407);
#405 = CARTESIAN_POINT('',(-8.,73.,10.));
#406 = DIRECTION('',(0.,0.,-1.));
#407 = DIRECTION('',(-1.,-0.,-0.));
#408 = PLANE('',#409);
#409 = AXIS2_PLACEMENT_3D('',#410,#411,#412);
#410 = CARTESIAN_POINT('',(-6.25,65.,10.));
#411 = DIRECTION('',(0.,-2.1E-16,-1.));
#412 = DIRECTION('',(-0.,-1.,2.1E-16));
#413 = ADVANCED_FACE('',(#414),#439,.T.);
#414 = FACE_BOUND('',#415,.T.);
#415 = EDGE_LOOP('',(#416,#424,#425,#433));
#416 = ORIENTED_EDGE('',*,*,#417,.F.);
#417 = EDGE_CURVE('',#22,#418,#420,.T.);
#418 = VERTEX_POINT('',#419);
#419 = CARTESIAN_POINT('',(9.5,77.5,5.));
#420 = LINE('',#421,#422);
#421 = CARTESIAN_POINT('',(0.,77.5,5.));
#422 = VECTOR('',#423,1.);
#423 = DIRECTION('',(1.,0.,0.));
#424 = ORIENTED_EDGE('',*,*,#31,.T.);
#425 = ORIENTED_EDGE('',*,*,#426,.T.);
#426 = EDGE_CURVE('',#32,#427,#429,.T.);
#427 = VERTEX_POINT('',#428);
#428 = CARTESIAN_POINT('',(9.5,77.5,10.));
#429 = LINE('',#430,#431);
#430 = CARTESIAN_POINT('',(0.,77.5,10.));
#431 = VECTOR('',#432,1.);
#432 = DIRECTION('',(1.,0.,0.));
#433 = ORIENTED_EDGE('',*,*,#434,.F.);
#434 = EDGE_CURVE('',#418,#427,#435,.T.);
#435 = LINE('',#436,#437);
#436 = CARTESIAN_POINT('',(9.5,77.5,5.));
#437 = VECTOR('',#438,1.);
#438 = DIRECTION('',(0.,4.4E-16,1.));
#439 = PLANE('',#440);
#440 = AXIS2_PLACEMENT_3D('',#441,#442,#443);
#441 = CARTESIAN_POINT('',(0.,77.5,5.));
#442 = DIRECTION('',(0.,1.,-4.4E-16));
#443 = DIRECTION('',(1.,0.,0.));
#444 = ADVANCED_FACE('',(#445),#450,.F.);
#445 = FACE_BOUND('',#446,.T.);
#446 = EDGE_LOOP('',(#447,#448,#449));
#447 = ORIENTED_EDGE('',*,*,#274,.F.);
#448 = ORIENTED_EDGE('',*,*,#160,.T.);
#449 = ORIENTED_EDGE('',*,*,#152,.T.);
#450 = PLANE('',#451);
#451 = AXIS2_PLACEMENT_3D('',#452,#453,#454);
#452 = CARTESIAN_POINT('',(-15.,42.5,5.));
#453 = DIRECTION('',(0.,-1.9E-16,-1.));
#454 = DIRECTION('',(-0.,-1.,1.9E-16));
#455 = ADVANCED_FACE('',(#456),#474,.T.);
#456 = FACE_BOUND('',#457,.F.);
#457 = EDGE_LOOP('',(#458,#459,#460,#461,#467,#468));
#458 = ORIENTED_EDGE('',*,*,#144,.F.);
#459 = ORIENTED_EDGE('',*,*,#281,.T.);
#460 = ORIENTED_EDGE('',*,*,#349,.T.);
#461 = ORIENTED_EDGE('',*,*,#462,.T.);
#462 = EDGE_CURVE('',#350,#374,#463,.T.);
#463 = LINE('',#464,#465);
#464 = CARTESIAN_POINT('',(-12.5,70.,10.));
#465 = VECTOR('',#466,1.);
#466 = DIRECTION('',(-0.,-1.,-0.));
#467 = ORIENTED_EDGE('',*,*,#381,.T.);
#468 = ORIENTED_EDGE('',*,*,#469,.F.);
#469 = EDGE_CURVE('',#137,#306,#470,.T.);
#470 = LINE('',#471,#472);
#471 = CARTESIAN_POINT('',(-12.5,55.5,5.));
#472 = VECTOR('',#473,1.);
#473 = DIRECTION('',(0.,4.4E-16,1.));
#474 = PLANE('',#475);
#475 = AXIS2_PLACEMENT_3D('',#476,#477,#478);
#476 = CARTESIAN_POINT('',(-12.5,77.5,5.));
#477 = DIRECTION('',(-1.,0.,0.));
#478 = DIRECTION('',(0.,1.,-4.4E-16));
#479 = ADVANCED_FACE('',(#480),#491,.F.);
#480 = FACE_BOUND('',#481,.T.);
#481 = EDGE_LOOP('',(#482,#489,#490));
#482 = ORIENTED_EDGE('',*,*,#483,.F.);
#483 = EDGE_CURVE('',#137,#121,#484,.T.);
#484 = CIRCLE('',#485,3.);
#485 = AXIS2_PLACEMENT_3D('',#486,#487,#488);
#486 = CARTESIAN_POINT('',(-9.5,55.5,5.));
#487 = DIRECTION('',(-0.,4.4E-16,1.));
#488 = DIRECTION('',(0.,-1.,4.4E-16));
#489 = ORIENTED_EDGE('',*,*,#136,.T.);
#490 = ORIENTED_EDGE('',*,*,#128,.T.);
#491 = PLANE('',#492);
#492 = AXIS2_PLACEMENT_3D('',#493,#494,#495);
#493 = CARTESIAN_POINT('',(-15.,42.5,5.));
#494 = DIRECTION('',(0.,-1.9E-16,-1.));
#495 = DIRECTION('',(-0.,-1.,1.9E-16));
#496 = ADVANCED_FACE('',(#497),#513,.T.);
#497 = FACE_BOUND('',#498,.F.);
#498 = EDGE_LOOP('',(#499,#500,#506,#507));
#499 = ORIENTED_EDGE('',*,*,#120,.F.);
#500 = ORIENTED_EDGE('',*,*,#501,.T.);
#501 = EDGE_CURVE('',#121,#308,#502,.T.);
#502 = LINE('',#503,#504);
#503 = CARTESIAN_POINT('',(-9.5,52.5,5.));
#504 = VECTOR('',#505,1.);
#505 = DIRECTION('',(0.,4.4E-16,1.));
#506 = ORIENTED_EDGE('',*,*,#316,.T.);
#507 = ORIENTED_EDGE('',*,*,#508,.F.);
#508 = EDGE_CURVE('',#113,#317,#509,.T.);
#509 = LINE('',#510,#511);
#510 = CARTESIAN_POINT('',(0.,52.5,5.));
#511 = VECTOR('',#512,1.);
#512 = DIRECTION('',(0.,4.4E-16,1.));
#513 = PLANE('',#514);
#514 = AXIS2_PLACEMENT_3D('',#515,#516,#517);
#515 = CARTESIAN_POINT('',(-12.5,52.5,5.));
#516 = DIRECTION('',(0.,-1.,4.4E-16));
#517 = DIRECTION('',(-1.,0.,0.));
#518 = ADVANCED_FACE('',(#519,#596,#646),#696,.F.);
#519 = FACE_BOUND('',#520,.F.);
#520 = EDGE_LOOP('',(#521,#530,#531,#532,#540,#549,#557,#566,#572,#573,
    #581,#590));
#521 = ORIENTED_EDGE('',*,*,#522,.F.);
#522 = EDGE_CURVE('',#418,#523,#525,.T.);
#523 = VERTEX_POINT('',#524);
#524 = CARTESIAN_POINT('',(12.5,74.5,5.));
#525 = CIRCLE('',#526,3.);
#526 = AXIS2_PLACEMENT_3D('',#527,#528,#529);
#527 = CARTESIAN_POINT('',(9.5,74.5,5.));
#528 = DIRECTION('',(-0.,-4.4E-16,-1.));
#529 = DIRECTION('',(0.,-1.,4.4E-16));
#530 = ORIENTED_EDGE('',*,*,#417,.F.);
#531 = ORIENTED_EDGE('',*,*,#62,.T.);
#532 = ORIENTED_EDGE('',*,*,#533,.T.);
#533 = EDGE_CURVE('',#63,#534,#536,.T.);
#534 = VERTEX_POINT('',#535);
#535 = CARTESIAN_POINT('',(25.,80.,5.));
#536 = LINE('',#537,#538);
#537 = CARTESIAN_POINT('',(0.,80.,5.));
#538 = VECTOR('',#539,1.);
#539 = DIRECTION('',(1.,0.,0.));
#540 = ORIENTED_EDGE('',*,*,#541,.T.);
#541 = EDGE_CURVE('',#534,#542,#544,.T.);
#542 = VERTEX_POINT('',#543);
#543 = CARTESIAN_POINT('',(30.,75.,5.));
#544 = CIRCLE('',#545,5.);
#545 = AXIS2_PLACEMENT_3D('',#546,#547,#548);
#546 = CARTESIAN_POINT('',(30.,80.,5.));
#547 = DIRECTION('',(0.,0.,1.));
#548 = DIRECTION('',(1.,0.,0.));
#549 = ORIENTED_EDGE('',*,*,#550,.T.);
#550 = EDGE_CURVE('',#542,#551,#553,.T.);
#551 = VERTEX_POINT('',#552);
#552 = CARTESIAN_POINT('',(30.,10.,5.));
#553 = LINE('',#554,#555);
#554 = CARTESIAN_POINT('',(30.,80.,5.));
#555 = VECTOR('',#556,1.);
#556 = DIRECTION('',(0.,-1.,0.));
#557 = ORIENTED_EDGE('',*,*,#558,.T.);
#558 = EDGE_CURVE('',#551,#559,#561,.T.);
#559 = VERTEX_POINT('',#560);
#560 = CARTESIAN_POINT('',(25.,5.,5.));
#561 = CIRCLE('',#562,5.);
#562 = AXIS2_PLACEMENT_3D('',#563,#564,#565);
#563 = CARTESIAN_POINT('',(30.,5.,5.));
#564 = DIRECTION('',(0.,0.,1.));
#565 = DIRECTION('',(1.,0.,0.));
#566 = ORIENTED_EDGE('',*,*,#567,.T.);
#567 = EDGE_CURVE('',#559,#105,#568,.T.);
#568 = LINE('',#569,#570);
#569 = CARTESIAN_POINT('',(30.,5.,5.));
#570 = VECTOR('',#571,1.);
#571 = DIRECTION('',(-1.,0.,0.));
#572 = ORIENTED_EDGE('',*,*,#112,.T.);
#573 = ORIENTED_EDGE('',*,*,#574,.F.);
#574 = EDGE_CURVE('',#575,#113,#577,.T.);
#575 = VERTEX_POINT('',#576);
#576 = CARTESIAN_POINT('',(9.5,52.5,5.));
#577 = LINE('',#578,#579);
#578 = CARTESIAN_POINT('',(12.5,52.5,5.));
#579 = VECTOR('',#580,1.);
#580 = DIRECTION('',(-1.,0.,0.));
#581 = ORIENTED_EDGE('',*,*,#582,.F.);
#582 = EDGE_CURVE('',#583,#575,#585,.T.);
#583 = VERTEX_POINT('',#584);
#584 = CARTESIAN_POINT('',(12.5,55.5,5.));
#585 = CIRCLE('',#586,3.);
#586 = AXIS2_PLACEMENT_3D('',#587,#588,#589);
#587 = CARTESIAN_POINT('',(9.5,55.5,5.));
#588 = DIRECTION('',(-0.,-4.4E-16,-1.));
#589 = DIRECTION('',(0.,-1.,4.4E-16));
#590 = ORIENTED_EDGE('',*,*,#591,.F.);
#591 = EDGE_CURVE('',#523,#583,#592,.T.);
#592 = LINE('',#593,#594);
#593 = CARTESIAN_POINT('',(12.5,77.5,5.));
#594 = VECTOR('',#595,1.);
#595 = DIRECTION('',(0.,-1.,0.));
#596 = FACE_BOUND('',#597,.F.);
#597 = EDGE_LOOP('',(#598,#608,#616,#624,#632,#640));
#598 = ORIENTED_EDGE('',*,*,#599,.T.);
#599 = EDGE_CURVE('',#600,#602,#604,.T.);
#600 = VERTEX_POINT('',#601);
#601 = CARTESIAN_POINT('',(12.9,28.32568421935,5.));
#602 = VERTEX_POINT('',#603);
#603 = CARTESIAN_POINT('',(12.9,31.67431578065,5.));
#604 = LINE('',#605,#606);
#605 = CARTESIAN_POINT('',(12.9,28.32568421935,5.));
#606 = VECTOR('',#607,1.);
#607 = DIRECTION('',(-2.12E-15,1.,0.));
#608 = ORIENTED_EDGE('',*,*,#609,.T.);
#609 = EDGE_CURVE('',#602,#610,#612,.T.);
#610 = VERTEX_POINT('',#611);
#611 = CARTESIAN_POINT('',(10.,33.3486315613,5.));
#612 = LINE('',#613,#614);
#613 = CARTESIAN_POINT('',(12.9,31.67431578065,5.));
#614 = VECTOR('',#615,1.);
#615 = DIRECTION('',(-0.866025403784,0.5,0.));
#616 = ORIENTED_EDGE('',*,*,#617,.T.);
#617 = EDGE_CURVE('',#610,#618,#620,.T.);
#618 = VERTEX_POINT('',#619);
#619 = CARTESIAN_POINT('',(7.1,31.67431578065,5.));
#620 = LINE('',#621,#622);
#621 = CARTESIAN_POINT('',(10.,33.3486315613,5.));
#622 = VECTOR('',#623,1.);
#623 = DIRECTION('',(-0.866025403784,-0.5,0.));
#624 = ORIENTED_EDGE('',*,*,#625,.T.);
#625 = EDGE_CURVE('',#618,#626,#628,.T.);
#626 = VERTEX_POINT('',#627);
#627 = CARTESIAN_POINT('',(7.1,28.32568421935,5.));
#628 = LINE('',#629,#630);
#629 = CARTESIAN_POINT('',(7.1,31.67431578065,5.));
#630 = VECTOR('',#631,1.);
#631 = DIRECTION('',(0.,-1.,0.));
#632 = ORIENTED_EDGE('',*,*,#633,.T.);
#633 = EDGE_CURVE('',#626,#634,#636,.T.);
#634 = VERTEX_POINT('',#635);
#635 = CARTESIAN_POINT('',(10.,26.6513684387,5.));
#636 = LINE('',#637,#638);
#637 = CARTESIAN_POINT('',(7.1,28.32568421935,5.));
#638 = VECTOR('',#639,1.);
#639 = DIRECTION('',(0.866025403784,-0.5,0.));
#640 = ORIENTED_EDGE('',*,*,#641,.T.);
#641 = EDGE_CURVE('',#634,#600,#642,.T.);
#642 = LINE('',#643,#644);
#643 = CARTESIAN_POINT('',(10.,26.6513684387,5.));
#644 = VECTOR('',#645,1.);
#645 = DIRECTION('',(0.866025403784,0.5,0.));
#646 = FACE_BOUND('',#647,.F.);
#647 = EDGE_LOOP('',(#648,#658,#666,#674,#682,#690));
#648 = ORIENTED_EDGE('',*,*,#649,.T.);
#649 = EDGE_CURVE('',#650,#652,#654,.T.);
#650 = VERTEX_POINT('',#651);
#651 = CARTESIAN_POINT('',(12.9,38.32568421935,5.));
#652 = VERTEX_POINT('',#653);
#653 = CARTESIAN_POINT('',(12.9,41.67431578065,5.));
#654 = LINE('',#655,#656);
#655 = CARTESIAN_POINT('',(12.9,38.32568421935,5.));
#656 = VECTOR('',#657,1.);
#657 = DIRECTION('',(-2.12E-15,1.,0.));
#658 = ORIENTED_EDGE('',*,*,#659,.T.);
#659 = EDGE_CURVE('',#652,#660,#662,.T.);
#660 = VERTEX_POINT('',#661);
#661 = CARTESIAN_POINT('',(10.,43.3486315613,5.));
#662 = LINE('',#663,#664);
#663 = CARTESIAN_POINT('',(12.9,41.67431578065,5.));
#664 = VECTOR('',#665,1.);
#665 = DIRECTION('',(-0.866025403784,0.5,0.));
#666 = ORIENTED_EDGE('',*,*,#667,.T.);
#667 = EDGE_CURVE('',#660,#668,#670,.T.);
#668 = VERTEX_POINT('',#669);
#669 = CARTESIAN_POINT('',(7.1,41.67431578065,5.));
#670 = LINE('',#671,#672);
#671 = CARTESIAN_POINT('',(10.,43.3486315613,5.));
#672 = VECTOR('',#673,1.);
#673 = DIRECTION('',(-0.866025403784,-0.5,0.));
#674 = ORIENTED_EDGE('',*,*,#675,.T.);
#675 = EDGE_CURVE('',#668,#676,#678,.T.);
#676 = VERTEX_POINT('',#677);
#677 = CARTESIAN_POINT('',(7.1,38.32568421935,5.));
#678 = LINE('',#679,#680);
#679 = CARTESIAN_POINT('',(7.1,41.67431578065,5.));
#680 = VECTOR('',#681,1.);
#681 = DIRECTION('',(0.,-1.,0.));
#682 = ORIENTED_EDGE('',*,*,#683,.T.);
#683 = EDGE_CURVE('',#676,#684,#686,.T.);
#684 = VERTEX_POINT('',#685);
#685 = CARTESIAN_POINT('',(10.,36.6513684387,5.));
#686 = LINE('',#687,#688);
#687 = CARTESIAN_POINT('',(7.1,38.32568421935,5.));
#688 = VECTOR('',#689,1.);
#689 = DIRECTION('',(0.866025403784,-0.5,0.));
#690 = ORIENTED_EDGE('',*,*,#691,.T.);
#691 = EDGE_CURVE('',#684,#650,#692,.T.);
#692 = LINE('',#693,#694);
#693 = CARTESIAN_POINT('',(10.,36.6513684387,5.));
#694 = VECTOR('',#695,1.);
#695 = DIRECTION('',(0.866025403784,0.5,0.));
#696 = PLANE('',#697);
#697 = AXIS2_PLACEMENT_3D('',#698,#699,#700);
#698 = CARTESIAN_POINT('',(15.,42.5,5.));
#699 = DIRECTION('',(0.,-1.9E-16,-1.));
#700 = DIRECTION('',(0.,1.,-1.9E-16));
#701 = ADVANCED_FACE('',(#702),#727,.T.);
#702 = FACE_BOUND('',#703,.F.);
#703 = EDGE_LOOP('',(#704,#712,#720,#726));
#704 = ORIENTED_EDGE('',*,*,#705,.F.);
#705 = EDGE_CURVE('',#706,#105,#708,.T.);
#706 = VERTEX_POINT('',#707);
#707 = CARTESIAN_POINT('',(0.,5.,12.5));
#708 = LINE('',#709,#710);
#709 = CARTESIAN_POINT('',(0.,5.,55.));
#710 = VECTOR('',#711,1.);
#711 = DIRECTION('',(0.,-4.4E-16,-1.));
#712 = ORIENTED_EDGE('',*,*,#713,.T.);
#713 = EDGE_CURVE('',#706,#714,#716,.T.);
#714 = VERTEX_POINT('',#715);
#715 = CARTESIAN_POINT('',(-25.,5.,12.5));
#716 = LINE('',#717,#718);
#717 = CARTESIAN_POINT('',(-23.75,5.,12.5));
#718 = VECTOR('',#719,1.);
#719 = DIRECTION('',(-1.,0.,0.));
#720 = ORIENTED_EDGE('',*,*,#721,.T.);
#721 = EDGE_CURVE('',#714,#96,#722,.T.);
#722 = LINE('',#723,#724);
#723 = CARTESIAN_POINT('',(-25.,5.,5.));
#724 = VECTOR('',#725,1.);
#725 = DIRECTION('',(-0.,-4.4E-16,-1.));
#726 = ORIENTED_EDGE('',*,*,#104,.T.);
#727 = PLANE('',#728);
#728 = AXIS2_PLACEMENT_3D('',#729,#730,#731);
#729 = CARTESIAN_POINT('',(-30.,5.,55.));
#730 = DIRECTION('',(0.,1.,-4.4E-16));
#731 = DIRECTION('',(-1.,0.,0.));
#732 = ADVANCED_FACE('',(#733),#752,.T.);
#733 = FACE_BOUND('',#734,.T.);
#734 = EDGE_LOOP('',(#735,#736,#744,#751));
#735 = ORIENTED_EDGE('',*,*,#95,.F.);
#736 = ORIENTED_EDGE('',*,*,#737,.F.);
#737 = EDGE_CURVE('',#738,#88,#740,.T.);
#738 = VERTEX_POINT('',#739);
#739 = CARTESIAN_POINT('',(-30.,10.,12.5));
#740 = LINE('',#741,#742);
#741 = CARTESIAN_POINT('',(-30.,10.,5.));
#742 = VECTOR('',#743,1.);
#743 = DIRECTION('',(-0.,-4.4E-16,-1.));
#744 = ORIENTED_EDGE('',*,*,#745,.T.);
#745 = EDGE_CURVE('',#738,#714,#746,.T.);
#746 = CIRCLE('',#747,5.);
#747 = AXIS2_PLACEMENT_3D('',#748,#749,#750);
#748 = CARTESIAN_POINT('',(-30.,5.,12.5));
#749 = DIRECTION('',(0.,0.,-1.));
#750 = DIRECTION('',(-1.,0.,0.));
#751 = ORIENTED_EDGE('',*,*,#721,.T.);
#752 = CYLINDRICAL_SURFACE('',#753,5.);
#753 = AXIS2_PLACEMENT_3D('',#754,#755,#756);
#754 = CARTESIAN_POINT('',(-30.,5.,5.));
#755 = DIRECTION('',(-0.,-4.4E-16,-1.));
#756 = DIRECTION('',(-1.,0.,0.));
#757 = ADVANCED_FACE('',(#758),#776,.T.);
#758 = FACE_BOUND('',#759,.F.);
#759 = EDGE_LOOP('',(#760,#761,#769,#775));
#760 = ORIENTED_EDGE('',*,*,#737,.F.);
#761 = ORIENTED_EDGE('',*,*,#762,.T.);
#762 = EDGE_CURVE('',#738,#763,#765,.T.);
#763 = VERTEX_POINT('',#764);
#764 = CARTESIAN_POINT('',(-30.,75.,12.5));
#765 = LINE('',#766,#767);
#766 = CARTESIAN_POINT('',(-30.,61.25,12.5));
#767 = VECTOR('',#768,1.);
#768 = DIRECTION('',(0.,1.,-4.7E-16));
#769 = ORIENTED_EDGE('',*,*,#770,.T.);
#770 = EDGE_CURVE('',#763,#79,#771,.T.);
#771 = LINE('',#772,#773);
#772 = CARTESIAN_POINT('',(-30.,75.,5.));
#773 = VECTOR('',#774,1.);
#774 = DIRECTION('',(-0.,-4.4E-16,-1.));
#775 = ORIENTED_EDGE('',*,*,#87,.T.);
#776 = PLANE('',#777);
#777 = AXIS2_PLACEMENT_3D('',#778,#779,#780);
#778 = CARTESIAN_POINT('',(-30.,80.,55.));
#779 = DIRECTION('',(1.,0.,0.));
#780 = DIRECTION('',(0.,1.,-4.4E-16));
#781 = ADVANCED_FACE('',(#782),#801,.T.);
#782 = FACE_BOUND('',#783,.T.);
#783 = EDGE_LOOP('',(#784,#785,#786,#794));
#784 = ORIENTED_EDGE('',*,*,#770,.T.);
#785 = ORIENTED_EDGE('',*,*,#78,.F.);
#786 = ORIENTED_EDGE('',*,*,#787,.F.);
#787 = EDGE_CURVE('',#788,#71,#790,.T.);
#788 = VERTEX_POINT('',#789);
#789 = CARTESIAN_POINT('',(-25.,80.,12.5));
#790 = LINE('',#791,#792);
#791 = CARTESIAN_POINT('',(-25.,80.,5.));
#792 = VECTOR('',#793,1.);
#793 = DIRECTION('',(-0.,-4.4E-16,-1.));
#794 = ORIENTED_EDGE('',*,*,#795,.T.);
#795 = EDGE_CURVE('',#788,#763,#796,.T.);
#796 = CIRCLE('',#797,5.);
#797 = AXIS2_PLACEMENT_3D('',#798,#799,#800);
#798 = CARTESIAN_POINT('',(-30.,80.,12.5));
#799 = DIRECTION('',(0.,0.,-1.));
#800 = DIRECTION('',(-1.,0.,0.));
#801 = CYLINDRICAL_SURFACE('',#802,5.);
#802 = AXIS2_PLACEMENT_3D('',#803,#804,#805);
#803 = CARTESIAN_POINT('',(-30.,80.,5.));
#804 = DIRECTION('',(-0.,-4.4E-16,-1.));
#805 = DIRECTION('',(-1.,0.,0.));
#806 = ADVANCED_FACE('',(#807),#825,.T.);
#807 = FACE_BOUND('',#808,.F.);
#808 = EDGE_LOOP('',(#809,#810,#818,#824));
#809 = ORIENTED_EDGE('',*,*,#787,.F.);
#810 = ORIENTED_EDGE('',*,*,#811,.T.);
#811 = EDGE_CURVE('',#788,#812,#814,.T.);
#812 = VERTEX_POINT('',#813);
#813 = CARTESIAN_POINT('',(0.,80.,12.5));
#814 = LINE('',#815,#816);
#815 = CARTESIAN_POINT('',(-8.75,80.,12.5));
#816 = VECTOR('',#817,1.);
#817 = DIRECTION('',(1.,0.,0.));
#818 = ORIENTED_EDGE('',*,*,#819,.T.);
#819 = EDGE_CURVE('',#812,#63,#820,.T.);
#820 = LINE('',#821,#822);
#821 = CARTESIAN_POINT('',(0.,80.,55.));
#822 = VECTOR('',#823,1.);
#823 = DIRECTION('',(0.,-4.4E-16,-1.));
#824 = ORIENTED_EDGE('',*,*,#70,.T.);
#825 = PLANE('',#826);
#826 = AXIS2_PLACEMENT_3D('',#827,#828,#829);
#827 = CARTESIAN_POINT('',(0.,80.,55.));
#828 = DIRECTION('',(0.,-1.,4.4E-16));
#829 = DIRECTION('',(1.,0.,0.));
#830 = ADVANCED_FACE('',(#831),#856,.F.);
#831 = FACE_BOUND('',#832,.T.);
#832 = EDGE_LOOP('',(#833,#841,#849,#855));
#833 = ORIENTED_EDGE('',*,*,#834,.T.);
#834 = EDGE_CURVE('',#169,#835,#837,.T.);
#835 = VERTEX_POINT('',#836);
#836 = CARTESIAN_POINT('',(-12.9,28.32568421935,2.2));
#837 = LINE('',#838,#839);
#838 = CARTESIAN_POINT('',(-12.9,28.32568421935,5.));
#839 = VECTOR('',#840,1.);
#840 = DIRECTION('',(-0.,-4.4E-16,-1.));
#841 = ORIENTED_EDGE('',*,*,#842,.T.);
#842 = EDGE_CURVE('',#835,#843,#845,.T.);
#843 = VERTEX_POINT('',#844);
#844 = CARTESIAN_POINT('',(-12.9,31.67431578065,2.2));
#845 = LINE('',#846,#847);
#846 = CARTESIAN_POINT('',(-12.9,28.32568421935,2.2));
#847 = VECTOR('',#848,1.);
#848 = DIRECTION('',(2.12E-15,1.,0.));
#849 = ORIENTED_EDGE('',*,*,#850,.F.);
#850 = EDGE_CURVE('',#171,#843,#851,.T.);
#851 = LINE('',#852,#853);
#852 = CARTESIAN_POINT('',(-12.9,31.67431578065,5.));
#853 = VECTOR('',#854,1.);
#854 = DIRECTION('',(-0.,-4.4E-16,-1.));
#855 = ORIENTED_EDGE('',*,*,#168,.F.);
#856 = PLANE('',#857);
#857 = AXIS2_PLACEMENT_3D('',#858,#859,#860);
#858 = CARTESIAN_POINT('',(-12.9,28.32568421935,5.));
#859 = DIRECTION('',(-1.,2.12E-15,0.));
#860 = DIRECTION('',(-2.12E-15,-1.,4.4E-16));
#861 = ADVANCED_FACE('',(#862),#880,.F.);
#862 = FACE_BOUND('',#863,.T.);
#863 = EDGE_LOOP('',(#864,#872,#878,#879));
#864 = ORIENTED_EDGE('',*,*,#865,.T.);
#865 = EDGE_CURVE('',#203,#866,#868,.T.);
#866 = VERTEX_POINT('',#867);
#867 = CARTESIAN_POINT('',(-10.,26.6513684387,2.2));
#868 = LINE('',#869,#870);
#869 = CARTESIAN_POINT('',(-10.,26.6513684387,5.));
#870 = VECTOR('',#871,1.);
#871 = DIRECTION('',(-0.,-4.4E-16,-1.));
#872 = ORIENTED_EDGE('',*,*,#873,.T.);
#873 = EDGE_CURVE('',#866,#835,#874,.T.);
#874 = LINE('',#875,#876);
#875 = CARTESIAN_POINT('',(-10.,26.6513684387,2.2));
#876 = VECTOR('',#877,1.);
#877 = DIRECTION('',(-0.866025403784,0.5,0.));
#878 = ORIENTED_EDGE('',*,*,#834,.F.);
#879 = ORIENTED_EDGE('',*,*,#210,.F.);
#880 = PLANE('',#881);
#881 = AXIS2_PLACEMENT_3D('',#882,#883,#884);
#882 = CARTESIAN_POINT('',(-10.,26.6513684387,5.));
#883 = DIRECTION('',(-0.5,-0.866025403784,3.8E-16));
#884 = DIRECTION('',(0.866025403784,-0.5,2.2E-16));
#885 = ADVANCED_FACE('',(#886),#904,.F.);
#886 = FACE_BOUND('',#887,.T.);
#887 = EDGE_LOOP('',(#888,#889,#897,#903));
#888 = ORIENTED_EDGE('',*,*,#850,.T.);
#889 = ORIENTED_EDGE('',*,*,#890,.T.);
#890 = EDGE_CURVE('',#843,#891,#893,.T.);
#891 = VERTEX_POINT('',#892);
#892 = CARTESIAN_POINT('',(-10.,33.3486315613,2.2));
#893 = LINE('',#894,#895);
#894 = CARTESIAN_POINT('',(-12.9,31.67431578065,2.2));
#895 = VECTOR('',#896,1.);
#896 = DIRECTION('',(0.866025403784,0.5,0.));
#897 = ORIENTED_EDGE('',*,*,#898,.F.);
#898 = EDGE_CURVE('',#179,#891,#899,.T.);
#899 = LINE('',#900,#901);
#900 = CARTESIAN_POINT('',(-10.,33.3486315613,5.));
#901 = VECTOR('',#902,1.);
#902 = DIRECTION('',(-0.,-4.4E-16,-1.));
#903 = ORIENTED_EDGE('',*,*,#178,.F.);
#904 = PLANE('',#905);
#905 = AXIS2_PLACEMENT_3D('',#906,#907,#908);
#906 = CARTESIAN_POINT('',(-12.9,31.67431578065,5.));
#907 = DIRECTION('',(-0.5,0.866025403784,-3.8E-16));
#908 = DIRECTION('',(-0.866025403784,-0.5,2.2E-16));
#909 = ADVANCED_FACE('',(#910),#928,.F.);
#910 = FACE_BOUND('',#911,.T.);
#911 = EDGE_LOOP('',(#912,#920,#926,#927));
#912 = ORIENTED_EDGE('',*,*,#913,.T.);
#913 = EDGE_CURVE('',#195,#914,#916,.T.);
#914 = VERTEX_POINT('',#915);
#915 = CARTESIAN_POINT('',(-7.1,28.32568421935,2.2));
#916 = LINE('',#917,#918);
#917 = CARTESIAN_POINT('',(-7.1,28.32568421935,5.));
#918 = VECTOR('',#919,1.);
#919 = DIRECTION('',(-0.,-4.4E-16,-1.));
#920 = ORIENTED_EDGE('',*,*,#921,.T.);
#921 = EDGE_CURVE('',#914,#866,#922,.T.);
#922 = LINE('',#923,#924);
#923 = CARTESIAN_POINT('',(-7.1,28.32568421935,2.2));
#924 = VECTOR('',#925,1.);
#925 = DIRECTION('',(-0.866025403784,-0.5,0.));
#926 = ORIENTED_EDGE('',*,*,#865,.F.);
#927 = ORIENTED_EDGE('',*,*,#202,.F.);
#928 = PLANE('',#929);
#929 = AXIS2_PLACEMENT_3D('',#930,#931,#932);
#930 = CARTESIAN_POINT('',(-7.1,28.32568421935,5.));
#931 = DIRECTION('',(0.5,-0.866025403784,3.8E-16));
#932 = DIRECTION('',(0.866025403784,0.5,-2.2E-16));
#933 = ADVANCED_FACE('',(#934),#952,.F.);
#934 = FACE_BOUND('',#935,.T.);
#935 = EDGE_LOOP('',(#936,#937,#945,#951));
#936 = ORIENTED_EDGE('',*,*,#898,.T.);
#937 = ORIENTED_EDGE('',*,*,#938,.T.);
#938 = EDGE_CURVE('',#891,#939,#941,.T.);
#939 = VERTEX_POINT('',#940);
#940 = CARTESIAN_POINT('',(-7.1,31.67431578065,2.2));
#941 = LINE('',#942,#943);
#942 = CARTESIAN_POINT('',(-10.,33.3486315613,2.2));
#943 = VECTOR('',#944,1.);
#944 = DIRECTION('',(0.866025403784,-0.5,0.));
#945 = ORIENTED_EDGE('',*,*,#946,.F.);
#946 = EDGE_CURVE('',#187,#939,#947,.T.);
#947 = LINE('',#948,#949);
#948 = CARTESIAN_POINT('',(-7.1,31.67431578065,5.));
#949 = VECTOR('',#950,1.);
#950 = DIRECTION('',(-0.,-4.4E-16,-1.));
#951 = ORIENTED_EDGE('',*,*,#186,.F.);
#952 = PLANE('',#953);
#953 = AXIS2_PLACEMENT_3D('',#954,#955,#956);
#954 = CARTESIAN_POINT('',(-10.,33.3486315613,5.));
#955 = DIRECTION('',(0.5,0.866025403784,-3.8E-16));
#956 = DIRECTION('',(-0.866025403784,0.5,-2.2E-16));
#957 = ADVANCED_FACE('',(#958),#969,.F.);
#958 = FACE_BOUND('',#959,.T.);
#959 = EDGE_LOOP('',(#960,#961,#967,#968));
#960 = ORIENTED_EDGE('',*,*,#946,.T.);
#961 = ORIENTED_EDGE('',*,*,#962,.T.);
#962 = EDGE_CURVE('',#939,#914,#963,.T.);
#963 = LINE('',#964,#965);
#964 = CARTESIAN_POINT('',(-7.1,31.67431578065,2.2));
#965 = VECTOR('',#966,1.);
#966 = DIRECTION('',(0.,-1.,0.));
#967 = ORIENTED_EDGE('',*,*,#913,.F.);
#968 = ORIENTED_EDGE('',*,*,#194,.F.);
#969 = PLANE('',#970);
#970 = AXIS2_PLACEMENT_3D('',#971,#972,#973);
#971 = CARTESIAN_POINT('',(-7.1,31.67431578065,5.));
#972 = DIRECTION('',(1.,0.,0.));
#973 = DIRECTION('',(0.,1.,-4.4E-16));
#974 = ADVANCED_FACE('',(#975),#1000,.F.);
#975 = FACE_BOUND('',#976,.T.);
#976 = EDGE_LOOP('',(#977,#985,#993,#999));
#977 = ORIENTED_EDGE('',*,*,#978,.T.);
#978 = EDGE_CURVE('',#219,#979,#981,.T.);
#979 = VERTEX_POINT('',#980);
#980 = CARTESIAN_POINT('',(-12.9,38.32568421935,2.2));
#981 = LINE('',#982,#983);
#982 = CARTESIAN_POINT('',(-12.9,38.32568421935,5.));
#983 = VECTOR('',#984,1.);
#984 = DIRECTION('',(-0.,-4.4E-16,-1.));
#985 = ORIENTED_EDGE('',*,*,#986,.T.);
#986 = EDGE_CURVE('',#979,#987,#989,.T.);
#987 = VERTEX_POINT('',#988);
#988 = CARTESIAN_POINT('',(-12.9,41.67431578065,2.2));
#989 = LINE('',#990,#991);
#990 = CARTESIAN_POINT('',(-12.9,38.32568421935,2.2));
#991 = VECTOR('',#992,1.);
#992 = DIRECTION('',(2.12E-15,1.,0.));
#993 = ORIENTED_EDGE('',*,*,#994,.F.);
#994 = EDGE_CURVE('',#221,#987,#995,.T.);
#995 = LINE('',#996,#997);
#996 = CARTESIAN_POINT('',(-12.9,41.67431578065,5.));
#997 = VECTOR('',#998,1.);
#998 = DIRECTION('',(-0.,-4.4E-16,-1.));
#999 = ORIENTED_EDGE('',*,*,#218,.F.);
#1000 = PLANE('',#1001);
#1001 = AXIS2_PLACEMENT_3D('',#1002,#1003,#1004);
#1002 = CARTESIAN_POINT('',(-12.9,38.32568421935,5.));
#1003 = DIRECTION('',(-1.,2.12E-15,0.));
#1004 = DIRECTION('',(-2.12E-15,-1.,4.4E-16));
#1005 = ADVANCED_FACE('',(#1006),#1024,.F.);
#1006 = FACE_BOUND('',#1007,.T.);
#1007 = EDGE_LOOP('',(#1008,#1016,#1022,#1023));
#1008 = ORIENTED_EDGE('',*,*,#1009,.T.);
#1009 = EDGE_CURVE('',#253,#1010,#1012,.T.);
#1010 = VERTEX_POINT('',#1011);
#1011 = CARTESIAN_POINT('',(-10.,36.6513684387,2.2));
#1012 = LINE('',#1013,#1014);
#1013 = CARTESIAN_POINT('',(-10.,36.6513684387,5.));
#1014 = VECTOR('',#1015,1.);
#1015 = DIRECTION('',(-0.,-4.4E-16,-1.));
#1016 = ORIENTED_EDGE('',*,*,#1017,.T.);
#1017 = EDGE_CURVE('',#1010,#979,#1018,.T.);
#1018 = LINE('',#1019,#1020);
#1019 = CARTESIAN_POINT('',(-10.,36.6513684387,2.2));
#1020 = VECTOR('',#1021,1.);
#1021 = DIRECTION('',(-0.866025403784,0.5,0.));
#1022 = ORIENTED_EDGE('',*,*,#978,.F.);
#1023 = ORIENTED_EDGE('',*,*,#260,.F.);
#1024 = PLANE('',#1025);
#1025 = AXIS2_PLACEMENT_3D('',#1026,#1027,#1028);
#1026 = CARTESIAN_POINT('',(-10.,36.6513684387,5.));
#1027 = DIRECTION('',(-0.5,-0.866025403784,3.8E-16));
#1028 = DIRECTION('',(0.866025403784,-0.5,2.2E-16));
#1029 = ADVANCED_FACE('',(#1030),#1048,.F.);
#1030 = FACE_BOUND('',#1031,.T.);
#1031 = EDGE_LOOP('',(#1032,#1033,#1041,#1047));
#1032 = ORIENTED_EDGE('',*,*,#994,.T.);
#1033 = ORIENTED_EDGE('',*,*,#1034,.T.);
#1034 = EDGE_CURVE('',#987,#1035,#1037,.T.);
#1035 = VERTEX_POINT('',#1036);
#1036 = CARTESIAN_POINT('',(-10.,43.3486315613,2.2));
#1037 = LINE('',#1038,#1039);
#1038 = CARTESIAN_POINT('',(-12.9,41.67431578065,2.2));
#1039 = VECTOR('',#1040,1.);
#1040 = DIRECTION('',(0.866025403784,0.5,0.));
#1041 = ORIENTED_EDGE('',*,*,#1042,.F.);
#1042 = EDGE_CURVE('',#229,#1035,#1043,.T.);
#1043 = LINE('',#1044,#1045);
#1044 = CARTESIAN_POINT('',(-10.,43.3486315613,5.));
#1045 = VECTOR('',#1046,1.);
#1046 = DIRECTION('',(-0.,-4.4E-16,-1.));
#1047 = ORIENTED_EDGE('',*,*,#228,.F.);
#1048 = PLANE('',#1049);
#1049 = AXIS2_PLACEMENT_3D('',#1050,#1051,#1052);
#1050 = CARTESIAN_POINT('',(-12.9,41.67431578065,5.));
#1051 = DIRECTION('',(-0.5,0.866025403784,-3.8E-16));
#1052 = DIRECTION('',(-0.866025403784,-0.5,2.2E-16));
#1053 = ADVANCED_FACE('',(#1054),#1072,.F.);
#1054 = FACE_BOUND('',#1055,.T.);
#1055 = EDGE_LOOP('',(#1056,#1064,#1070,#1071));
#1056 = ORIENTED_EDGE('',*,*,#1057,.T.);
#1057 = EDGE_CURVE('',#245,#1058,#1060,.T.);
#1058 = VERTEX_POINT('',#1059);
#1059 = CARTESIAN_POINT('',(-7.1,38.32568421935,2.2));
#1060 = LINE('',#1061,#1062);
#1061 = CARTESIAN_POINT('',(-7.1,38.32568421935,5.));
#1062 = VECTOR('',#1063,1.);
#1063 = DIRECTION('',(-0.,-4.4E-16,-1.));
#1064 = ORIENTED_EDGE('',*,*,#1065,.T.);
#1065 = EDGE_CURVE('',#1058,#1010,#1066,.T.);
#1066 = LINE('',#1067,#1068);
#1067 = CARTESIAN_POINT('',(-7.1,38.32568421935,2.2));
#1068 = VECTOR('',#1069,1.);
#1069 = DIRECTION('',(-0.866025403784,-0.5,0.));
#1070 = ORIENTED_EDGE('',*,*,#1009,.F.);
#1071 = ORIENTED_EDGE('',*,*,#252,.F.);
#1072 = PLANE('',#1073);
#1073 = AXIS2_PLACEMENT_3D('',#1074,#1075,#1076);
#1074 = CARTESIAN_POINT('',(-7.1,38.32568421935,5.));
#1075 = DIRECTION('',(0.5,-0.866025403784,3.8E-16));
#1076 = DIRECTION('',(0.866025403784,0.5,-2.2E-16));
#1077 = ADVANCED_FACE('',(#1078),#1096,.F.);
#1078 = FACE_BOUND('',#1079,.T.);
#1079 = EDGE_LOOP('',(#1080,#1081,#1089,#1095));
#1080 = ORIENTED_EDGE('',*,*,#1042,.T.);
#1081 = ORIENTED_EDGE('',*,*,#1082,.T.);
#1082 = EDGE_CURVE('',#1035,#1083,#1085,.T.);
#1083 = VERTEX_POINT('',#1084);
#1084 = CARTESIAN_POINT('',(-7.1,41.67431578065,2.2));
#1085 = LINE('',#1086,#1087);
#1086 = CARTESIAN_POINT('',(-10.,43.3486315613,2.2));
#1087 = VECTOR('',#1088,1.);
#1088 = DIRECTION('',(0.866025403784,-0.5,0.));
#1089 = ORIENTED_EDGE('',*,*,#1090,.F.);
#1090 = EDGE_CURVE('',#237,#1083,#1091,.T.);
#1091 = LINE('',#1092,#1093);
#1092 = CARTESIAN_POINT('',(-7.1,41.67431578065,5.));
#1093 = VECTOR('',#1094,1.);
#1094 = DIRECTION('',(-0.,-4.4E-16,-1.));
#1095 = ORIENTED_EDGE('',*,*,#236,.F.);
#1096 = PLANE('',#1097);
#1097 = AXIS2_PLACEMENT_3D('',#1098,#1099,#1100);
#1098 = CARTESIAN_POINT('',(-10.,43.3486315613,5.));
#1099 = DIRECTION('',(0.5,0.866025403784,-3.8E-16));
#1100 = DIRECTION('',(-0.866025403784,0.5,-2.2E-16));
#1101 = ADVANCED_FACE('',(#1102),#1113,.F.);
#1102 = FACE_BOUND('',#1103,.T.);
#1103 = EDGE_LOOP('',(#1104,#1105,#1111,#1112));
#1104 = ORIENTED_EDGE('',*,*,#1090,.T.);
#1105 = ORIENTED_EDGE('',*,*,#1106,.T.);
#1106 = EDGE_CURVE('',#1083,#1058,#1107,.T.);
#1107 = LINE('',#1108,#1109);
#1108 = CARTESIAN_POINT('',(-7.1,41.67431578065,2.2));
#1109 = VECTOR('',#1110,1.);
#1110 = DIRECTION('',(0.,-1.,0.));
#1111 = ORIENTED_EDGE('',*,*,#1057,.F.);
#1112 = ORIENTED_EDGE('',*,*,#244,.F.);
#1113 = PLANE('',#1114);
#1114 = AXIS2_PLACEMENT_3D('',#1115,#1116,#1117);
#1115 = CARTESIAN_POINT('',(-7.1,41.67431578065,5.));
#1116 = DIRECTION('',(1.,0.,0.));
#1117 = DIRECTION('',(0.,1.,-4.4E-16));
#1118 = ADVANCED_FACE('',(#1119),#1125,.T.);
#1119 = FACE_BOUND('',#1120,.T.);
#1120 = EDGE_LOOP('',(#1121,#1122,#1123,#1124));
#1121 = ORIENTED_EDGE('',*,*,#483,.T.);
#1122 = ORIENTED_EDGE('',*,*,#501,.T.);
#1123 = ORIENTED_EDGE('',*,*,#305,.F.);
#1124 = ORIENTED_EDGE('',*,*,#469,.F.);
#1125 = CYLINDRICAL_SURFACE('',#1126,3.);
#1126 = AXIS2_PLACEMENT_3D('',#1127,#1128,#1129);
#1127 = CARTESIAN_POINT('',(-9.5,55.5,5.));
#1128 = DIRECTION('',(0.,4.4E-16,1.));
#1129 = DIRECTION('',(-1.,0.,0.));
#1130 = ADVANCED_FACE('',(#1131),#1156,.T.);
#1131 = FACE_BOUND('',#1132,.F.);
#1132 = EDGE_LOOP('',(#1133,#1141,#1149,#1155));
#1133 = ORIENTED_EDGE('',*,*,#1134,.T.);
#1134 = EDGE_CURVE('',#374,#1135,#1137,.T.);
#1135 = VERTEX_POINT('',#1136);
#1136 = CARTESIAN_POINT('',(-12.5,60.,12.5));
#1137 = LINE('',#1138,#1139);
#1138 = CARTESIAN_POINT('',(-12.5,60.,10.));
#1139 = VECTOR('',#1140,1.);
#1140 = DIRECTION('',(0.,4.4E-16,1.));
#1141 = ORIENTED_EDGE('',*,*,#1142,.T.);
#1142 = EDGE_CURVE('',#1135,#1143,#1145,.T.);
#1143 = VERTEX_POINT('',#1144);
#1144 = CARTESIAN_POINT('',(-9.5,60.,12.5));
#1145 = LINE('',#1146,#1147);
#1146 = CARTESIAN_POINT('',(-12.5,60.,12.5));
#1147 = VECTOR('',#1148,1.);
#1148 = DIRECTION('',(1.,0.,0.));
#1149 = ORIENTED_EDGE('',*,*,#1150,.F.);
#1150 = EDGE_CURVE('',#366,#1143,#1151,.T.);
#1151 = LINE('',#1152,#1153);
#1152 = CARTESIAN_POINT('',(-9.5,60.,10.));
#1153 = VECTOR('',#1154,1.);
#1154 = DIRECTION('',(0.,4.4E-16,1.));
#1155 = ORIENTED_EDGE('',*,*,#373,.F.);
#1156 = PLANE('',#1157);
#1157 = AXIS2_PLACEMENT_3D('',#1158,#1159,#1160);
#1158 = CARTESIAN_POINT('',(-12.5,60.,10.));
#1159 = DIRECTION('',(0.,-1.,4.4E-16));
#1160 = DIRECTION('',(-1.,0.,0.));
#1161 = ADVANCED_FACE('',(#1162),#1180,.T.);
#1162 = FACE_BOUND('',#1163,.F.);
#1163 = EDGE_LOOP('',(#1164,#1165,#1173,#1179));
#1164 = ORIENTED_EDGE('',*,*,#1150,.T.);
#1165 = ORIENTED_EDGE('',*,*,#1166,.T.);
#1166 = EDGE_CURVE('',#1143,#1167,#1169,.T.);
#1167 = VERTEX_POINT('',#1168);
#1168 = CARTESIAN_POINT('',(-9.5,70.,12.5));
#1169 = LINE('',#1170,#1171);
#1170 = CARTESIAN_POINT('',(-9.5,60.,12.5));
#1171 = VECTOR('',#1172,1.);
#1172 = DIRECTION('',(0.,1.,0.));
#1173 = ORIENTED_EDGE('',*,*,#1174,.F.);
#1174 = EDGE_CURVE('',#358,#1167,#1175,.T.);
#1175 = LINE('',#1176,#1177);
#1176 = CARTESIAN_POINT('',(-9.5,70.,10.));
#1177 = VECTOR('',#1178,1.);
#1178 = DIRECTION('',(0.,4.4E-16,1.));
#1179 = ORIENTED_EDGE('',*,*,#365,.F.);
#1180 = PLANE('',#1181);
#1181 = AXIS2_PLACEMENT_3D('',#1182,#1183,#1184);
#1182 = CARTESIAN_POINT('',(-9.5,60.,10.));
#1183 = DIRECTION('',(1.,0.,0.));
#1184 = DIRECTION('',(0.,-1.,4.4E-16));
#1185 = ADVANCED_FACE('',(#1186),#1204,.T.);
#1186 = FACE_BOUND('',#1187,.F.);
#1187 = EDGE_LOOP('',(#1188,#1189,#1197,#1203));
#1188 = ORIENTED_EDGE('',*,*,#1174,.T.);
#1189 = ORIENTED_EDGE('',*,*,#1190,.T.);
#1190 = EDGE_CURVE('',#1167,#1191,#1193,.T.);
#1191 = VERTEX_POINT('',#1192);
#1192 = CARTESIAN_POINT('',(-12.5,70.,12.5));
#1193 = LINE('',#1194,#1195);
#1194 = CARTESIAN_POINT('',(-9.5,70.,12.5));
#1195 = VECTOR('',#1196,1.);
#1196 = DIRECTION('',(-1.,-0.,-0.));
#1197 = ORIENTED_EDGE('',*,*,#1198,.F.);
#1198 = EDGE_CURVE('',#350,#1191,#1199,.T.);
#1199 = LINE('',#1200,#1201);
#1200 = CARTESIAN_POINT('',(-12.5,70.,10.));
#1201 = VECTOR('',#1202,1.);
#1202 = DIRECTION('',(0.,4.4E-16,1.));
#1203 = ORIENTED_EDGE('',*,*,#357,.F.);
#1204 = PLANE('',#1205);
#1205 = AXIS2_PLACEMENT_3D('',#1206,#1207,#1208);
#1206 = CARTESIAN_POINT('',(-9.5,70.,10.));
#1207 = DIRECTION('',(0.,1.,-4.4E-16));
#1208 = DIRECTION('',(1.,0.,0.));
#1209 = ADVANCED_FACE('',(#1210,#1295,#1306),#1317,.F.);
#1210 = FACE_BOUND('',#1211,.F.);
#1211 = EDGE_LOOP('',(#1212,#1213,#1214,#1223,#1231,#1239,#1247,#1255,
    #1263,#1272,#1278,#1279,#1288));
#1212 = ORIENTED_EDGE('',*,*,#341,.T.);
#1213 = ORIENTED_EDGE('',*,*,#426,.T.);
#1214 = ORIENTED_EDGE('',*,*,#1215,.T.);
#1215 = EDGE_CURVE('',#427,#1216,#1218,.T.);
#1216 = VERTEX_POINT('',#1217);
#1217 = CARTESIAN_POINT('',(12.5,74.5,10.));
#1218 = CIRCLE('',#1219,3.);
#1219 = AXIS2_PLACEMENT_3D('',#1220,#1221,#1222);
#1220 = CARTESIAN_POINT('',(9.5,74.5,10.));
#1221 = DIRECTION('',(-0.,-4.4E-16,-1.));
#1222 = DIRECTION('',(0.,-1.,4.4E-16));
#1223 = ORIENTED_EDGE('',*,*,#1224,.T.);
#1224 = EDGE_CURVE('',#1216,#1225,#1227,.T.);
#1225 = VERTEX_POINT('',#1226);
#1226 = CARTESIAN_POINT('',(12.5,70.,10.));
#1227 = LINE('',#1228,#1229);
#1228 = CARTESIAN_POINT('',(12.5,77.5,10.));
#1229 = VECTOR('',#1230,1.);
#1230 = DIRECTION('',(0.,-1.,0.));
#1231 = ORIENTED_EDGE('',*,*,#1232,.F.);
#1232 = EDGE_CURVE('',#1233,#1225,#1235,.T.);
#1233 = VERTEX_POINT('',#1234);
#1234 = CARTESIAN_POINT('',(9.5,70.,10.));
#1235 = LINE('',#1236,#1237);
#1236 = CARTESIAN_POINT('',(9.5,70.,10.));
#1237 = VECTOR('',#1238,1.);
#1238 = DIRECTION('',(1.,0.,0.));
#1239 = ORIENTED_EDGE('',*,*,#1240,.F.);
#1240 = EDGE_CURVE('',#1241,#1233,#1243,.T.);
#1241 = VERTEX_POINT('',#1242);
#1242 = CARTESIAN_POINT('',(9.5,60.,10.));
#1243 = LINE('',#1244,#1245);
#1244 = CARTESIAN_POINT('',(9.5,60.,10.));
#1245 = VECTOR('',#1246,1.);
#1246 = DIRECTION('',(0.,1.,0.));
#1247 = ORIENTED_EDGE('',*,*,#1248,.F.);
#1248 = EDGE_CURVE('',#1249,#1241,#1251,.T.);
#1249 = VERTEX_POINT('',#1250);
#1250 = CARTESIAN_POINT('',(12.5,60.,10.));
#1251 = LINE('',#1252,#1253);
#1252 = CARTESIAN_POINT('',(12.5,60.,10.));
#1253 = VECTOR('',#1254,1.);
#1254 = DIRECTION('',(-1.,0.,0.));
#1255 = ORIENTED_EDGE('',*,*,#1256,.T.);
#1256 = EDGE_CURVE('',#1249,#1257,#1259,.T.);
#1257 = VERTEX_POINT('',#1258);
#1258 = CARTESIAN_POINT('',(12.5,55.5,10.));
#1259 = LINE('',#1260,#1261);
#1260 = CARTESIAN_POINT('',(12.5,77.5,10.));
#1261 = VECTOR('',#1262,1.);
#1262 = DIRECTION('',(0.,-1.,0.));
#1263 = ORIENTED_EDGE('',*,*,#1264,.T.);
#1264 = EDGE_CURVE('',#1257,#1265,#1267,.T.);
#1265 = VERTEX_POINT('',#1266);
#1266 = CARTESIAN_POINT('',(9.5,52.5,10.));
#1267 = CIRCLE('',#1268,3.);
#1268 = AXIS2_PLACEMENT_3D('',#1269,#1270,#1271);
#1269 = CARTESIAN_POINT('',(9.5,55.5,10.));
#1270 = DIRECTION('',(-0.,-4.4E-16,-1.));
#1271 = DIRECTION('',(0.,-1.,4.4E-16));
#1272 = ORIENTED_EDGE('',*,*,#1273,.T.);
#1273 = EDGE_CURVE('',#1265,#317,#1274,.T.);
#1274 = LINE('',#1275,#1276);
#1275 = CARTESIAN_POINT('',(12.5,52.5,10.));
#1276 = VECTOR('',#1277,1.);
#1277 = DIRECTION('',(-1.,0.,0.));
#1278 = ORIENTED_EDGE('',*,*,#324,.T.);
#1279 = ORIENTED_EDGE('',*,*,#1280,.T.);
#1280 = EDGE_CURVE('',#325,#1281,#1283,.T.);
#1281 = VERTEX_POINT('',#1282);
#1282 = CARTESIAN_POINT('',(5.5,65.,10.));
#1283 = CIRCLE('',#1284,5.5);
#1284 = AXIS2_PLACEMENT_3D('',#1285,#1286,#1287);
#1285 = CARTESIAN_POINT('',(0.,65.,10.));
#1286 = DIRECTION('',(0.,0.,1.));
#1287 = DIRECTION('',(1.,0.,0.));
#1288 = ORIENTED_EDGE('',*,*,#1289,.T.);
#1289 = EDGE_CURVE('',#1281,#333,#1290,.T.);
#1290 = CIRCLE('',#1291,5.5);
#1291 = AXIS2_PLACEMENT_3D('',#1292,#1293,#1294);
#1292 = CARTESIAN_POINT('',(0.,65.,10.));
#1293 = DIRECTION('',(0.,0.,1.));
#1294 = DIRECTION('',(1.,0.,0.));
#1295 = FACE_BOUND('',#1296,.F.);
#1296 = EDGE_LOOP('',(#1297));
#1297 = ORIENTED_EDGE('',*,*,#1298,.T.);
#1298 = EDGE_CURVE('',#1299,#1299,#1301,.T.);
#1299 = VERTEX_POINT('',#1300);
#1300 = CARTESIAN_POINT('',(9.9,57.,10.));
#1301 = CIRCLE('',#1302,1.9);
#1302 = AXIS2_PLACEMENT_3D('',#1303,#1304,#1305);
#1303 = CARTESIAN_POINT('',(8.,57.,10.));
#1304 = DIRECTION('',(0.,0.,1.));
#1305 = DIRECTION('',(1.,0.,0.));
#1306 = FACE_BOUND('',#1307,.F.);
#1307 = EDGE_LOOP('',(#1308));
#1308 = ORIENTED_EDGE('',*,*,#1309,.T.);
#1309 = EDGE_CURVE('',#1310,#1310,#1312,.T.);
#1310 = VERTEX_POINT('',#1311);
#1311 = CARTESIAN_POINT('',(9.9,73.,10.));
#1312 = CIRCLE('',#1313,1.9);
#1313 = AXIS2_PLACEMENT_3D('',#1314,#1315,#1316);
#1314 = CARTESIAN_POINT('',(8.,73.,10.));
#1315 = DIRECTION('',(0.,0.,1.));
#1316 = DIRECTION('',(1.,0.,0.));
#1317 = PLANE('',#1318);
#1318 = AXIS2_PLACEMENT_3D('',#1319,#1320,#1321);
#1319 = CARTESIAN_POINT('',(6.25,65.,10.));
#1320 = DIRECTION('',(0.,-2.1E-16,-1.));
#1321 = DIRECTION('',(0.,1.,-2.1E-16));
#1322 = ADVANCED_FACE('',(#1323),#1362,.F.);
#1323 = FACE_BOUND('',#1324,.F.);
#1324 = EDGE_LOOP('',(#1325,#1326,#1334,#1343,#1352,#1359,#1360,#1361));
#1325 = ORIENTED_EDGE('',*,*,#1289,.F.);
#1326 = ORIENTED_EDGE('',*,*,#1327,.T.);
#1327 = EDGE_CURVE('',#1281,#1328,#1330,.T.);
#1328 = VERTEX_POINT('',#1329);
#1329 = CARTESIAN_POINT('',(5.5,65.,-2.8E-14));
#1330 = LINE('',#1331,#1332);
#1331 = CARTESIAN_POINT('',(5.5,65.,10.));
#1332 = VECTOR('',#1333,1.);
#1333 = DIRECTION('',(0.,-4.4E-16,-1.));
#1334 = ORIENTED_EDGE('',*,*,#1335,.T.);
#1335 = EDGE_CURVE('',#1328,#1336,#1338,.T.);
#1336 = VERTEX_POINT('',#1337);
#1337 = CARTESIAN_POINT('',(0.,70.5,-3.1E-14));
#1338 = CIRCLE('',#1339,5.5);
#1339 = AXIS2_PLACEMENT_3D('',#1340,#1341,#1342);
#1340 = CARTESIAN_POINT('',(0.,65.,-2.842E-14));
#1341 = DIRECTION('',(-0.,4.4E-16,1.));
#1342 = DIRECTION('',(1.,0.,0.));
#1343 = ORIENTED_EDGE('',*,*,#1344,.T.);
#1344 = EDGE_CURVE('',#1336,#1345,#1347,.T.);
#1345 = VERTEX_POINT('',#1346);
#1346 = CARTESIAN_POINT('',(0.,59.5,-2.6E-14));
#1347 = CIRCLE('',#1348,5.5);
#1348 = AXIS2_PLACEMENT_3D('',#1349,#1350,#1351);
#1349 = CARTESIAN_POINT('',(0.,65.,-2.842E-14));
#1350 = DIRECTION('',(-0.,4.4E-16,1.));
#1351 = DIRECTION('',(1.,0.,0.));
#1352 = ORIENTED_EDGE('',*,*,#1353,.T.);
#1353 = EDGE_CURVE('',#1345,#1328,#1354,.T.);
#1354 = CIRCLE('',#1355,5.5);
#1355 = AXIS2_PLACEMENT_3D('',#1356,#1357,#1358);
#1356 = CARTESIAN_POINT('',(0.,65.,-2.842E-14));
#1357 = DIRECTION('',(-0.,4.4E-16,1.));
#1358 = DIRECTION('',(1.,0.,0.));
#1359 = ORIENTED_EDGE('',*,*,#1327,.F.);
#1360 = ORIENTED_EDGE('',*,*,#1280,.F.);
#1361 = ORIENTED_EDGE('',*,*,#332,.F.);
#1362 = CYLINDRICAL_SURFACE('',#1363,5.5);
#1363 = AXIS2_PLACEMENT_3D('',#1364,#1365,#1366);
#1364 = CARTESIAN_POINT('',(0.,65.,10.));
#1365 = DIRECTION('',(-0.,4.4E-16,1.));
#1366 = DIRECTION('',(1.,0.,0.));
#1367 = ADVANCED_FACE('',(#1368),#1387,.F.);
#1368 = FACE_BOUND('',#1369,.T.);
#1369 = EDGE_LOOP('',(#1370,#1371,#1379,#1386));
#1370 = ORIENTED_EDGE('',*,*,#389,.F.);
#1371 = ORIENTED_EDGE('',*,*,#1372,.T.);
#1372 = EDGE_CURVE('',#390,#1373,#1375,.T.);
#1373 = VERTEX_POINT('',#1374);
#1374 = CARTESIAN_POINT('',(-9.9,57.,4.25));
#1375 = LINE('',#1376,#1377);
#1376 = CARTESIAN_POINT('',(-9.9,57.,10.));
#1377 = VECTOR('',#1378,1.);
#1378 = DIRECTION('',(-0.,-4.4E-16,-1.));
#1379 = ORIENTED_EDGE('',*,*,#1380,.F.);
#1380 = EDGE_CURVE('',#1373,#1373,#1381,.T.);
#1381 = CIRCLE('',#1382,1.9);
#1382 = AXIS2_PLACEMENT_3D('',#1383,#1384,#1385);
#1383 = CARTESIAN_POINT('',(-8.,57.,4.25));
#1384 = DIRECTION('',(0.,4.4E-16,1.));
#1385 = DIRECTION('',(-1.,0.,0.));
#1386 = ORIENTED_EDGE('',*,*,#1372,.F.);
#1387 = CYLINDRICAL_SURFACE('',#1388,1.9);
#1388 = AXIS2_PLACEMENT_3D('',#1389,#1390,#1391);
#1389 = CARTESIAN_POINT('',(-8.,57.,10.));
#1390 = DIRECTION('',(0.,4.4E-16,1.));
#1391 = DIRECTION('',(-1.,0.,0.));
#1392 = ADVANCED_FACE('',(#1393),#1412,.F.);
#1393 = FACE_BOUND('',#1394,.T.);
#1394 = EDGE_LOOP('',(#1395,#1396,#1404,#1411));
#1395 = ORIENTED_EDGE('',*,*,#400,.F.);
#1396 = ORIENTED_EDGE('',*,*,#1397,.T.);
#1397 = EDGE_CURVE('',#401,#1398,#1400,.T.);
#1398 = VERTEX_POINT('',#1399);
#1399 = CARTESIAN_POINT('',(-9.9,73.,4.25));
#1400 = LINE('',#1401,#1402);
#1401 = CARTESIAN_POINT('',(-9.9,73.,10.));
#1402 = VECTOR('',#1403,1.);
#1403 = DIRECTION('',(-0.,-4.4E-16,-1.));
#1404 = ORIENTED_EDGE('',*,*,#1405,.F.);
#1405 = EDGE_CURVE('',#1398,#1398,#1406,.T.);
#1406 = CIRCLE('',#1407,1.9);
#1407 = AXIS2_PLACEMENT_3D('',#1408,#1409,#1410);
#1408 = CARTESIAN_POINT('',(-8.,73.,4.25));
#1409 = DIRECTION('',(0.,4.4E-16,1.));
#1410 = DIRECTION('',(-1.,0.,0.));
#1411 = ORIENTED_EDGE('',*,*,#1397,.F.);
#1412 = CYLINDRICAL_SURFACE('',#1413,1.9);
#1413 = AXIS2_PLACEMENT_3D('',#1414,#1415,#1416);
#1414 = CARTESIAN_POINT('',(-8.,73.,10.));
#1415 = DIRECTION('',(0.,4.4E-16,1.));
#1416 = DIRECTION('',(-1.,0.,0.));
#1417 = ADVANCED_FACE('',(#1418),#1429,.T.);
#1418 = FACE_BOUND('',#1419,.F.);
#1419 = EDGE_LOOP('',(#1420,#1421,#1427,#1428));
#1420 = ORIENTED_EDGE('',*,*,#522,.T.);
#1421 = ORIENTED_EDGE('',*,*,#1422,.T.);
#1422 = EDGE_CURVE('',#523,#1216,#1423,.T.);
#1423 = LINE('',#1424,#1425);
#1424 = CARTESIAN_POINT('',(12.5,74.5,5.));
#1425 = VECTOR('',#1426,1.);
#1426 = DIRECTION('',(0.,4.4E-16,1.));
#1427 = ORIENTED_EDGE('',*,*,#1215,.F.);
#1428 = ORIENTED_EDGE('',*,*,#434,.F.);
#1429 = CYLINDRICAL_SURFACE('',#1430,3.);
#1430 = AXIS2_PLACEMENT_3D('',#1431,#1432,#1433);
#1431 = CARTESIAN_POINT('',(9.5,74.5,5.));
#1432 = DIRECTION('',(0.,4.4E-16,1.));
#1433 = DIRECTION('',(0.,1.,-4.4E-16));
#1434 = ADVANCED_FACE('',(#1435),#1446,.T.);
#1435 = FACE_BOUND('',#1436,.F.);
#1436 = EDGE_LOOP('',(#1437,#1438,#1444,#1445));
#1437 = ORIENTED_EDGE('',*,*,#1198,.T.);
#1438 = ORIENTED_EDGE('',*,*,#1439,.T.);
#1439 = EDGE_CURVE('',#1191,#1135,#1440,.T.);
#1440 = LINE('',#1441,#1442);
#1441 = CARTESIAN_POINT('',(-12.5,70.,12.5));
#1442 = VECTOR('',#1443,1.);
#1443 = DIRECTION('',(-0.,-1.,-0.));
#1444 = ORIENTED_EDGE('',*,*,#1134,.F.);
#1445 = ORIENTED_EDGE('',*,*,#462,.F.);
#1446 = PLANE('',#1447);
#1447 = AXIS2_PLACEMENT_3D('',#1448,#1449,#1450);
#1448 = CARTESIAN_POINT('',(-12.5,70.,10.));
#1449 = DIRECTION('',(-1.,-0.,-0.));
#1450 = DIRECTION('',(0.,1.,-4.4E-16));
#1451 = ADVANCED_FACE('',(#1452),#1463,.T.);
#1452 = FACE_BOUND('',#1453,.T.);
#1453 = EDGE_LOOP('',(#1454,#1455,#1461,#1462));
#1454 = ORIENTED_EDGE('',*,*,#574,.F.);
#1455 = ORIENTED_EDGE('',*,*,#1456,.T.);
#1456 = EDGE_CURVE('',#575,#1265,#1457,.T.);
#1457 = LINE('',#1458,#1459);
#1458 = CARTESIAN_POINT('',(9.5,52.5,5.));
#1459 = VECTOR('',#1460,1.);
#1460 = DIRECTION('',(0.,4.4E-16,1.));
#1461 = ORIENTED_EDGE('',*,*,#1273,.T.);
#1462 = ORIENTED_EDGE('',*,*,#508,.F.);
#1463 = PLANE('',#1464);
#1464 = AXIS2_PLACEMENT_3D('',#1465,#1466,#1467);
#1465 = CARTESIAN_POINT('',(12.5,52.5,5.));
#1466 = DIRECTION('',(0.,-1.,4.4E-16));
#1467 = DIRECTION('',(-1.,0.,0.));
#1468 = ADVANCED_FACE('',(#1469),#1487,.T.);
#1469 = FACE_BOUND('',#1470,.T.);
#1470 = EDGE_LOOP('',(#1471,#1472,#1473,#1474,#1480,#1481));
#1471 = ORIENTED_EDGE('',*,*,#591,.F.);
#1472 = ORIENTED_EDGE('',*,*,#1422,.T.);
#1473 = ORIENTED_EDGE('',*,*,#1224,.T.);
#1474 = ORIENTED_EDGE('',*,*,#1475,.T.);
#1475 = EDGE_CURVE('',#1225,#1249,#1476,.T.);
#1476 = LINE('',#1477,#1478);
#1477 = CARTESIAN_POINT('',(12.5,70.,10.));
#1478 = VECTOR('',#1479,1.);
#1479 = DIRECTION('',(0.,-1.,0.));
#1480 = ORIENTED_EDGE('',*,*,#1256,.T.);
#1481 = ORIENTED_EDGE('',*,*,#1482,.F.);
#1482 = EDGE_CURVE('',#583,#1257,#1483,.T.);
#1483 = LINE('',#1484,#1485);
#1484 = CARTESIAN_POINT('',(12.5,55.5,5.));
#1485 = VECTOR('',#1486,1.);
#1486 = DIRECTION('',(0.,4.4E-16,1.));
#1487 = PLANE('',#1488);
#1488 = AXIS2_PLACEMENT_3D('',#1489,#1490,#1491);
#1489 = CARTESIAN_POINT('',(12.5,77.5,5.));
#1490 = DIRECTION('',(1.,0.,0.));
#1491 = DIRECTION('',(0.,-1.,4.4E-16));
#1492 = ADVANCED_FACE('',(#1493),#1499,.T.);
#1493 = FACE_BOUND('',#1494,.F.);
#1494 = EDGE_LOOP('',(#1495,#1496,#1497,#1498));
#1495 = ORIENTED_EDGE('',*,*,#582,.T.);
#1496 = ORIENTED_EDGE('',*,*,#1456,.T.);
#1497 = ORIENTED_EDGE('',*,*,#1264,.F.);
#1498 = ORIENTED_EDGE('',*,*,#1482,.F.);
#1499 = CYLINDRICAL_SURFACE('',#1500,3.);
#1500 = AXIS2_PLACEMENT_3D('',#1501,#1502,#1503);
#1501 = CARTESIAN_POINT('',(9.5,55.5,5.));
#1502 = DIRECTION('',(0.,4.4E-16,1.));
#1503 = DIRECTION('',(1.,0.,0.));
#1504 = ADVANCED_FACE('',(#1505),#1523,.T.);
#1505 = FACE_BOUND('',#1506,.T.);
#1506 = EDGE_LOOP('',(#1507,#1515,#1521,#1522));
#1507 = ORIENTED_EDGE('',*,*,#1508,.F.);
#1508 = EDGE_CURVE('',#1509,#706,#1511,.T.);
#1509 = VERTEX_POINT('',#1510);
#1510 = CARTESIAN_POINT('',(25.,5.,12.5));
#1511 = LINE('',#1512,#1513);
#1512 = CARTESIAN_POINT('',(23.75,5.,12.5));
#1513 = VECTOR('',#1514,1.);
#1514 = DIRECTION('',(-1.,0.,0.));
#1515 = ORIENTED_EDGE('',*,*,#1516,.T.);
#1516 = EDGE_CURVE('',#1509,#559,#1517,.T.);
#1517 = LINE('',#1518,#1519);
#1518 = CARTESIAN_POINT('',(25.,5.,5.));
#1519 = VECTOR('',#1520,1.);
#1520 = DIRECTION('',(0.,-4.4E-16,-1.));
#1521 = ORIENTED_EDGE('',*,*,#567,.T.);
#1522 = ORIENTED_EDGE('',*,*,#705,.F.);
#1523 = PLANE('',#1524);
#1524 = AXIS2_PLACEMENT_3D('',#1525,#1526,#1527);
#1525 = CARTESIAN_POINT('',(30.,5.,55.));
#1526 = DIRECTION('',(0.,1.,-4.4E-16));
#1527 = DIRECTION('',(-1.,0.,0.));
#1528 = ADVANCED_FACE('',(#1529),#1548,.T.);
#1529 = FACE_BOUND('',#1530,.F.);
#1530 = EDGE_LOOP('',(#1531,#1532,#1540,#1547));
#1531 = ORIENTED_EDGE('',*,*,#558,.F.);
#1532 = ORIENTED_EDGE('',*,*,#1533,.F.);
#1533 = EDGE_CURVE('',#1534,#551,#1536,.T.);
#1534 = VERTEX_POINT('',#1535);
#1535 = CARTESIAN_POINT('',(30.,10.,12.5));
#1536 = LINE('',#1537,#1538);
#1537 = CARTESIAN_POINT('',(30.,10.,5.));
#1538 = VECTOR('',#1539,1.);
#1539 = DIRECTION('',(0.,-4.4E-16,-1.));
#1540 = ORIENTED_EDGE('',*,*,#1541,.T.);
#1541 = EDGE_CURVE('',#1534,#1509,#1542,.T.);
#1542 = CIRCLE('',#1543,5.);
#1543 = AXIS2_PLACEMENT_3D('',#1544,#1545,#1546);
#1544 = CARTESIAN_POINT('',(30.,5.,12.5));
#1545 = DIRECTION('',(0.,0.,1.));
#1546 = DIRECTION('',(1.,0.,0.));
#1547 = ORIENTED_EDGE('',*,*,#1516,.T.);
#1548 = CYLINDRICAL_SURFACE('',#1549,5.);
#1549 = AXIS2_PLACEMENT_3D('',#1550,#1551,#1552);
#1550 = CARTESIAN_POINT('',(30.,5.,5.));
#1551 = DIRECTION('',(0.,-4.4E-16,-1.));
#1552 = DIRECTION('',(1.,0.,0.));
#1553 = ADVANCED_FACE('',(#1554),#1572,.T.);
#1554 = FACE_BOUND('',#1555,.T.);
#1555 = EDGE_LOOP('',(#1556,#1564,#1570,#1571));
#1556 = ORIENTED_EDGE('',*,*,#1557,.F.);
#1557 = EDGE_CURVE('',#1558,#1534,#1560,.T.);
#1558 = VERTEX_POINT('',#1559);
#1559 = CARTESIAN_POINT('',(30.,75.,12.5));
#1560 = LINE('',#1561,#1562);
#1561 = CARTESIAN_POINT('',(30.,61.25,12.5));
#1562 = VECTOR('',#1563,1.);
#1563 = DIRECTION('',(0.,-1.,4.7E-16));
#1564 = ORIENTED_EDGE('',*,*,#1565,.T.);
#1565 = EDGE_CURVE('',#1558,#542,#1566,.T.);
#1566 = LINE('',#1567,#1568);
#1567 = CARTESIAN_POINT('',(30.,75.,5.));
#1568 = VECTOR('',#1569,1.);
#1569 = DIRECTION('',(0.,-4.4E-16,-1.));
#1570 = ORIENTED_EDGE('',*,*,#550,.T.);
#1571 = ORIENTED_EDGE('',*,*,#1533,.F.);
#1572 = PLANE('',#1573);
#1573 = AXIS2_PLACEMENT_3D('',#1574,#1575,#1576);
#1574 = CARTESIAN_POINT('',(30.,80.,55.));
#1575 = DIRECTION('',(-1.,0.,0.));
#1576 = DIRECTION('',(0.,-1.,4.4E-16));
#1577 = ADVANCED_FACE('',(#1578),#1597,.T.);
#1578 = FACE_BOUND('',#1579,.F.);
#1579 = EDGE_LOOP('',(#1580,#1581,#1582,#1590));
#1580 = ORIENTED_EDGE('',*,*,#1565,.T.);
#1581 = ORIENTED_EDGE('',*,*,#541,.F.);
#1582 = ORIENTED_EDGE('',*,*,#1583,.F.);
#1583 = EDGE_CURVE('',#1584,#534,#1586,.T.);
#1584 = VERTEX_POINT('',#1585);
#1585 = CARTESIAN_POINT('',(25.,80.,12.5));
#1586 = LINE('',#1587,#1588);
#1587 = CARTESIAN_POINT('',(25.,80.,5.));
#1588 = VECTOR('',#1589,1.);
#1589 = DIRECTION('',(0.,-4.4E-16,-1.));
#1590 = ORIENTED_EDGE('',*,*,#1591,.T.);
#1591 = EDGE_CURVE('',#1584,#1558,#1592,.T.);
#1592 = CIRCLE('',#1593,5.);
#1593 = AXIS2_PLACEMENT_3D('',#1594,#1595,#1596);
#1594 = CARTESIAN_POINT('',(30.,80.,12.5));
#1595 = DIRECTION('',(0.,0.,1.));
#1596 = DIRECTION('',(1.,0.,0.));
#1597 = CYLINDRICAL_SURFACE('',#1598,5.);
#1598 = AXIS2_PLACEMENT_3D('',#1599,#1600,#1601);
#1599 = CARTESIAN_POINT('',(30.,80.,5.));
#1600 = DIRECTION('',(0.,-4.4E-16,-1.));
#1601 = DIRECTION('',(1.,0.,0.));
#1602 = ADVANCED_FACE('',(#1603),#1614,.T.);
#1603 = FACE_BOUND('',#1604,.T.);
#1604 = EDGE_LOOP('',(#1605,#1611,#1612,#1613));
#1605 = ORIENTED_EDGE('',*,*,#1606,.F.);
#1606 = EDGE_CURVE('',#812,#1584,#1607,.T.);
#1607 = LINE('',#1608,#1609);
#1608 = CARTESIAN_POINT('',(8.75,80.,12.5));
#1609 = VECTOR('',#1610,1.);
#1610 = DIRECTION('',(1.,0.,0.));
#1611 = ORIENTED_EDGE('',*,*,#819,.T.);
#1612 = ORIENTED_EDGE('',*,*,#533,.T.);
#1613 = ORIENTED_EDGE('',*,*,#1583,.F.);
#1614 = PLANE('',#1615);
#1615 = AXIS2_PLACEMENT_3D('',#1616,#1617,#1618);
#1616 = CARTESIAN_POINT('',(0.,80.,55.));
#1617 = DIRECTION('',(0.,-1.,4.4E-16));
#1618 = DIRECTION('',(1.,0.,0.));
#1619 = ADVANCED_FACE('',(#1620),#1645,.F.);
#1620 = FACE_BOUND('',#1621,.F.);
#1621 = EDGE_LOOP('',(#1622,#1630,#1638,#1644));
#1622 = ORIENTED_EDGE('',*,*,#1623,.T.);
#1623 = EDGE_CURVE('',#600,#1624,#1626,.T.);
#1624 = VERTEX_POINT('',#1625);
#1625 = CARTESIAN_POINT('',(12.9,28.32568421935,2.2));
#1626 = LINE('',#1627,#1628);
#1627 = CARTESIAN_POINT('',(12.9,28.32568421935,5.));
#1628 = VECTOR('',#1629,1.);
#1629 = DIRECTION('',(0.,-4.4E-16,-1.));
#1630 = ORIENTED_EDGE('',*,*,#1631,.T.);
#1631 = EDGE_CURVE('',#1624,#1632,#1634,.T.);
#1632 = VERTEX_POINT('',#1633);
#1633 = CARTESIAN_POINT('',(12.9,31.67431578065,2.2));
#1634 = LINE('',#1635,#1636);
#1635 = CARTESIAN_POINT('',(12.9,28.32568421935,2.2));
#1636 = VECTOR('',#1637,1.);
#1637 = DIRECTION('',(-2.12E-15,1.,0.));
#1638 = ORIENTED_EDGE('',*,*,#1639,.F.);
#1639 = EDGE_CURVE('',#602,#1632,#1640,.T.);
#1640 = LINE('',#1641,#1642);
#1641 = CARTESIAN_POINT('',(12.9,31.67431578065,5.));
#1642 = VECTOR('',#1643,1.);
#1643 = DIRECTION('',(0.,-4.4E-16,-1.));
#1644 = ORIENTED_EDGE('',*,*,#599,.F.);
#1645 = PLANE('',#1646);
#1646 = AXIS2_PLACEMENT_3D('',#1647,#1648,#1649);
#1647 = CARTESIAN_POINT('',(12.9,28.32568421935,5.));
#1648 = DIRECTION('',(1.,2.12E-15,0.));
#1649 = DIRECTION('',(-2.12E-15,1.,-4.4E-16));
#1650 = ADVANCED_FACE('',(#1651),#1669,.F.);
#1651 = FACE_BOUND('',#1652,.F.);
#1652 = EDGE_LOOP('',(#1653,#1661,#1667,#1668));
#1653 = ORIENTED_EDGE('',*,*,#1654,.T.);
#1654 = EDGE_CURVE('',#634,#1655,#1657,.T.);
#1655 = VERTEX_POINT('',#1656);
#1656 = CARTESIAN_POINT('',(10.,26.6513684387,2.2));
#1657 = LINE('',#1658,#1659);
#1658 = CARTESIAN_POINT('',(10.,26.6513684387,5.));
#1659 = VECTOR('',#1660,1.);
#1660 = DIRECTION('',(0.,-4.4E-16,-1.));
#1661 = ORIENTED_EDGE('',*,*,#1662,.T.);
#1662 = EDGE_CURVE('',#1655,#1624,#1663,.T.);
#1663 = LINE('',#1664,#1665);
#1664 = CARTESIAN_POINT('',(10.,26.6513684387,2.2));
#1665 = VECTOR('',#1666,1.);
#1666 = DIRECTION('',(0.866025403784,0.5,0.));
#1667 = ORIENTED_EDGE('',*,*,#1623,.F.);
#1668 = ORIENTED_EDGE('',*,*,#641,.F.);
#1669 = PLANE('',#1670);
#1670 = AXIS2_PLACEMENT_3D('',#1671,#1672,#1673);
#1671 = CARTESIAN_POINT('',(10.,26.6513684387,5.));
#1672 = DIRECTION('',(0.5,-0.866025403784,3.8E-16));
#1673 = DIRECTION('',(0.866025403784,0.5,-2.2E-16));
#1674 = ADVANCED_FACE('',(#1675),#1693,.F.);
#1675 = FACE_BOUND('',#1676,.F.);
#1676 = EDGE_LOOP('',(#1677,#1678,#1686,#1692));
#1677 = ORIENTED_EDGE('',*,*,#1639,.T.);
#1678 = ORIENTED_EDGE('',*,*,#1679,.T.);
#1679 = EDGE_CURVE('',#1632,#1680,#1682,.T.);
#1680 = VERTEX_POINT('',#1681);
#1681 = CARTESIAN_POINT('',(10.,33.3486315613,2.2));
#1682 = LINE('',#1683,#1684);
#1683 = CARTESIAN_POINT('',(12.9,31.67431578065,2.2));
#1684 = VECTOR('',#1685,1.);
#1685 = DIRECTION('',(-0.866025403784,0.5,0.));
#1686 = ORIENTED_EDGE('',*,*,#1687,.F.);
#1687 = EDGE_CURVE('',#610,#1680,#1688,.T.);
#1688 = LINE('',#1689,#1690);
#1689 = CARTESIAN_POINT('',(10.,33.3486315613,5.));
#1690 = VECTOR('',#1691,1.);
#1691 = DIRECTION('',(0.,-4.4E-16,-1.));
#1692 = ORIENTED_EDGE('',*,*,#609,.F.);
#1693 = PLANE('',#1694);
#1694 = AXIS2_PLACEMENT_3D('',#1695,#1696,#1697);
#1695 = CARTESIAN_POINT('',(12.9,31.67431578065,5.));
#1696 = DIRECTION('',(0.5,0.866025403784,-3.8E-16));
#1697 = DIRECTION('',(-0.866025403784,0.5,-2.2E-16));
#1698 = ADVANCED_FACE('',(#1699),#1717,.F.);
#1699 = FACE_BOUND('',#1700,.F.);
#1700 = EDGE_LOOP('',(#1701,#1709,#1715,#1716));
#1701 = ORIENTED_EDGE('',*,*,#1702,.T.);
#1702 = EDGE_CURVE('',#626,#1703,#1705,.T.);
#1703 = VERTEX_POINT('',#1704);
#1704 = CARTESIAN_POINT('',(7.1,28.32568421935,2.2));
#1705 = LINE('',#1706,#1707);
#1706 = CARTESIAN_POINT('',(7.1,28.32568421935,5.));
#1707 = VECTOR('',#1708,1.);
#1708 = DIRECTION('',(0.,-4.4E-16,-1.));
#1709 = ORIENTED_EDGE('',*,*,#1710,.T.);
#1710 = EDGE_CURVE('',#1703,#1655,#1711,.T.);
#1711 = LINE('',#1712,#1713);
#1712 = CARTESIAN_POINT('',(7.1,28.32568421935,2.2));
#1713 = VECTOR('',#1714,1.);
#1714 = DIRECTION('',(0.866025403784,-0.5,0.));
#1715 = ORIENTED_EDGE('',*,*,#1654,.F.);
#1716 = ORIENTED_EDGE('',*,*,#633,.F.);
#1717 = PLANE('',#1718);
#1718 = AXIS2_PLACEMENT_3D('',#1719,#1720,#1721);
#1719 = CARTESIAN_POINT('',(7.1,28.32568421935,5.));
#1720 = DIRECTION('',(-0.5,-0.866025403784,3.8E-16));
#1721 = DIRECTION('',(0.866025403784,-0.5,2.2E-16));
#1722 = ADVANCED_FACE('',(#1723),#1741,.F.);
#1723 = FACE_BOUND('',#1724,.F.);
#1724 = EDGE_LOOP('',(#1725,#1726,#1734,#1740));
#1725 = ORIENTED_EDGE('',*,*,#1687,.T.);
#1726 = ORIENTED_EDGE('',*,*,#1727,.T.);
#1727 = EDGE_CURVE('',#1680,#1728,#1730,.T.);
#1728 = VERTEX_POINT('',#1729);
#1729 = CARTESIAN_POINT('',(7.1,31.67431578065,2.2));
#1730 = LINE('',#1731,#1732);
#1731 = CARTESIAN_POINT('',(10.,33.3486315613,2.2));
#1732 = VECTOR('',#1733,1.);
#1733 = DIRECTION('',(-0.866025403784,-0.5,0.));
#1734 = ORIENTED_EDGE('',*,*,#1735,.F.);
#1735 = EDGE_CURVE('',#618,#1728,#1736,.T.);
#1736 = LINE('',#1737,#1738);
#1737 = CARTESIAN_POINT('',(7.1,31.67431578065,5.));
#1738 = VECTOR('',#1739,1.);
#1739 = DIRECTION('',(0.,-4.4E-16,-1.));
#1740 = ORIENTED_EDGE('',*,*,#617,.F.);
#1741 = PLANE('',#1742);
#1742 = AXIS2_PLACEMENT_3D('',#1743,#1744,#1745);
#1743 = CARTESIAN_POINT('',(10.,33.3486315613,5.));
#1744 = DIRECTION('',(-0.5,0.866025403784,-3.8E-16));
#1745 = DIRECTION('',(-0.866025403784,-0.5,2.2E-16));
#1746 = ADVANCED_FACE('',(#1747),#1758,.F.);
#1747 = FACE_BOUND('',#1748,.F.);
#1748 = EDGE_LOOP('',(#1749,#1750,#1756,#1757));
#1749 = ORIENTED_EDGE('',*,*,#1735,.T.);
#1750 = ORIENTED_EDGE('',*,*,#1751,.T.);
#1751 = EDGE_CURVE('',#1728,#1703,#1752,.T.);
#1752 = LINE('',#1753,#1754);
#1753 = CARTESIAN_POINT('',(7.1,31.67431578065,2.2));
#1754 = VECTOR('',#1755,1.);
#1755 = DIRECTION('',(0.,-1.,0.));
#1756 = ORIENTED_EDGE('',*,*,#1702,.F.);
#1757 = ORIENTED_EDGE('',*,*,#625,.F.);
#1758 = PLANE('',#1759);
#1759 = AXIS2_PLACEMENT_3D('',#1760,#1761,#1762);
#1760 = CARTESIAN_POINT('',(7.1,31.67431578065,5.));
#1761 = DIRECTION('',(-1.,-0.,-0.));
#1762 = DIRECTION('',(0.,-1.,4.4E-16));
#1763 = ADVANCED_FACE('',(#1764),#1789,.F.);
#1764 = FACE_BOUND('',#1765,.F.);
#1765 = EDGE_LOOP('',(#1766,#1774,#1782,#1788));
#1766 = ORIENTED_EDGE('',*,*,#1767,.T.);
#1767 = EDGE_CURVE('',#650,#1768,#1770,.T.);
#1768 = VERTEX_POINT('',#1769);
#1769 = CARTESIAN_POINT('',(12.9,38.32568421935,2.2));
#1770 = LINE('',#1771,#1772);
#1771 = CARTESIAN_POINT('',(12.9,38.32568421935,5.));
#1772 = VECTOR('',#1773,1.);
#1773 = DIRECTION('',(0.,-4.4E-16,-1.));
#1774 = ORIENTED_EDGE('',*,*,#1775,.T.);
#1775 = EDGE_CURVE('',#1768,#1776,#1778,.T.);
#1776 = VERTEX_POINT('',#1777);
#1777 = CARTESIAN_POINT('',(12.9,41.67431578065,2.2));
#1778 = LINE('',#1779,#1780);
#1779 = CARTESIAN_POINT('',(12.9,38.32568421935,2.2));
#1780 = VECTOR('',#1781,1.);
#1781 = DIRECTION('',(-2.12E-15,1.,0.));
#1782 = ORIENTED_EDGE('',*,*,#1783,.F.);
#1783 = EDGE_CURVE('',#652,#1776,#1784,.T.);
#1784 = LINE('',#1785,#1786);
#1785 = CARTESIAN_POINT('',(12.9,41.67431578065,5.));
#1786 = VECTOR('',#1787,1.);
#1787 = DIRECTION('',(0.,-4.4E-16,-1.));
#1788 = ORIENTED_EDGE('',*,*,#649,.F.);
#1789 = PLANE('',#1790);
#1790 = AXIS2_PLACEMENT_3D('',#1791,#1792,#1793);
#1791 = CARTESIAN_POINT('',(12.9,38.32568421935,5.));
#1792 = DIRECTION('',(1.,2.12E-15,0.));
#1793 = DIRECTION('',(-2.12E-15,1.,-4.4E-16));
#1794 = ADVANCED_FACE('',(#1795),#1813,.F.);
#1795 = FACE_BOUND('',#1796,.F.);
#1796 = EDGE_LOOP('',(#1797,#1805,#1811,#1812));
#1797 = ORIENTED_EDGE('',*,*,#1798,.T.);
#1798 = EDGE_CURVE('',#684,#1799,#1801,.T.);
#1799 = VERTEX_POINT('',#1800);
#1800 = CARTESIAN_POINT('',(10.,36.6513684387,2.2));
#1801 = LINE('',#1802,#1803);
#1802 = CARTESIAN_POINT('',(10.,36.6513684387,5.));
#1803 = VECTOR('',#1804,1.);
#1804 = DIRECTION('',(0.,-4.4E-16,-1.));
#1805 = ORIENTED_EDGE('',*,*,#1806,.T.);
#1806 = EDGE_CURVE('',#1799,#1768,#1807,.T.);
#1807 = LINE('',#1808,#1809);
#1808 = CARTESIAN_POINT('',(10.,36.6513684387,2.2));
#1809 = VECTOR('',#1810,1.);
#1810 = DIRECTION('',(0.866025403784,0.5,0.));
#1811 = ORIENTED_EDGE('',*,*,#1767,.F.);
#1812 = ORIENTED_EDGE('',*,*,#691,.F.);
#1813 = PLANE('',#1814);
#1814 = AXIS2_PLACEMENT_3D('',#1815,#1816,#1817);
#1815 = CARTESIAN_POINT('',(10.,36.6513684387,5.));
#1816 = DIRECTION('',(0.5,-0.866025403784,3.8E-16));
#1817 = DIRECTION('',(0.866025403784,0.5,-2.2E-16));
#1818 = ADVANCED_FACE('',(#1819),#1837,.F.);
#1819 = FACE_BOUND('',#1820,.F.);
#1820 = EDGE_LOOP('',(#1821,#1822,#1830,#1836));
#1821 = ORIENTED_EDGE('',*,*,#1783,.T.);
#1822 = ORIENTED_EDGE('',*,*,#1823,.T.);
#1823 = EDGE_CURVE('',#1776,#1824,#1826,.T.);
#1824 = VERTEX_POINT('',#1825);
#1825 = CARTESIAN_POINT('',(10.,43.3486315613,2.2));
#1826 = LINE('',#1827,#1828);
#1827 = CARTESIAN_POINT('',(12.9,41.67431578065,2.2));
#1828 = VECTOR('',#1829,1.);
#1829 = DIRECTION('',(-0.866025403784,0.5,0.));
#1830 = ORIENTED_EDGE('',*,*,#1831,.F.);
#1831 = EDGE_CURVE('',#660,#1824,#1832,.T.);
#1832 = LINE('',#1833,#1834);
#1833 = CARTESIAN_POINT('',(10.,43.3486315613,5.));
#1834 = VECTOR('',#1835,1.);
#1835 = DIRECTION('',(0.,-4.4E-16,-1.));
#1836 = ORIENTED_EDGE('',*,*,#659,.F.);
#1837 = PLANE('',#1838);
#1838 = AXIS2_PLACEMENT_3D('',#1839,#1840,#1841);
#1839 = CARTESIAN_POINT('',(12.9,41.67431578065,5.));
#1840 = DIRECTION('',(0.5,0.866025403784,-3.8E-16));
#1841 = DIRECTION('',(-0.866025403784,0.5,-2.2E-16));
#1842 = ADVANCED_FACE('',(#1843),#1861,.F.);
#1843 = FACE_BOUND('',#1844,.F.);
#1844 = EDGE_LOOP('',(#1845,#1853,#1859,#1860));
#1845 = ORIENTED_EDGE('',*,*,#1846,.T.);
#1846 = EDGE_CURVE('',#676,#1847,#1849,.T.);
#1847 = VERTEX_POINT('',#1848);
#1848 = CARTESIAN_POINT('',(7.1,38.32568421935,2.2));
#1849 = LINE('',#1850,#1851);
#1850 = CARTESIAN_POINT('',(7.1,38.32568421935,5.));
#1851 = VECTOR('',#1852,1.);
#1852 = DIRECTION('',(0.,-4.4E-16,-1.));
#1853 = ORIENTED_EDGE('',*,*,#1854,.T.);
#1854 = EDGE_CURVE('',#1847,#1799,#1855,.T.);
#1855 = LINE('',#1856,#1857);
#1856 = CARTESIAN_POINT('',(7.1,38.32568421935,2.2));
#1857 = VECTOR('',#1858,1.);
#1858 = DIRECTION('',(0.866025403784,-0.5,0.));
#1859 = ORIENTED_EDGE('',*,*,#1798,.F.);
#1860 = ORIENTED_EDGE('',*,*,#683,.F.);
#1861 = PLANE('',#1862);
#1862 = AXIS2_PLACEMENT_3D('',#1863,#1864,#1865);
#1863 = CARTESIAN_POINT('',(7.1,38.32568421935,5.));
#1864 = DIRECTION('',(-0.5,-0.866025403784,3.8E-16));
#1865 = DIRECTION('',(0.866025403784,-0.5,2.2E-16));
#1866 = ADVANCED_FACE('',(#1867),#1885,.F.);
#1867 = FACE_BOUND('',#1868,.F.);
#1868 = EDGE_LOOP('',(#1869,#1870,#1878,#1884));
#1869 = ORIENTED_EDGE('',*,*,#1831,.T.);
#1870 = ORIENTED_EDGE('',*,*,#1871,.T.);
#1871 = EDGE_CURVE('',#1824,#1872,#1874,.T.);
#1872 = VERTEX_POINT('',#1873);
#1873 = CARTESIAN_POINT('',(7.1,41.67431578065,2.2));
#1874 = LINE('',#1875,#1876);
#1875 = CARTESIAN_POINT('',(10.,43.3486315613,2.2));
#1876 = VECTOR('',#1877,1.);
#1877 = DIRECTION('',(-0.866025403784,-0.5,0.));
#1878 = ORIENTED_EDGE('',*,*,#1879,.F.);
#1879 = EDGE_CURVE('',#668,#1872,#1880,.T.);
#1880 = LINE('',#1881,#1882);
#1881 = CARTESIAN_POINT('',(7.1,41.67431578065,5.));
#1882 = VECTOR('',#1883,1.);
#1883 = DIRECTION('',(0.,-4.4E-16,-1.));
#1884 = ORIENTED_EDGE('',*,*,#667,.F.);
#1885 = PLANE('',#1886);
#1886 = AXIS2_PLACEMENT_3D('',#1887,#1888,#1889);
#1887 = CARTESIAN_POINT('',(10.,43.3486315613,5.));
#1888 = DIRECTION('',(-0.5,0.866025403784,-3.8E-16));
#1889 = DIRECTION('',(-0.866025403784,-0.5,2.2E-16));
#1890 = ADVANCED_FACE('',(#1891),#1902,.F.);
#1891 = FACE_BOUND('',#1892,.F.);
#1892 = EDGE_LOOP('',(#1893,#1894,#1900,#1901));
#1893 = ORIENTED_EDGE('',*,*,#1879,.T.);
#1894 = ORIENTED_EDGE('',*,*,#1895,.T.);
#1895 = EDGE_CURVE('',#1872,#1847,#1896,.T.);
#1896 = LINE('',#1897,#1898);
#1897 = CARTESIAN_POINT('',(7.1,41.67431578065,2.2));
#1898 = VECTOR('',#1899,1.);
#1899 = DIRECTION('',(0.,-1.,0.));
#1900 = ORIENTED_EDGE('',*,*,#1846,.F.);
#1901 = ORIENTED_EDGE('',*,*,#675,.F.);
#1902 = PLANE('',#1903);
#1903 = AXIS2_PLACEMENT_3D('',#1904,#1905,#1906);
#1904 = CARTESIAN_POINT('',(7.1,41.67431578065,5.));
#1905 = DIRECTION('',(-1.,-0.,-0.));
#1906 = DIRECTION('',(0.,-1.,4.4E-16));
#1907 = ADVANCED_FACE('',(#1908),#1934,.F.);
#1908 = FACE_BOUND('',#1909,.T.);
#1909 = EDGE_LOOP('',(#1910,#1919,#1927,#1933));
#1910 = ORIENTED_EDGE('',*,*,#1911,.T.);
#1911 = EDGE_CURVE('',#714,#1912,#1914,.T.);
#1912 = VERTEX_POINT('',#1913);
#1913 = CARTESIAN_POINT('',(-30.,5.E-15,12.5));
#1914 = CIRCLE('',#1915,5.);
#1915 = AXIS2_PLACEMENT_3D('',#1916,#1917,#1918);
#1916 = CARTESIAN_POINT('',(-30.,5.,12.5));
#1917 = DIRECTION('',(0.,0.,-1.));
#1918 = DIRECTION('',(-1.,0.,0.));
#1919 = ORIENTED_EDGE('',*,*,#1920,.T.);
#1920 = EDGE_CURVE('',#1912,#1921,#1923,.T.);
#1921 = VERTEX_POINT('',#1922);
#1922 = CARTESIAN_POINT('',(0.,6.E-15,12.5));
#1923 = LINE('',#1924,#1925);
#1924 = CARTESIAN_POINT('',(-35.,-7.E-15,12.5));
#1925 = VECTOR('',#1926,1.);
#1926 = DIRECTION('',(1.,0.,0.));
#1927 = ORIENTED_EDGE('',*,*,#1928,.T.);
#1928 = EDGE_CURVE('',#1921,#706,#1929,.T.);
#1929 = LINE('',#1930,#1931);
#1930 = CARTESIAN_POINT('',(0.,-7.E-15,12.5));
#1931 = VECTOR('',#1932,1.);
#1932 = DIRECTION('',(0.,1.,0.));
#1933 = ORIENTED_EDGE('',*,*,#713,.T.);
#1934 = PLANE('',#1935);
#1935 = AXIS2_PLACEMENT_3D('',#1936,#1937,#1938);
#1936 = CARTESIAN_POINT('',(-17.5,42.5,12.5));
#1937 = DIRECTION('',(0.,-2.5E-16,-1.));
#1938 = DIRECTION('',(-0.,-1.,2.5E-16));
#1939 = ADVANCED_FACE('',(#1940),#1966,.F.);
#1940 = FACE_BOUND('',#1941,.T.);
#1941 = EDGE_LOOP('',(#1942,#1943,#1951,#1960));
#1942 = ORIENTED_EDGE('',*,*,#745,.F.);
#1943 = ORIENTED_EDGE('',*,*,#1944,.F.);
#1944 = EDGE_CURVE('',#1945,#738,#1947,.T.);
#1945 = VERTEX_POINT('',#1946);
#1946 = CARTESIAN_POINT('',(-30.,6.75,12.5));
#1947 = LINE('',#1948,#1949);
#1948 = CARTESIAN_POINT('',(-30.,61.25,12.5));
#1949 = VECTOR('',#1950,1.);
#1950 = DIRECTION('',(0.,1.,-4.7E-16));
#1951 = ORIENTED_EDGE('',*,*,#1952,.T.);
#1952 = EDGE_CURVE('',#1945,#1953,#1955,.T.);
#1953 = VERTEX_POINT('',#1954);
#1954 = CARTESIAN_POINT('',(-28.25,5.,12.5));
#1955 = CIRCLE('',#1956,1.75);
#1956 = AXIS2_PLACEMENT_3D('',#1957,#1958,#1959);
#1957 = CARTESIAN_POINT('',(-30.,5.,12.5));
#1958 = DIRECTION('',(0.,0.,-1.));
#1959 = DIRECTION('',(-1.,-0.,-0.));
#1960 = ORIENTED_EDGE('',*,*,#1961,.F.);
#1961 = EDGE_CURVE('',#714,#1953,#1962,.T.);
#1962 = LINE('',#1963,#1964);
#1963 = CARTESIAN_POINT('',(-23.75,5.,12.5));
#1964 = VECTOR('',#1965,1.);
#1965 = DIRECTION('',(-1.,0.,0.));
#1966 = PLANE('',#1967);
#1967 = AXIS2_PLACEMENT_3D('',#1968,#1969,#1970);
#1968 = CARTESIAN_POINT('',(-30.,42.5,12.5));
#1969 = DIRECTION('',(0.,-2.2E-16,-1.));
#1970 = DIRECTION('',(-0.,-1.,2.2E-16));
#1971 = ADVANCED_FACE('',(#1972),#1999,.F.);
#1972 = FACE_BOUND('',#1973,.T.);
#1973 = EDGE_LOOP('',(#1974,#1983,#1991,#1998));
#1974 = ORIENTED_EDGE('',*,*,#1975,.T.);
#1975 = EDGE_CURVE('',#763,#1976,#1978,.T.);
#1976 = VERTEX_POINT('',#1977);
#1977 = CARTESIAN_POINT('',(-35.,80.,12.5));
#1978 = CIRCLE('',#1979,5.);
#1979 = AXIS2_PLACEMENT_3D('',#1980,#1981,#1982);
#1980 = CARTESIAN_POINT('',(-30.,80.,12.5));
#1981 = DIRECTION('',(0.,0.,-1.));
#1982 = DIRECTION('',(-1.,0.,0.));
#1983 = ORIENTED_EDGE('',*,*,#1984,.T.);
#1984 = EDGE_CURVE('',#1976,#1985,#1987,.T.);
#1985 = VERTEX_POINT('',#1986);
#1986 = CARTESIAN_POINT('',(-35.,5.,12.5));
#1987 = LINE('',#1988,#1989);
#1988 = CARTESIAN_POINT('',(-35.,85.,12.5));
#1989 = VECTOR('',#1990,1.);
#1990 = DIRECTION('',(-0.,-1.,-0.));
#1991 = ORIENTED_EDGE('',*,*,#1992,.T.);
#1992 = EDGE_CURVE('',#1985,#738,#1993,.T.);
#1993 = CIRCLE('',#1994,5.);
#1994 = AXIS2_PLACEMENT_3D('',#1995,#1996,#1997);
#1995 = CARTESIAN_POINT('',(-30.,5.,12.5));
#1996 = DIRECTION('',(0.,0.,-1.));
#1997 = DIRECTION('',(-1.,0.,0.));
#1998 = ORIENTED_EDGE('',*,*,#762,.T.);
#1999 = PLANE('',#2000);
#2000 = AXIS2_PLACEMENT_3D('',#2001,#2002,#2003);
#2001 = CARTESIAN_POINT('',(-17.5,42.5,12.5));
#2002 = DIRECTION('',(0.,-2.5E-16,-1.));
#2003 = DIRECTION('',(-0.,-1.,2.5E-16));
#2004 = ADVANCED_FACE('',(#2005),#2031,.F.);
#2005 = FACE_BOUND('',#2006,.T.);
#2006 = EDGE_LOOP('',(#2007,#2015,#2016,#2024));
#2007 = ORIENTED_EDGE('',*,*,#2008,.F.);
#2008 = EDGE_CURVE('',#763,#2009,#2011,.T.);
#2009 = VERTEX_POINT('',#2010);
#2010 = CARTESIAN_POINT('',(-30.,78.25,12.5));
#2011 = LINE('',#2012,#2013);
#2012 = CARTESIAN_POINT('',(-30.,61.25,12.5));
#2013 = VECTOR('',#2014,1.);
#2014 = DIRECTION('',(0.,1.,-4.7E-16));
#2015 = ORIENTED_EDGE('',*,*,#795,.F.);
#2016 = ORIENTED_EDGE('',*,*,#2017,.F.);
#2017 = EDGE_CURVE('',#2018,#788,#2020,.T.);
#2018 = VERTEX_POINT('',#2019);
#2019 = CARTESIAN_POINT('',(-28.25,80.,12.5));
#2020 = LINE('',#2021,#2022);
#2021 = CARTESIAN_POINT('',(-8.75,80.,12.5));
#2022 = VECTOR('',#2023,1.);
#2023 = DIRECTION('',(1.,0.,0.));
#2024 = ORIENTED_EDGE('',*,*,#2025,.T.);
#2025 = EDGE_CURVE('',#2018,#2009,#2026,.T.);
#2026 = CIRCLE('',#2027,1.75);
#2027 = AXIS2_PLACEMENT_3D('',#2028,#2029,#2030);
#2028 = CARTESIAN_POINT('',(-30.,80.,12.5));
#2029 = DIRECTION('',(0.,0.,-1.));
#2030 = DIRECTION('',(-1.,-0.,-0.));
#2031 = PLANE('',#2032);
#2032 = AXIS2_PLACEMENT_3D('',#2033,#2034,#2035);
#2033 = CARTESIAN_POINT('',(-30.,42.5,12.5));
#2034 = DIRECTION('',(0.,-2.2E-16,-1.));
#2035 = DIRECTION('',(-0.,-1.,2.2E-16));
#2036 = ADVANCED_FACE('',(#2037),#2063,.F.);
#2037 = FACE_BOUND('',#2038,.T.);
#2038 = EDGE_LOOP('',(#2039,#2040,#2048,#2056));
#2039 = ORIENTED_EDGE('',*,*,#811,.T.);
#2040 = ORIENTED_EDGE('',*,*,#2041,.T.);
#2041 = EDGE_CURVE('',#812,#2042,#2044,.T.);
#2042 = VERTEX_POINT('',#2043);
#2043 = CARTESIAN_POINT('',(0.,85.,12.5));
#2044 = LINE('',#2045,#2046);
#2045 = CARTESIAN_POINT('',(0.,-7.E-15,12.5));
#2046 = VECTOR('',#2047,1.);
#2047 = DIRECTION('',(0.,1.,0.));
#2048 = ORIENTED_EDGE('',*,*,#2049,.T.);
#2049 = EDGE_CURVE('',#2042,#2050,#2052,.T.);
#2050 = VERTEX_POINT('',#2051);
#2051 = CARTESIAN_POINT('',(-29.99999999999,85.,12.5));
#2052 = LINE('',#2053,#2054);
#2053 = CARTESIAN_POINT('',(0.,85.,12.5));
#2054 = VECTOR('',#2055,1.);
#2055 = DIRECTION('',(-1.,-0.,-0.));
#2056 = ORIENTED_EDGE('',*,*,#2057,.T.);
#2057 = EDGE_CURVE('',#2050,#788,#2058,.T.);
#2058 = CIRCLE('',#2059,5.);
#2059 = AXIS2_PLACEMENT_3D('',#2060,#2061,#2062);
#2060 = CARTESIAN_POINT('',(-30.,80.,12.5));
#2061 = DIRECTION('',(0.,0.,-1.));
#2062 = DIRECTION('',(-1.,0.,0.));
#2063 = PLANE('',#2064);
#2064 = AXIS2_PLACEMENT_3D('',#2065,#2066,#2067);
#2065 = CARTESIAN_POINT('',(-17.5,42.5,12.5));
#2066 = DIRECTION('',(0.,-2.5E-16,-1.));
#2067 = DIRECTION('',(-0.,-1.,2.5E-16));
#2068 = ADVANCED_FACE('',(#2069,#2077),#2088,.F.);
#2069 = FACE_BOUND('',#2070,.T.);
#2070 = EDGE_LOOP('',(#2071,#2072,#2073,#2074,#2075,#2076));
#2071 = ORIENTED_EDGE('',*,*,#890,.F.);
#2072 = ORIENTED_EDGE('',*,*,#842,.F.);
#2073 = ORIENTED_EDGE('',*,*,#873,.F.);
#2074 = ORIENTED_EDGE('',*,*,#921,.F.);
#2075 = ORIENTED_EDGE('',*,*,#962,.F.);
#2076 = ORIENTED_EDGE('',*,*,#938,.F.);
#2077 = FACE_BOUND('',#2078,.T.);
#2078 = EDGE_LOOP('',(#2079));
#2079 = ORIENTED_EDGE('',*,*,#2080,.F.);
#2080 = EDGE_CURVE('',#2081,#2081,#2083,.T.);
#2081 = VERTEX_POINT('',#2082);
#2082 = CARTESIAN_POINT('',(-11.75,30.,2.2));
#2083 = CIRCLE('',#2084,1.75);
#2084 = AXIS2_PLACEMENT_3D('',#2085,#2086,#2087);
#2085 = CARTESIAN_POINT('',(-10.,30.,2.2));
#2086 = DIRECTION('',(0.,4.4E-16,1.));
#2087 = DIRECTION('',(-1.,0.,0.));
#2088 = PLANE('',#2089);
#2089 = AXIS2_PLACEMENT_3D('',#2090,#2091,#2092);
#2090 = CARTESIAN_POINT('',(-10.,35.,2.2));
#2091 = DIRECTION('',(0.,-2.1E-16,-1.));
#2092 = DIRECTION('',(-0.,-1.,2.1E-16));
#2093 = ADVANCED_FACE('',(#2094,#2102),#2113,.F.);
#2094 = FACE_BOUND('',#2095,.T.);
#2095 = EDGE_LOOP('',(#2096,#2097,#2098,#2099,#2100,#2101));
#2096 = ORIENTED_EDGE('',*,*,#1034,.F.);
#2097 = ORIENTED_EDGE('',*,*,#986,.F.);
#2098 = ORIENTED_EDGE('',*,*,#1017,.F.);
#2099 = ORIENTED_EDGE('',*,*,#1065,.F.);
#2100 = ORIENTED_EDGE('',*,*,#1106,.F.);
#2101 = ORIENTED_EDGE('',*,*,#1082,.F.);
#2102 = FACE_BOUND('',#2103,.T.);
#2103 = EDGE_LOOP('',(#2104));
#2104 = ORIENTED_EDGE('',*,*,#2105,.F.);
#2105 = EDGE_CURVE('',#2106,#2106,#2108,.T.);
#2106 = VERTEX_POINT('',#2107);
#2107 = CARTESIAN_POINT('',(-11.75,40.,2.2));
#2108 = CIRCLE('',#2109,1.75);
#2109 = AXIS2_PLACEMENT_3D('',#2110,#2111,#2112);
#2110 = CARTESIAN_POINT('',(-10.,40.,2.2));
#2111 = DIRECTION('',(0.,4.4E-16,1.));
#2112 = DIRECTION('',(-1.,0.,0.));
#2113 = PLANE('',#2114);
#2114 = AXIS2_PLACEMENT_3D('',#2115,#2116,#2117);
#2115 = CARTESIAN_POINT('',(-10.,35.,2.2));
#2116 = DIRECTION('',(0.,-2.1E-16,-1.));
#2117 = DIRECTION('',(-0.,-1.,2.1E-16));
#2118 = ADVANCED_FACE('',(#2119),#2125,.F.);
#2119 = FACE_BOUND('',#2120,.T.);
#2120 = EDGE_LOOP('',(#2121,#2122,#2123,#2124));
#2121 = ORIENTED_EDGE('',*,*,#1190,.T.);
#2122 = ORIENTED_EDGE('',*,*,#1439,.T.);
#2123 = ORIENTED_EDGE('',*,*,#1142,.T.);
#2124 = ORIENTED_EDGE('',*,*,#1166,.T.);
#2125 = PLANE('',#2126);
#2126 = AXIS2_PLACEMENT_3D('',#2127,#2128,#2129);
#2127 = CARTESIAN_POINT('',(-11.,65.,12.5));
#2128 = DIRECTION('',(0.,-1.8E-16,-1.));
#2129 = DIRECTION('',(-0.,-1.,1.8E-16));
#2130 = ADVANCED_FACE('',(#2131),#2156,.T.);
#2131 = FACE_BOUND('',#2132,.T.);
#2132 = EDGE_LOOP('',(#2133,#2141,#2149,#2155));
#2133 = ORIENTED_EDGE('',*,*,#2134,.T.);
#2134 = EDGE_CURVE('',#1249,#2135,#2137,.T.);
#2135 = VERTEX_POINT('',#2136);
#2136 = CARTESIAN_POINT('',(12.5,60.,12.5));
#2137 = LINE('',#2138,#2139);
#2138 = CARTESIAN_POINT('',(12.5,60.,10.));
#2139 = VECTOR('',#2140,1.);
#2140 = DIRECTION('',(0.,4.4E-16,1.));
#2141 = ORIENTED_EDGE('',*,*,#2142,.T.);
#2142 = EDGE_CURVE('',#2135,#2143,#2145,.T.);
#2143 = VERTEX_POINT('',#2144);
#2144 = CARTESIAN_POINT('',(9.5,60.,12.5));
#2145 = LINE('',#2146,#2147);
#2146 = CARTESIAN_POINT('',(12.5,60.,12.5));
#2147 = VECTOR('',#2148,1.);
#2148 = DIRECTION('',(-1.,0.,0.));
#2149 = ORIENTED_EDGE('',*,*,#2150,.F.);
#2150 = EDGE_CURVE('',#1241,#2143,#2151,.T.);
#2151 = LINE('',#2152,#2153);
#2152 = CARTESIAN_POINT('',(9.5,60.,10.));
#2153 = VECTOR('',#2154,1.);
#2154 = DIRECTION('',(0.,4.4E-16,1.));
#2155 = ORIENTED_EDGE('',*,*,#1248,.F.);
#2156 = PLANE('',#2157);
#2157 = AXIS2_PLACEMENT_3D('',#2158,#2159,#2160);
#2158 = CARTESIAN_POINT('',(12.5,60.,10.));
#2159 = DIRECTION('',(0.,-1.,4.4E-16));
#2160 = DIRECTION('',(-1.,0.,0.));
#2161 = ADVANCED_FACE('',(#2162),#2180,.T.);
#2162 = FACE_BOUND('',#2163,.T.);
#2163 = EDGE_LOOP('',(#2164,#2165,#2173,#2179));
#2164 = ORIENTED_EDGE('',*,*,#2150,.T.);
#2165 = ORIENTED_EDGE('',*,*,#2166,.T.);
#2166 = EDGE_CURVE('',#2143,#2167,#2169,.T.);
#2167 = VERTEX_POINT('',#2168);
#2168 = CARTESIAN_POINT('',(9.5,70.,12.5));
#2169 = LINE('',#2170,#2171);
#2170 = CARTESIAN_POINT('',(9.5,60.,12.5));
#2171 = VECTOR('',#2172,1.);
#2172 = DIRECTION('',(0.,1.,0.));
#2173 = ORIENTED_EDGE('',*,*,#2174,.F.);
#2174 = EDGE_CURVE('',#1233,#2167,#2175,.T.);
#2175 = LINE('',#2176,#2177);
#2176 = CARTESIAN_POINT('',(9.5,70.,10.));
#2177 = VECTOR('',#2178,1.);
#2178 = DIRECTION('',(0.,4.4E-16,1.));
#2179 = ORIENTED_EDGE('',*,*,#1240,.F.);
#2180 = PLANE('',#2181);
#2181 = AXIS2_PLACEMENT_3D('',#2182,#2183,#2184);
#2182 = CARTESIAN_POINT('',(9.5,60.,10.));
#2183 = DIRECTION('',(-1.,0.,0.));
#2184 = DIRECTION('',(0.,1.,-4.4E-16));
#2185 = ADVANCED_FACE('',(#2186),#2204,.T.);
#2186 = FACE_BOUND('',#2187,.T.);
#2187 = EDGE_LOOP('',(#2188,#2189,#2197,#2203));
#2188 = ORIENTED_EDGE('',*,*,#2174,.T.);
#2189 = ORIENTED_EDGE('',*,*,#2190,.T.);
#2190 = EDGE_CURVE('',#2167,#2191,#2193,.T.);
#2191 = VERTEX_POINT('',#2192);
#2192 = CARTESIAN_POINT('',(12.5,70.,12.5));
#2193 = LINE('',#2194,#2195);
#2194 = CARTESIAN_POINT('',(9.5,70.,12.5));
#2195 = VECTOR('',#2196,1.);
#2196 = DIRECTION('',(1.,0.,0.));
#2197 = ORIENTED_EDGE('',*,*,#2198,.F.);
#2198 = EDGE_CURVE('',#1225,#2191,#2199,.T.);
#2199 = LINE('',#2200,#2201);
#2200 = CARTESIAN_POINT('',(12.5,70.,10.));
#2201 = VECTOR('',#2202,1.);
#2202 = DIRECTION('',(0.,4.4E-16,1.));
#2203 = ORIENTED_EDGE('',*,*,#1232,.F.);
#2204 = PLANE('',#2205);
#2205 = AXIS2_PLACEMENT_3D('',#2206,#2207,#2208);
#2206 = CARTESIAN_POINT('',(9.5,70.,10.));
#2207 = DIRECTION('',(0.,1.,-4.4E-16));
#2208 = DIRECTION('',(1.,0.,0.));
#2209 = ADVANCED_FACE('',(#2210),#2229,.F.);
#2210 = FACE_BOUND('',#2211,.F.);
#2211 = EDGE_LOOP('',(#2212,#2213,#2221,#2228));
#2212 = ORIENTED_EDGE('',*,*,#1298,.F.);
#2213 = ORIENTED_EDGE('',*,*,#2214,.T.);
#2214 = EDGE_CURVE('',#1299,#2215,#2217,.T.);
#2215 = VERTEX_POINT('',#2216);
#2216 = CARTESIAN_POINT('',(9.9,57.,4.25));
#2217 = LINE('',#2218,#2219);
#2218 = CARTESIAN_POINT('',(9.9,57.,10.));
#2219 = VECTOR('',#2220,1.);
#2220 = DIRECTION('',(0.,-4.4E-16,-1.));
#2221 = ORIENTED_EDGE('',*,*,#2222,.T.);
#2222 = EDGE_CURVE('',#2215,#2215,#2223,.T.);
#2223 = CIRCLE('',#2224,1.9);
#2224 = AXIS2_PLACEMENT_3D('',#2225,#2226,#2227);
#2225 = CARTESIAN_POINT('',(8.,57.,4.25));
#2226 = DIRECTION('',(-0.,4.4E-16,1.));
#2227 = DIRECTION('',(1.,0.,0.));
#2228 = ORIENTED_EDGE('',*,*,#2214,.F.);
#2229 = CYLINDRICAL_SURFACE('',#2230,1.9);
#2230 = AXIS2_PLACEMENT_3D('',#2231,#2232,#2233);
#2231 = CARTESIAN_POINT('',(8.,57.,10.));
#2232 = DIRECTION('',(0.,4.4E-16,1.));
#2233 = DIRECTION('',(1.,0.,0.));
#2234 = ADVANCED_FACE('',(#2235),#2254,.F.);
#2235 = FACE_BOUND('',#2236,.F.);
#2236 = EDGE_LOOP('',(#2237,#2238,#2246,#2253));
#2237 = ORIENTED_EDGE('',*,*,#1309,.F.);
#2238 = ORIENTED_EDGE('',*,*,#2239,.T.);
#2239 = EDGE_CURVE('',#1310,#2240,#2242,.T.);
#2240 = VERTEX_POINT('',#2241);
#2241 = CARTESIAN_POINT('',(9.9,73.,4.25));
#2242 = LINE('',#2243,#2244);
#2243 = CARTESIAN_POINT('',(9.9,73.,10.));
#2244 = VECTOR('',#2245,1.);
#2245 = DIRECTION('',(0.,-4.4E-16,-1.));
#2246 = ORIENTED_EDGE('',*,*,#2247,.T.);
#2247 = EDGE_CURVE('',#2240,#2240,#2248,.T.);
#2248 = CIRCLE('',#2249,1.9);
#2249 = AXIS2_PLACEMENT_3D('',#2250,#2251,#2252);
#2250 = CARTESIAN_POINT('',(8.,73.,4.25));
#2251 = DIRECTION('',(-0.,4.4E-16,1.));
#2252 = DIRECTION('',(1.,0.,0.));
#2253 = ORIENTED_EDGE('',*,*,#2239,.F.);
#2254 = CYLINDRICAL_SURFACE('',#2255,1.9);
#2255 = AXIS2_PLACEMENT_3D('',#2256,#2257,#2258);
#2256 = CARTESIAN_POINT('',(8.,73.,10.));
#2257 = DIRECTION('',(0.,4.4E-16,1.));
#2258 = DIRECTION('',(1.,0.,0.));
#2259 = ADVANCED_FACE('',(#2260,#2302,#2313,#2324,#2335,#2346,#2396),
  #2446,.T.);
#2260 = FACE_BOUND('',#2261,.T.);
#2261 = EDGE_LOOP('',(#2262,#2272,#2278,#2279,#2280,#2288,#2296));
#2262 = ORIENTED_EDGE('',*,*,#2263,.F.);
#2263 = EDGE_CURVE('',#2264,#2266,#2268,.T.);
#2264 = VERTEX_POINT('',#2265);
#2265 = CARTESIAN_POINT('',(0.,0.,0.));
#2266 = VERTEX_POINT('',#2267);
#2267 = CARTESIAN_POINT('',(35.,0.,0.));
#2268 = LINE('',#2269,#2270);
#2269 = CARTESIAN_POINT('',(0.,0.,0.));
#2270 = VECTOR('',#2271,1.);
#2271 = DIRECTION('',(1.,0.,0.));
#2272 = ORIENTED_EDGE('',*,*,#2273,.F.);
#2273 = EDGE_CURVE('',#1345,#2264,#2274,.T.);
#2274 = LINE('',#2275,#2276);
#2275 = CARTESIAN_POINT('',(0.,85.,0.));
#2276 = VECTOR('',#2277,1.);
#2277 = DIRECTION('',(0.,-1.,0.));
#2278 = ORIENTED_EDGE('',*,*,#1353,.T.);
#2279 = ORIENTED_EDGE('',*,*,#1335,.T.);
#2280 = ORIENTED_EDGE('',*,*,#2281,.F.);
#2281 = EDGE_CURVE('',#2282,#1336,#2284,.T.);
#2282 = VERTEX_POINT('',#2283);
#2283 = CARTESIAN_POINT('',(0.,85.,-3.8E-14));
#2284 = LINE('',#2285,#2286);
#2285 = CARTESIAN_POINT('',(0.,85.,0.));
#2286 = VECTOR('',#2287,1.);
#2287 = DIRECTION('',(0.,-1.,0.));
#2288 = ORIENTED_EDGE('',*,*,#2289,.F.);
#2289 = EDGE_CURVE('',#2290,#2282,#2292,.T.);
#2290 = VERTEX_POINT('',#2291);
#2291 = CARTESIAN_POINT('',(35.,85.,0.));
#2292 = LINE('',#2293,#2294);
#2293 = CARTESIAN_POINT('',(35.,85.,0.));
#2294 = VECTOR('',#2295,1.);
#2295 = DIRECTION('',(-1.,0.,0.));
#2296 = ORIENTED_EDGE('',*,*,#2297,.F.);
#2297 = EDGE_CURVE('',#2266,#2290,#2298,.T.);
#2298 = LINE('',#2299,#2300);
#2299 = CARTESIAN_POINT('',(35.,0.,0.));
#2300 = VECTOR('',#2301,1.);
#2301 = DIRECTION('',(0.,1.,0.));
#2302 = FACE_BOUND('',#2303,.T.);
#2303 = EDGE_LOOP('',(#2304));
#2304 = ORIENTED_EDGE('',*,*,#2305,.T.);
#2305 = EDGE_CURVE('',#2306,#2306,#2308,.T.);
#2306 = VERTEX_POINT('',#2307);
#2307 = CARTESIAN_POINT('',(11.75,30.,7.993605777301E-15));
#2308 = CIRCLE('',#2309,1.75);
#2309 = AXIS2_PLACEMENT_3D('',#2310,#2311,#2312);
#2310 = CARTESIAN_POINT('',(10.,30.,7.993605777301E-15));
#2311 = DIRECTION('',(0.,0.,1.));
#2312 = DIRECTION('',(1.,0.,0.));
#2313 = FACE_BOUND('',#2314,.T.);
#2314 = EDGE_LOOP('',(#2315));
#2315 = ORIENTED_EDGE('',*,*,#2316,.T.);
#2316 = EDGE_CURVE('',#2317,#2317,#2319,.T.);
#2317 = VERTEX_POINT('',#2318);
#2318 = CARTESIAN_POINT('',(11.75,40.,7.993605777301E-15));
#2319 = CIRCLE('',#2320,1.75);
#2320 = AXIS2_PLACEMENT_3D('',#2321,#2322,#2323);
#2321 = CARTESIAN_POINT('',(10.,40.,7.993605777301E-15));
#2322 = DIRECTION('',(0.,0.,1.));
#2323 = DIRECTION('',(1.,0.,0.));
#2324 = FACE_BOUND('',#2325,.T.);
#2325 = EDGE_LOOP('',(#2326));
#2326 = ORIENTED_EDGE('',*,*,#2327,.F.);
#2327 = EDGE_CURVE('',#2328,#2328,#2330,.T.);
#2328 = VERTEX_POINT('',#2329);
#2329 = CARTESIAN_POINT('',(11.75,57.,0.));
#2330 = CIRCLE('',#2331,3.75);
#2331 = AXIS2_PLACEMENT_3D('',#2332,#2333,#2334);
#2332 = CARTESIAN_POINT('',(8.,57.,0.));
#2333 = DIRECTION('',(0.,0.,-1.));
#2334 = DIRECTION('',(1.,0.,0.));
#2335 = FACE_BOUND('',#2336,.T.);
#2336 = EDGE_LOOP('',(#2337));
#2337 = ORIENTED_EDGE('',*,*,#2338,.F.);
#2338 = EDGE_CURVE('',#2339,#2339,#2341,.T.);
#2339 = VERTEX_POINT('',#2340);
#2340 = CARTESIAN_POINT('',(11.75,73.,0.));
#2341 = CIRCLE('',#2342,3.75);
#2342 = AXIS2_PLACEMENT_3D('',#2343,#2344,#2345);
#2343 = CARTESIAN_POINT('',(8.,73.,0.));
#2344 = DIRECTION('',(0.,0.,-1.));
#2345 = DIRECTION('',(1.,0.,0.));
#2346 = FACE_BOUND('',#2347,.T.);
#2347 = EDGE_LOOP('',(#2348,#2358,#2366,#2374,#2382,#2390));
#2348 = ORIENTED_EDGE('',*,*,#2349,.F.);
#2349 = EDGE_CURVE('',#2350,#2352,#2354,.T.);
#2350 = VERTEX_POINT('',#2351);
#2351 = CARTESIAN_POINT('',(30.,8.521836642057,0.));
#2352 = VERTEX_POINT('',#2353);
#2353 = CARTESIAN_POINT('',(33.05,6.760918321028,0.));
#2354 = LINE('',#2355,#2356);
#2355 = CARTESIAN_POINT('',(30.,8.521836642057,0.));
#2356 = VECTOR('',#2357,1.);
#2357 = DIRECTION('',(0.866025403784,-0.5,0.));
#2358 = ORIENTED_EDGE('',*,*,#2359,.F.);
#2359 = EDGE_CURVE('',#2360,#2350,#2362,.T.);
#2360 = VERTEX_POINT('',#2361);
#2361 = CARTESIAN_POINT('',(26.95,6.760918321028,0.));
#2362 = LINE('',#2363,#2364);
#2363 = CARTESIAN_POINT('',(26.95,6.760918321028,0.));
#2364 = VECTOR('',#2365,1.);
#2365 = DIRECTION('',(0.866025403784,0.5,0.));
#2366 = ORIENTED_EDGE('',*,*,#2367,.F.);
#2367 = EDGE_CURVE('',#2368,#2360,#2370,.T.);
#2368 = VERTEX_POINT('',#2369);
#2369 = CARTESIAN_POINT('',(26.95,3.239081678972,0.));
#2370 = LINE('',#2371,#2372);
#2371 = CARTESIAN_POINT('',(26.95,3.239081678972,0.));
#2372 = VECTOR('',#2373,1.);
#2373 = DIRECTION('',(0.,1.,0.));
#2374 = ORIENTED_EDGE('',*,*,#2375,.F.);
#2375 = EDGE_CURVE('',#2376,#2368,#2378,.T.);
#2376 = VERTEX_POINT('',#2377);
#2377 = CARTESIAN_POINT('',(30.,1.478163357943,0.));
#2378 = LINE('',#2379,#2380);
#2379 = CARTESIAN_POINT('',(30.,1.478163357943,0.));
#2380 = VECTOR('',#2381,1.);
#2381 = DIRECTION('',(-0.866025403784,0.5,-0.));
#2382 = ORIENTED_EDGE('',*,*,#2383,.F.);
#2383 = EDGE_CURVE('',#2384,#2376,#2386,.T.);
#2384 = VERTEX_POINT('',#2385);
#2385 = CARTESIAN_POINT('',(33.05,3.239081678972,0.));
#2386 = LINE('',#2387,#2388);
#2387 = CARTESIAN_POINT('',(33.05,3.239081678972,0.));
#2388 = VECTOR('',#2389,1.);
#2389 = DIRECTION('',(-0.866025403784,-0.5,0.));
#2390 = ORIENTED_EDGE('',*,*,#2391,.F.);
#2391 = EDGE_CURVE('',#2352,#2384,#2392,.T.);
#2392 = LINE('',#2393,#2394);
#2393 = CARTESIAN_POINT('',(33.05,6.760918321028,0.));
#2394 = VECTOR('',#2395,1.);
#2395 = DIRECTION('',(0.,-1.,0.));
#2396 = FACE_BOUND('',#2397,.T.);
#2397 = EDGE_LOOP('',(#2398,#2408,#2416,#2424,#2432,#2440));
#2398 = ORIENTED_EDGE('',*,*,#2399,.F.);
#2399 = EDGE_CURVE('',#2400,#2402,#2404,.T.);
#2400 = VERTEX_POINT('',#2401);
#2401 = CARTESIAN_POINT('',(33.05,78.239081678972,0.));
#2402 = VERTEX_POINT('',#2403);
#2403 = CARTESIAN_POINT('',(30.,76.478163357943,0.));
#2404 = LINE('',#2405,#2406);
#2405 = CARTESIAN_POINT('',(33.05,78.239081678972,0.));
#2406 = VECTOR('',#2407,1.);
#2407 = DIRECTION('',(-0.866025403784,-0.5,0.));
#2408 = ORIENTED_EDGE('',*,*,#2409,.F.);
#2409 = EDGE_CURVE('',#2410,#2400,#2412,.T.);
#2410 = VERTEX_POINT('',#2411);
#2411 = CARTESIAN_POINT('',(33.05,81.760918321028,0.));
#2412 = LINE('',#2413,#2414);
#2413 = CARTESIAN_POINT('',(33.05,81.760918321028,0.));
#2414 = VECTOR('',#2415,1.);
#2415 = DIRECTION('',(0.,-1.,0.));
#2416 = ORIENTED_EDGE('',*,*,#2417,.F.);
#2417 = EDGE_CURVE('',#2418,#2410,#2420,.T.);
#2418 = VERTEX_POINT('',#2419);
#2419 = CARTESIAN_POINT('',(30.,83.521836642057,0.));
#2420 = LINE('',#2421,#2422);
#2421 = CARTESIAN_POINT('',(30.,83.521836642057,0.));
#2422 = VECTOR('',#2423,1.);
#2423 = DIRECTION('',(0.866025403784,-0.5,0.));
#2424 = ORIENTED_EDGE('',*,*,#2425,.F.);
#2425 = EDGE_CURVE('',#2426,#2418,#2428,.T.);
#2426 = VERTEX_POINT('',#2427);
#2427 = CARTESIAN_POINT('',(26.95,81.760918321028,0.));
#2428 = LINE('',#2429,#2430);
#2429 = CARTESIAN_POINT('',(26.95,81.760918321028,0.));
#2430 = VECTOR('',#2431,1.);
#2431 = DIRECTION('',(0.866025403784,0.5,0.));
#2432 = ORIENTED_EDGE('',*,*,#2433,.F.);
#2433 = EDGE_CURVE('',#2434,#2426,#2436,.T.);
#2434 = VERTEX_POINT('',#2435);
#2435 = CARTESIAN_POINT('',(26.95,78.239081678972,0.));
#2436 = LINE('',#2437,#2438);
#2437 = CARTESIAN_POINT('',(26.95,78.239081678972,0.));
#2438 = VECTOR('',#2439,1.);
#2439 = DIRECTION('',(0.,1.,0.));
#2440 = ORIENTED_EDGE('',*,*,#2441,.F.);
#2441 = EDGE_CURVE('',#2402,#2434,#2442,.T.);
#2442 = LINE('',#2443,#2444);
#2443 = CARTESIAN_POINT('',(30.,76.478163357943,0.));
#2444 = VECTOR('',#2445,1.);
#2445 = DIRECTION('',(-0.866025403784,0.5,-0.));
#2446 = PLANE('',#2447);
#2447 = AXIS2_PLACEMENT_3D('',#2448,#2449,#2450);
#2448 = CARTESIAN_POINT('',(17.5,42.5,-9.44E-15));
#2449 = DIRECTION('',(0.,-2.2E-16,-1.));
#2450 = DIRECTION('',(0.,1.,-2.2E-16));
#2451 = ADVANCED_FACE('',(#2452,#2479,#2490,#2501,#2512,#2523,#2573),
  #2623,.T.);
#2452 = FACE_BOUND('',#2453,.F.);
#2453 = EDGE_LOOP('',(#2454,#2462,#2463,#2464,#2465,#2473));
#2454 = ORIENTED_EDGE('',*,*,#2455,.F.);
#2455 = EDGE_CURVE('',#2264,#2456,#2458,.T.);
#2456 = VERTEX_POINT('',#2457);
#2457 = CARTESIAN_POINT('',(-35.,0.,0.));
#2458 = LINE('',#2459,#2460);
#2459 = CARTESIAN_POINT('',(0.,0.,0.));
#2460 = VECTOR('',#2461,1.);
#2461 = DIRECTION('',(-1.,-0.,-0.));
#2462 = ORIENTED_EDGE('',*,*,#2273,.F.);
#2463 = ORIENTED_EDGE('',*,*,#1344,.F.);
#2464 = ORIENTED_EDGE('',*,*,#2281,.F.);
#2465 = ORIENTED_EDGE('',*,*,#2466,.F.);
#2466 = EDGE_CURVE('',#2467,#2282,#2469,.T.);
#2467 = VERTEX_POINT('',#2468);
#2468 = CARTESIAN_POINT('',(-35.,85.,-3.8E-14));
#2469 = LINE('',#2470,#2471);
#2470 = CARTESIAN_POINT('',(-35.,85.,0.));
#2471 = VECTOR('',#2472,1.);
#2472 = DIRECTION('',(1.,0.,0.));
#2473 = ORIENTED_EDGE('',*,*,#2474,.F.);
#2474 = EDGE_CURVE('',#2456,#2467,#2475,.T.);
#2475 = LINE('',#2476,#2477);
#2476 = CARTESIAN_POINT('',(-35.,0.,0.));
#2477 = VECTOR('',#2478,1.);
#2478 = DIRECTION('',(0.,1.,0.));
#2479 = FACE_BOUND('',#2480,.F.);
#2480 = EDGE_LOOP('',(#2481));
#2481 = ORIENTED_EDGE('',*,*,#2482,.T.);
#2482 = EDGE_CURVE('',#2483,#2483,#2485,.T.);
#2483 = VERTEX_POINT('',#2484);
#2484 = CARTESIAN_POINT('',(-11.75,30.,-5.E-15));
#2485 = CIRCLE('',#2486,1.75);
#2486 = AXIS2_PLACEMENT_3D('',#2487,#2488,#2489);
#2487 = CARTESIAN_POINT('',(-10.,30.,7.993605777301E-15));
#2488 = DIRECTION('',(0.,0.,-1.));
#2489 = DIRECTION('',(-1.,0.,0.));
#2490 = FACE_BOUND('',#2491,.F.);
#2491 = EDGE_LOOP('',(#2492));
#2492 = ORIENTED_EDGE('',*,*,#2493,.T.);
#2493 = EDGE_CURVE('',#2494,#2494,#2496,.T.);
#2494 = VERTEX_POINT('',#2495);
#2495 = CARTESIAN_POINT('',(-11.75,40.,-1.E-14));
#2496 = CIRCLE('',#2497,1.75);
#2497 = AXIS2_PLACEMENT_3D('',#2498,#2499,#2500);
#2498 = CARTESIAN_POINT('',(-10.,40.,7.993605777301E-15));
#2499 = DIRECTION('',(0.,0.,-1.));
#2500 = DIRECTION('',(-1.,0.,0.));
#2501 = FACE_BOUND('',#2502,.F.);
#2502 = EDGE_LOOP('',(#2503));
#2503 = ORIENTED_EDGE('',*,*,#2504,.F.);
#2504 = EDGE_CURVE('',#2505,#2505,#2507,.T.);
#2505 = VERTEX_POINT('',#2506);
#2506 = CARTESIAN_POINT('',(-11.75,57.,-2.5E-14));
#2507 = CIRCLE('',#2508,3.75);
#2508 = AXIS2_PLACEMENT_3D('',#2509,#2510,#2511);
#2509 = CARTESIAN_POINT('',(-8.,57.,0.));
#2510 = DIRECTION('',(0.,0.,1.));
#2511 = DIRECTION('',(-1.,0.,0.));
#2512 = FACE_BOUND('',#2513,.F.);
#2513 = EDGE_LOOP('',(#2514));
#2514 = ORIENTED_EDGE('',*,*,#2515,.F.);
#2515 = EDGE_CURVE('',#2516,#2516,#2518,.T.);
#2516 = VERTEX_POINT('',#2517);
#2517 = CARTESIAN_POINT('',(-11.75,73.,-3.2E-14));
#2518 = CIRCLE('',#2519,3.75);
#2519 = AXIS2_PLACEMENT_3D('',#2520,#2521,#2522);
#2520 = CARTESIAN_POINT('',(-8.,73.,0.));
#2521 = DIRECTION('',(0.,0.,1.));
#2522 = DIRECTION('',(-1.,0.,0.));
#2523 = FACE_BOUND('',#2524,.F.);
#2524 = EDGE_LOOP('',(#2525,#2535,#2543,#2551,#2559,#2567));
#2525 = ORIENTED_EDGE('',*,*,#2526,.F.);
#2526 = EDGE_CURVE('',#2527,#2529,#2531,.T.);
#2527 = VERTEX_POINT('',#2528);
#2528 = CARTESIAN_POINT('',(-30.,8.521836642057,-4.E-15));
#2529 = VERTEX_POINT('',#2530);
#2530 = CARTESIAN_POINT('',(-33.05,6.760918321028,-3.E-15));
#2531 = LINE('',#2532,#2533);
#2532 = CARTESIAN_POINT('',(-30.,8.521836642057,0.));
#2533 = VECTOR('',#2534,1.);
#2534 = DIRECTION('',(-0.866025403784,-0.5,0.));
#2535 = ORIENTED_EDGE('',*,*,#2536,.F.);
#2536 = EDGE_CURVE('',#2537,#2527,#2539,.T.);
#2537 = VERTEX_POINT('',#2538);
#2538 = CARTESIAN_POINT('',(-26.95,6.760918321028,-3.E-15));
#2539 = LINE('',#2540,#2541);
#2540 = CARTESIAN_POINT('',(-26.95,6.760918321028,0.));
#2541 = VECTOR('',#2542,1.);
#2542 = DIRECTION('',(-0.866025403784,0.5,0.));
#2543 = ORIENTED_EDGE('',*,*,#2544,.F.);
#2544 = EDGE_CURVE('',#2545,#2537,#2547,.T.);
#2545 = VERTEX_POINT('',#2546);
#2546 = CARTESIAN_POINT('',(-26.95,3.239081678972,-1.E-15));
#2547 = LINE('',#2548,#2549);
#2548 = CARTESIAN_POINT('',(-26.95,3.239081678972,0.));
#2549 = VECTOR('',#2550,1.);
#2550 = DIRECTION('',(-0.,1.,0.));
#2551 = ORIENTED_EDGE('',*,*,#2552,.F.);
#2552 = EDGE_CURVE('',#2553,#2545,#2555,.T.);
#2553 = VERTEX_POINT('',#2554);
#2554 = CARTESIAN_POINT('',(-30.,1.478163357943,-1.E-15));
#2555 = LINE('',#2556,#2557);
#2556 = CARTESIAN_POINT('',(-30.,1.478163357943,0.));
#2557 = VECTOR('',#2558,1.);
#2558 = DIRECTION('',(0.866025403784,0.5,0.));
#2559 = ORIENTED_EDGE('',*,*,#2560,.F.);
#2560 = EDGE_CURVE('',#2561,#2553,#2563,.T.);
#2561 = VERTEX_POINT('',#2562);
#2562 = CARTESIAN_POINT('',(-33.05,3.239081678972,-1.E-15));
#2563 = LINE('',#2564,#2565);
#2564 = CARTESIAN_POINT('',(-33.05,3.239081678972,0.));
#2565 = VECTOR('',#2566,1.);
#2566 = DIRECTION('',(0.866025403784,-0.5,0.));
#2567 = ORIENTED_EDGE('',*,*,#2568,.F.);
#2568 = EDGE_CURVE('',#2529,#2561,#2569,.T.);
#2569 = LINE('',#2570,#2571);
#2570 = CARTESIAN_POINT('',(-33.05,6.760918321028,0.));
#2571 = VECTOR('',#2572,1.);
#2572 = DIRECTION('',(0.,-1.,0.));
#2573 = FACE_BOUND('',#2574,.F.);
#2574 = EDGE_LOOP('',(#2575,#2585,#2593,#2601,#2609,#2617));
#2575 = ORIENTED_EDGE('',*,*,#2576,.F.);
#2576 = EDGE_CURVE('',#2577,#2579,#2581,.T.);
#2577 = VERTEX_POINT('',#2578);
#2578 = CARTESIAN_POINT('',(-33.05,78.239081678972,-3.5E-14));
#2579 = VERTEX_POINT('',#2580);
#2580 = CARTESIAN_POINT('',(-30.,76.478163357943,-3.4E-14));
#2581 = LINE('',#2582,#2583);
#2582 = CARTESIAN_POINT('',(-33.05,78.239081678972,0.));
#2583 = VECTOR('',#2584,1.);
#2584 = DIRECTION('',(0.866025403784,-0.5,0.));
#2585 = ORIENTED_EDGE('',*,*,#2586,.F.);
#2586 = EDGE_CURVE('',#2587,#2577,#2589,.T.);
#2587 = VERTEX_POINT('',#2588);
#2588 = CARTESIAN_POINT('',(-33.05,81.760918321028,-3.6E-14));
#2589 = LINE('',#2590,#2591);
#2590 = CARTESIAN_POINT('',(-33.05,81.760918321028,0.));
#2591 = VECTOR('',#2592,1.);
#2592 = DIRECTION('',(0.,-1.,0.));
#2593 = ORIENTED_EDGE('',*,*,#2594,.F.);
#2594 = EDGE_CURVE('',#2595,#2587,#2597,.T.);
#2595 = VERTEX_POINT('',#2596);
#2596 = CARTESIAN_POINT('',(-30.,83.521836642057,-3.7E-14));
#2597 = LINE('',#2598,#2599);
#2598 = CARTESIAN_POINT('',(-30.,83.521836642057,0.));
#2599 = VECTOR('',#2600,1.);
#2600 = DIRECTION('',(-0.866025403784,-0.5,0.));
#2601 = ORIENTED_EDGE('',*,*,#2602,.F.);
#2602 = EDGE_CURVE('',#2603,#2595,#2605,.T.);
#2603 = VERTEX_POINT('',#2604);
#2604 = CARTESIAN_POINT('',(-26.95,81.760918321028,-3.6E-14));
#2605 = LINE('',#2606,#2607);
#2606 = CARTESIAN_POINT('',(-26.95,81.760918321028,0.));
#2607 = VECTOR('',#2608,1.);
#2608 = DIRECTION('',(-0.866025403784,0.5,0.));
#2609 = ORIENTED_EDGE('',*,*,#2610,.F.);
#2610 = EDGE_CURVE('',#2611,#2603,#2613,.T.);
#2611 = VERTEX_POINT('',#2612);
#2612 = CARTESIAN_POINT('',(-26.95,78.239081678972,-3.5E-14));
#2613 = LINE('',#2614,#2615);
#2614 = CARTESIAN_POINT('',(-26.95,78.239081678972,0.));
#2615 = VECTOR('',#2616,1.);
#2616 = DIRECTION('',(-0.,1.,0.));
#2617 = ORIENTED_EDGE('',*,*,#2618,.F.);
#2618 = EDGE_CURVE('',#2579,#2611,#2619,.T.);
#2619 = LINE('',#2620,#2621);
#2620 = CARTESIAN_POINT('',(-30.,76.478163357943,0.));
#2621 = VECTOR('',#2622,1.);
#2622 = DIRECTION('',(0.866025403784,0.5,0.));
#2623 = PLANE('',#2624);
#2624 = AXIS2_PLACEMENT_3D('',#2625,#2626,#2627);
#2625 = CARTESIAN_POINT('',(-17.5,42.5,-9.44E-15));
#2626 = DIRECTION('',(0.,-2.2E-16,-1.));
#2627 = DIRECTION('',(-0.,-1.,2.2E-16));
#2628 = ADVANCED_FACE('',(#2629,#2640),#2643,.T.);
#2629 = FACE_BOUND('',#2630,.F.);
#2630 = EDGE_LOOP('',(#2631));
#2631 = ORIENTED_EDGE('',*,*,#2632,.T.);
#2632 = EDGE_CURVE('',#2633,#2633,#2635,.T.);
#2633 = VERTEX_POINT('',#2634);
#2634 = CARTESIAN_POINT('',(-11.75,57.,4.25));
#2635 = CIRCLE('',#2636,3.75);
#2636 = AXIS2_PLACEMENT_3D('',#2637,#2638,#2639);
#2637 = CARTESIAN_POINT('',(-8.,57.,4.25));
#2638 = DIRECTION('',(0.,0.,1.));
#2639 = DIRECTION('',(-1.,0.,0.));
#2640 = FACE_BOUND('',#2641,.F.);
#2641 = EDGE_LOOP('',(#2642));
#2642 = ORIENTED_EDGE('',*,*,#1380,.F.);
#2643 = PLANE('',#2644);
#2644 = AXIS2_PLACEMENT_3D('',#2645,#2646,#2647);
#2645 = CARTESIAN_POINT('',(-8.,65.,4.25));
#2646 = DIRECTION('',(0.,-2.2E-16,-1.));
#2647 = DIRECTION('',(-0.,-1.,2.2E-16));
#2648 = ADVANCED_FACE('',(#2649,#2660),#2663,.T.);
#2649 = FACE_BOUND('',#2650,.F.);
#2650 = EDGE_LOOP('',(#2651));
#2651 = ORIENTED_EDGE('',*,*,#2652,.T.);
#2652 = EDGE_CURVE('',#2653,#2653,#2655,.T.);
#2653 = VERTEX_POINT('',#2654);
#2654 = CARTESIAN_POINT('',(-11.75,73.,4.25));
#2655 = CIRCLE('',#2656,3.75);
#2656 = AXIS2_PLACEMENT_3D('',#2657,#2658,#2659);
#2657 = CARTESIAN_POINT('',(-8.,73.,4.25));
#2658 = DIRECTION('',(0.,0.,1.));
#2659 = DIRECTION('',(-1.,0.,0.));
#2660 = FACE_BOUND('',#2661,.F.);
#2661 = EDGE_LOOP('',(#2662));
#2662 = ORIENTED_EDGE('',*,*,#1405,.F.);
#2663 = PLANE('',#2664);
#2664 = AXIS2_PLACEMENT_3D('',#2665,#2666,#2667);
#2665 = CARTESIAN_POINT('',(-8.,65.,4.25));
#2666 = DIRECTION('',(0.,-2.2E-16,-1.));
#2667 = DIRECTION('',(-0.,-1.,2.2E-16));
#2668 = ADVANCED_FACE('',(#2669),#2680,.T.);
#2669 = FACE_BOUND('',#2670,.T.);
#2670 = EDGE_LOOP('',(#2671,#2672,#2678,#2679));
#2671 = ORIENTED_EDGE('',*,*,#2198,.T.);
#2672 = ORIENTED_EDGE('',*,*,#2673,.T.);
#2673 = EDGE_CURVE('',#2191,#2135,#2674,.T.);
#2674 = LINE('',#2675,#2676);
#2675 = CARTESIAN_POINT('',(12.5,70.,12.5));
#2676 = VECTOR('',#2677,1.);
#2677 = DIRECTION('',(0.,-1.,0.));
#2678 = ORIENTED_EDGE('',*,*,#2134,.F.);
#2679 = ORIENTED_EDGE('',*,*,#1475,.F.);
#2680 = PLANE('',#2681);
#2681 = AXIS2_PLACEMENT_3D('',#2682,#2683,#2684);
#2682 = CARTESIAN_POINT('',(12.5,70.,10.));
#2683 = DIRECTION('',(1.,0.,0.));
#2684 = DIRECTION('',(0.,-1.,4.4E-16));
#2685 = ADVANCED_FACE('',(#2686),#2705,.F.);
#2686 = FACE_BOUND('',#2687,.F.);
#2687 = EDGE_LOOP('',(#2688,#2697,#2703,#2704));
#2688 = ORIENTED_EDGE('',*,*,#2689,.T.);
#2689 = EDGE_CURVE('',#1509,#2690,#2692,.T.);
#2690 = VERTEX_POINT('',#2691);
#2691 = CARTESIAN_POINT('',(30.000000000001,5.E-15,12.5));
#2692 = CIRCLE('',#2693,5.);
#2693 = AXIS2_PLACEMENT_3D('',#2694,#2695,#2696);
#2694 = CARTESIAN_POINT('',(30.,5.,12.5));
#2695 = DIRECTION('',(0.,0.,1.));
#2696 = DIRECTION('',(1.,0.,0.));
#2697 = ORIENTED_EDGE('',*,*,#2698,.T.);
#2698 = EDGE_CURVE('',#2690,#1921,#2699,.T.);
#2699 = LINE('',#2700,#2701);
#2700 = CARTESIAN_POINT('',(35.,-7.E-15,12.5));
#2701 = VECTOR('',#2702,1.);
#2702 = DIRECTION('',(-1.,0.,0.));
#2703 = ORIENTED_EDGE('',*,*,#1928,.T.);
#2704 = ORIENTED_EDGE('',*,*,#1508,.F.);
#2705 = PLANE('',#2706);
#2706 = AXIS2_PLACEMENT_3D('',#2707,#2708,#2709);
#2707 = CARTESIAN_POINT('',(17.5,42.5,12.5));
#2708 = DIRECTION('',(0.,-2.5E-16,-1.));
#2709 = DIRECTION('',(0.,1.,-2.5E-16));
#2710 = ADVANCED_FACE('',(#2711),#2737,.F.);
#2711 = FACE_BOUND('',#2712,.F.);
#2712 = EDGE_LOOP('',(#2713,#2714,#2722,#2731));
#2713 = ORIENTED_EDGE('',*,*,#1541,.F.);
#2714 = ORIENTED_EDGE('',*,*,#2715,.T.);
#2715 = EDGE_CURVE('',#1534,#2716,#2718,.T.);
#2716 = VERTEX_POINT('',#2717);
#2717 = CARTESIAN_POINT('',(30.,6.75,12.5));
#2718 = LINE('',#2719,#2720);
#2719 = CARTESIAN_POINT('',(30.,61.25,12.5));
#2720 = VECTOR('',#2721,1.);
#2721 = DIRECTION('',(0.,-1.,4.7E-16));
#2722 = ORIENTED_EDGE('',*,*,#2723,.T.);
#2723 = EDGE_CURVE('',#2716,#2724,#2726,.T.);
#2724 = VERTEX_POINT('',#2725);
#2725 = CARTESIAN_POINT('',(28.25,5.,12.5));
#2726 = CIRCLE('',#2727,1.75);
#2727 = AXIS2_PLACEMENT_3D('',#2728,#2729,#2730);
#2728 = CARTESIAN_POINT('',(30.,5.,12.5));
#2729 = DIRECTION('',(0.,0.,1.));
#2730 = DIRECTION('',(1.,0.,0.));
#2731 = ORIENTED_EDGE('',*,*,#2732,.T.);
#2732 = EDGE_CURVE('',#2724,#1509,#2733,.T.);
#2733 = LINE('',#2734,#2735);
#2734 = CARTESIAN_POINT('',(23.75,5.,12.5));
#2735 = VECTOR('',#2736,1.);
#2736 = DIRECTION('',(-1.,0.,0.));
#2737 = PLANE('',#2738);
#2738 = AXIS2_PLACEMENT_3D('',#2739,#2740,#2741);
#2739 = CARTESIAN_POINT('',(30.,42.5,12.5));
#2740 = DIRECTION('',(0.,-2.2E-16,-1.));
#2741 = DIRECTION('',(0.,1.,-2.2E-16));
#2742 = ADVANCED_FACE('',(#2743),#2770,.F.);
#2743 = FACE_BOUND('',#2744,.F.);
#2744 = EDGE_LOOP('',(#2745,#2754,#2762,#2769));
#2745 = ORIENTED_EDGE('',*,*,#2746,.T.);
#2746 = EDGE_CURVE('',#1558,#2747,#2749,.T.);
#2747 = VERTEX_POINT('',#2748);
#2748 = CARTESIAN_POINT('',(35.,80.,12.5));
#2749 = CIRCLE('',#2750,5.);
#2750 = AXIS2_PLACEMENT_3D('',#2751,#2752,#2753);
#2751 = CARTESIAN_POINT('',(30.,80.,12.5));
#2752 = DIRECTION('',(0.,0.,1.));
#2753 = DIRECTION('',(1.,0.,0.));
#2754 = ORIENTED_EDGE('',*,*,#2755,.T.);
#2755 = EDGE_CURVE('',#2747,#2756,#2758,.T.);
#2756 = VERTEX_POINT('',#2757);
#2757 = CARTESIAN_POINT('',(35.,5.,12.5));
#2758 = LINE('',#2759,#2760);
#2759 = CARTESIAN_POINT('',(35.,85.,12.5));
#2760 = VECTOR('',#2761,1.);
#2761 = DIRECTION('',(0.,-1.,0.));
#2762 = ORIENTED_EDGE('',*,*,#2763,.T.);
#2763 = EDGE_CURVE('',#2756,#1534,#2764,.T.);
#2764 = CIRCLE('',#2765,5.);
#2765 = AXIS2_PLACEMENT_3D('',#2766,#2767,#2768);
#2766 = CARTESIAN_POINT('',(30.,5.,12.5));
#2767 = DIRECTION('',(0.,0.,1.));
#2768 = DIRECTION('',(1.,0.,0.));
#2769 = ORIENTED_EDGE('',*,*,#1557,.F.);
#2770 = PLANE('',#2771);
#2771 = AXIS2_PLACEMENT_3D('',#2772,#2773,#2774);
#2772 = CARTESIAN_POINT('',(17.5,42.5,12.5));
#2773 = DIRECTION('',(0.,-2.5E-16,-1.));
#2774 = DIRECTION('',(0.,1.,-2.5E-16));
#2775 = ADVANCED_FACE('',(#2776),#2802,.F.);
#2776 = FACE_BOUND('',#2777,.F.);
#2777 = EDGE_LOOP('',(#2778,#2789,#2795,#2796));
#2778 = ORIENTED_EDGE('',*,*,#2779,.T.);
#2779 = EDGE_CURVE('',#2780,#2782,#2784,.T.);
#2780 = VERTEX_POINT('',#2781);
#2781 = CARTESIAN_POINT('',(28.25,80.,12.5));
#2782 = VERTEX_POINT('',#2783);
#2783 = CARTESIAN_POINT('',(30.,78.25,12.5));
#2784 = CIRCLE('',#2785,1.75);
#2785 = AXIS2_PLACEMENT_3D('',#2786,#2787,#2788);
#2786 = CARTESIAN_POINT('',(30.,80.,12.5));
#2787 = DIRECTION('',(0.,0.,1.));
#2788 = DIRECTION('',(1.,0.,0.));
#2789 = ORIENTED_EDGE('',*,*,#2790,.T.);
#2790 = EDGE_CURVE('',#2782,#1558,#2791,.T.);
#2791 = LINE('',#2792,#2793);
#2792 = CARTESIAN_POINT('',(30.,61.25,12.5));
#2793 = VECTOR('',#2794,1.);
#2794 = DIRECTION('',(0.,-1.,4.7E-16));
#2795 = ORIENTED_EDGE('',*,*,#1591,.F.);
#2796 = ORIENTED_EDGE('',*,*,#2797,.T.);
#2797 = EDGE_CURVE('',#1584,#2780,#2798,.T.);
#2798 = LINE('',#2799,#2800);
#2799 = CARTESIAN_POINT('',(8.75,80.,12.5));
#2800 = VECTOR('',#2801,1.);
#2801 = DIRECTION('',(1.,0.,0.));
#2802 = PLANE('',#2803);
#2803 = AXIS2_PLACEMENT_3D('',#2804,#2805,#2806);
#2804 = CARTESIAN_POINT('',(30.,42.5,12.5));
#2805 = DIRECTION('',(0.,-2.2E-16,-1.));
#2806 = DIRECTION('',(0.,1.,-2.2E-16));
#2807 = ADVANCED_FACE('',(#2808),#2827,.F.);
#2808 = FACE_BOUND('',#2809,.F.);
#2809 = EDGE_LOOP('',(#2810,#2811,#2812,#2820));
#2810 = ORIENTED_EDGE('',*,*,#1606,.F.);
#2811 = ORIENTED_EDGE('',*,*,#2041,.T.);
#2812 = ORIENTED_EDGE('',*,*,#2813,.T.);
#2813 = EDGE_CURVE('',#2042,#2814,#2816,.T.);
#2814 = VERTEX_POINT('',#2815);
#2815 = CARTESIAN_POINT('',(30.,85.,12.5));
#2816 = LINE('',#2817,#2818);
#2817 = CARTESIAN_POINT('',(0.,85.,12.5));
#2818 = VECTOR('',#2819,1.);
#2819 = DIRECTION('',(1.,0.,0.));
#2820 = ORIENTED_EDGE('',*,*,#2821,.T.);
#2821 = EDGE_CURVE('',#2814,#1584,#2822,.T.);
#2822 = CIRCLE('',#2823,5.);
#2823 = AXIS2_PLACEMENT_3D('',#2824,#2825,#2826);
#2824 = CARTESIAN_POINT('',(30.,80.,12.5));
#2825 = DIRECTION('',(0.,0.,1.));
#2826 = DIRECTION('',(1.,0.,0.));
#2827 = PLANE('',#2828);
#2828 = AXIS2_PLACEMENT_3D('',#2829,#2830,#2831);
#2829 = CARTESIAN_POINT('',(17.5,42.5,12.5));
#2830 = DIRECTION('',(0.,-2.5E-16,-1.));
#2831 = DIRECTION('',(0.,1.,-2.5E-16));
#2832 = ADVANCED_FACE('',(#2833,#2841),#2852,.F.);
#2833 = FACE_BOUND('',#2834,.F.);
#2834 = EDGE_LOOP('',(#2835,#2836,#2837,#2838,#2839,#2840));
#2835 = ORIENTED_EDGE('',*,*,#1679,.F.);
#2836 = ORIENTED_EDGE('',*,*,#1631,.F.);
#2837 = ORIENTED_EDGE('',*,*,#1662,.F.);
#2838 = ORIENTED_EDGE('',*,*,#1710,.F.);
#2839 = ORIENTED_EDGE('',*,*,#1751,.F.);
#2840 = ORIENTED_EDGE('',*,*,#1727,.F.);
#2841 = FACE_BOUND('',#2842,.F.);
#2842 = EDGE_LOOP('',(#2843));
#2843 = ORIENTED_EDGE('',*,*,#2844,.T.);
#2844 = EDGE_CURVE('',#2845,#2845,#2847,.T.);
#2845 = VERTEX_POINT('',#2846);
#2846 = CARTESIAN_POINT('',(11.75,30.,2.2));
#2847 = CIRCLE('',#2848,1.75);
#2848 = AXIS2_PLACEMENT_3D('',#2849,#2850,#2851);
#2849 = CARTESIAN_POINT('',(10.,30.,2.2));
#2850 = DIRECTION('',(-0.,4.4E-16,1.));
#2851 = DIRECTION('',(1.,0.,0.));
#2852 = PLANE('',#2853);
#2853 = AXIS2_PLACEMENT_3D('',#2854,#2855,#2856);
#2854 = CARTESIAN_POINT('',(10.,35.,2.2));
#2855 = DIRECTION('',(0.,-2.1E-16,-1.));
#2856 = DIRECTION('',(0.,1.,-2.1E-16));
#2857 = ADVANCED_FACE('',(#2858,#2866),#2877,.F.);
#2858 = FACE_BOUND('',#2859,.F.);
#2859 = EDGE_LOOP('',(#2860,#2861,#2862,#2863,#2864,#2865));
#2860 = ORIENTED_EDGE('',*,*,#1823,.F.);
#2861 = ORIENTED_EDGE('',*,*,#1775,.F.);
#2862 = ORIENTED_EDGE('',*,*,#1806,.F.);
#2863 = ORIENTED_EDGE('',*,*,#1854,.F.);
#2864 = ORIENTED_EDGE('',*,*,#1895,.F.);
#2865 = ORIENTED_EDGE('',*,*,#1871,.F.);
#2866 = FACE_BOUND('',#2867,.F.);
#2867 = EDGE_LOOP('',(#2868));
#2868 = ORIENTED_EDGE('',*,*,#2869,.T.);
#2869 = EDGE_CURVE('',#2870,#2870,#2872,.T.);
#2870 = VERTEX_POINT('',#2871);
#2871 = CARTESIAN_POINT('',(11.75,40.,2.2));
#2872 = CIRCLE('',#2873,1.75);
#2873 = AXIS2_PLACEMENT_3D('',#2874,#2875,#2876);
#2874 = CARTESIAN_POINT('',(10.,40.,2.2));
#2875 = DIRECTION('',(-0.,4.4E-16,1.));
#2876 = DIRECTION('',(1.,0.,0.));
#2877 = PLANE('',#2878);
#2878 = AXIS2_PLACEMENT_3D('',#2879,#2880,#2881);
#2879 = CARTESIAN_POINT('',(10.,35.,2.2));
#2880 = DIRECTION('',(0.,-2.1E-16,-1.));
#2881 = DIRECTION('',(0.,1.,-2.1E-16));
#2882 = ADVANCED_FACE('',(#2883),#2912,.F.);
#2883 = FACE_BOUND('',#2884,.T.);
#2884 = EDGE_LOOP('',(#2885,#2886,#2893,#2894,#2895,#2904,#2911));
#2885 = ORIENTED_EDGE('',*,*,#1992,.F.);
#2886 = ORIENTED_EDGE('',*,*,#2887,.F.);
#2887 = EDGE_CURVE('',#1912,#1985,#2888,.T.);
#2888 = CIRCLE('',#2889,5.);
#2889 = AXIS2_PLACEMENT_3D('',#2890,#2891,#2892);
#2890 = CARTESIAN_POINT('',(-30.,5.,12.5));
#2891 = DIRECTION('',(0.,0.,-1.));
#2892 = DIRECTION('',(-1.,0.,0.));
#2893 = ORIENTED_EDGE('',*,*,#1911,.F.);
#2894 = ORIENTED_EDGE('',*,*,#1961,.T.);
#2895 = ORIENTED_EDGE('',*,*,#2896,.T.);
#2896 = EDGE_CURVE('',#1953,#2897,#2899,.T.);
#2897 = VERTEX_POINT('',#2898);
#2898 = CARTESIAN_POINT('',(-31.75,5.,12.5));
#2899 = CIRCLE('',#2900,1.75);
#2900 = AXIS2_PLACEMENT_3D('',#2901,#2902,#2903);
#2901 = CARTESIAN_POINT('',(-30.,5.,12.5));
#2902 = DIRECTION('',(0.,0.,-1.));
#2903 = DIRECTION('',(-1.,-0.,-0.));
#2904 = ORIENTED_EDGE('',*,*,#2905,.T.);
#2905 = EDGE_CURVE('',#2897,#1945,#2906,.T.);
#2906 = CIRCLE('',#2907,1.75);
#2907 = AXIS2_PLACEMENT_3D('',#2908,#2909,#2910);
#2908 = CARTESIAN_POINT('',(-30.,5.,12.5));
#2909 = DIRECTION('',(0.,0.,-1.));
#2910 = DIRECTION('',(-1.,-0.,-0.));
#2911 = ORIENTED_EDGE('',*,*,#1944,.T.);
#2912 = PLANE('',#2913);
#2913 = AXIS2_PLACEMENT_3D('',#2914,#2915,#2916);
#2914 = CARTESIAN_POINT('',(-17.5,42.5,12.5));
#2915 = DIRECTION('',(0.,-2.5E-16,-1.));
#2916 = DIRECTION('',(-0.,-1.,2.5E-16));
#2917 = ADVANCED_FACE('',(#2918),#2942,.F.);
#2918 = FACE_BOUND('',#2919,.T.);
#2919 = EDGE_LOOP('',(#2920,#2921,#2927,#2928,#2936));
#2920 = ORIENTED_EDGE('',*,*,#2455,.F.);
#2921 = ORIENTED_EDGE('',*,*,#2922,.T.);
#2922 = EDGE_CURVE('',#2264,#1921,#2923,.T.);
#2923 = LINE('',#2924,#2925);
#2924 = CARTESIAN_POINT('',(0.,0.,0.));
#2925 = VECTOR('',#2926,1.);
#2926 = DIRECTION('',(0.,4.4E-16,1.));
#2927 = ORIENTED_EDGE('',*,*,#1920,.F.);
#2928 = ORIENTED_EDGE('',*,*,#2929,.F.);
#2929 = EDGE_CURVE('',#2930,#1912,#2932,.T.);
#2930 = VERTEX_POINT('',#2931);
#2931 = CARTESIAN_POINT('',(-35.,6.E-15,12.5));
#2932 = LINE('',#2933,#2934);
#2933 = CARTESIAN_POINT('',(-35.,-7.E-15,12.5));
#2934 = VECTOR('',#2935,1.);
#2935 = DIRECTION('',(1.,0.,0.));
#2936 = ORIENTED_EDGE('',*,*,#2937,.F.);
#2937 = EDGE_CURVE('',#2456,#2930,#2938,.T.);
#2938 = LINE('',#2939,#2940);
#2939 = CARTESIAN_POINT('',(-35.,0.,0.));
#2940 = VECTOR('',#2941,1.);
#2941 = DIRECTION('',(0.,4.4E-16,1.));
#2942 = PLANE('',#2943);
#2943 = AXIS2_PLACEMENT_3D('',#2944,#2945,#2946);
#2944 = CARTESIAN_POINT('',(0.,0.,0.));
#2945 = DIRECTION('',(0.,1.,-4.4E-16));
#2946 = DIRECTION('',(1.,0.,0.));
#2947 = ADVANCED_FACE('',(#2948),#2969,.F.);
#2948 = FACE_BOUND('',#2949,.T.);
#2949 = EDGE_LOOP('',(#2950,#2958,#2959,#2960,#2961,#2962));
#2950 = ORIENTED_EDGE('',*,*,#2951,.F.);
#2951 = EDGE_CURVE('',#2897,#2952,#2954,.T.);
#2952 = VERTEX_POINT('',#2953);
#2953 = CARTESIAN_POINT('',(-31.75,5.,7.5));
#2954 = LINE('',#2955,#2956);
#2955 = CARTESIAN_POINT('',(-31.75,5.,12.5));
#2956 = VECTOR('',#2957,1.);
#2957 = DIRECTION('',(-0.,-4.4E-16,-1.));
#2958 = ORIENTED_EDGE('',*,*,#2896,.F.);
#2959 = ORIENTED_EDGE('',*,*,#1952,.F.);
#2960 = ORIENTED_EDGE('',*,*,#2905,.F.);
#2961 = ORIENTED_EDGE('',*,*,#2951,.T.);
#2962 = ORIENTED_EDGE('',*,*,#2963,.F.);
#2963 = EDGE_CURVE('',#2952,#2952,#2964,.T.);
#2964 = CIRCLE('',#2965,1.75);
#2965 = AXIS2_PLACEMENT_3D('',#2966,#2967,#2968);
#2966 = CARTESIAN_POINT('',(-30.,5.,7.5));
#2967 = DIRECTION('',(0.,4.4E-16,1.));
#2968 = DIRECTION('',(-1.,0.,0.));
#2969 = CYLINDRICAL_SURFACE('',#2970,1.75);
#2970 = AXIS2_PLACEMENT_3D('',#2971,#2972,#2973);
#2971 = CARTESIAN_POINT('',(-30.,5.,12.5));
#2972 = DIRECTION('',(0.,4.4E-16,1.));
#2973 = DIRECTION('',(-1.,0.,0.));
#2974 = ADVANCED_FACE('',(#2975),#3004,.F.);
#2975 = FACE_BOUND('',#2976,.T.);
#2976 = EDGE_LOOP('',(#2977,#2986,#2987,#2988,#2995,#2996,#2997));
#2977 = ORIENTED_EDGE('',*,*,#2978,.T.);
#2978 = EDGE_CURVE('',#2979,#2018,#2981,.T.);
#2979 = VERTEX_POINT('',#2980);
#2980 = CARTESIAN_POINT('',(-31.75,80.,12.5));
#2981 = CIRCLE('',#2982,1.75);
#2982 = AXIS2_PLACEMENT_3D('',#2983,#2984,#2985);
#2983 = CARTESIAN_POINT('',(-30.,80.,12.5));
#2984 = DIRECTION('',(0.,0.,-1.));
#2985 = DIRECTION('',(-1.,-0.,-0.));
#2986 = ORIENTED_EDGE('',*,*,#2017,.T.);
#2987 = ORIENTED_EDGE('',*,*,#2057,.F.);
#2988 = ORIENTED_EDGE('',*,*,#2989,.F.);
#2989 = EDGE_CURVE('',#1976,#2050,#2990,.T.);
#2990 = CIRCLE('',#2991,5.);
#2991 = AXIS2_PLACEMENT_3D('',#2992,#2993,#2994);
#2992 = CARTESIAN_POINT('',(-30.,80.,12.5));
#2993 = DIRECTION('',(0.,0.,-1.));
#2994 = DIRECTION('',(-1.,0.,0.));
#2995 = ORIENTED_EDGE('',*,*,#1975,.F.);
#2996 = ORIENTED_EDGE('',*,*,#2008,.T.);
#2997 = ORIENTED_EDGE('',*,*,#2998,.T.);
#2998 = EDGE_CURVE('',#2009,#2979,#2999,.T.);
#2999 = CIRCLE('',#3000,1.75);
#3000 = AXIS2_PLACEMENT_3D('',#3001,#3002,#3003);
#3001 = CARTESIAN_POINT('',(-30.,80.,12.5));
#3002 = DIRECTION('',(0.,0.,-1.));
#3003 = DIRECTION('',(-1.,-0.,-0.));
#3004 = PLANE('',#3005);
#3005 = AXIS2_PLACEMENT_3D('',#3006,#3007,#3008);
#3006 = CARTESIAN_POINT('',(-17.5,42.5,12.5));
#3007 = DIRECTION('',(0.,-2.5E-16,-1.));
#3008 = DIRECTION('',(-0.,-1.,2.5E-16));
#3009 = ADVANCED_FACE('',(#3010),#3035,.F.);
#3010 = FACE_BOUND('',#3011,.T.);
#3011 = EDGE_LOOP('',(#3012,#3013,#3014,#3020,#3021,#3029));
#3012 = ORIENTED_EDGE('',*,*,#2474,.F.);
#3013 = ORIENTED_EDGE('',*,*,#2937,.T.);
#3014 = ORIENTED_EDGE('',*,*,#3015,.F.);
#3015 = EDGE_CURVE('',#1985,#2930,#3016,.T.);
#3016 = LINE('',#3017,#3018);
#3017 = CARTESIAN_POINT('',(-35.,85.,12.5));
#3018 = VECTOR('',#3019,1.);
#3019 = DIRECTION('',(-0.,-1.,-0.));
#3020 = ORIENTED_EDGE('',*,*,#1984,.F.);
#3021 = ORIENTED_EDGE('',*,*,#3022,.F.);
#3022 = EDGE_CURVE('',#3023,#1976,#3025,.T.);
#3023 = VERTEX_POINT('',#3024);
#3024 = CARTESIAN_POINT('',(-35.,85.,12.5));
#3025 = LINE('',#3026,#3027);
#3026 = CARTESIAN_POINT('',(-35.,85.,12.5));
#3027 = VECTOR('',#3028,1.);
#3028 = DIRECTION('',(-0.,-1.,-0.));
#3029 = ORIENTED_EDGE('',*,*,#3030,.F.);
#3030 = EDGE_CURVE('',#2467,#3023,#3031,.T.);
#3031 = LINE('',#3032,#3033);
#3032 = CARTESIAN_POINT('',(-35.,85.,-3.775E-14));
#3033 = VECTOR('',#3034,1.);
#3034 = DIRECTION('',(0.,4.4E-16,1.));
#3035 = PLANE('',#3036);
#3036 = AXIS2_PLACEMENT_3D('',#3037,#3038,#3039);
#3037 = CARTESIAN_POINT('',(-35.,0.,0.));
#3038 = DIRECTION('',(1.,0.,0.));
#3039 = DIRECTION('',(0.,-1.,4.4E-16));
#3040 = ADVANCED_FACE('',(#3041),#3062,.F.);
#3041 = FACE_BOUND('',#3042,.T.);
#3042 = EDGE_LOOP('',(#3043,#3051,#3052,#3053,#3054,#3055));
#3043 = ORIENTED_EDGE('',*,*,#3044,.F.);
#3044 = EDGE_CURVE('',#2979,#3045,#3047,.T.);
#3045 = VERTEX_POINT('',#3046);
#3046 = CARTESIAN_POINT('',(-31.75,80.,7.5));
#3047 = LINE('',#3048,#3049);
#3048 = CARTESIAN_POINT('',(-31.75,80.,12.5));
#3049 = VECTOR('',#3050,1.);
#3050 = DIRECTION('',(-0.,-4.4E-16,-1.));
#3051 = ORIENTED_EDGE('',*,*,#2998,.F.);
#3052 = ORIENTED_EDGE('',*,*,#2025,.F.);
#3053 = ORIENTED_EDGE('',*,*,#2978,.F.);
#3054 = ORIENTED_EDGE('',*,*,#3044,.T.);
#3055 = ORIENTED_EDGE('',*,*,#3056,.F.);
#3056 = EDGE_CURVE('',#3045,#3045,#3057,.T.);
#3057 = CIRCLE('',#3058,1.75);
#3058 = AXIS2_PLACEMENT_3D('',#3059,#3060,#3061);
#3059 = CARTESIAN_POINT('',(-30.,80.,7.5));
#3060 = DIRECTION('',(0.,4.4E-16,1.));
#3061 = DIRECTION('',(-1.,0.,0.));
#3062 = CYLINDRICAL_SURFACE('',#3063,1.75);
#3063 = AXIS2_PLACEMENT_3D('',#3064,#3065,#3066);
#3064 = CARTESIAN_POINT('',(-30.,80.,12.5));
#3065 = DIRECTION('',(0.,4.4E-16,1.));
#3066 = DIRECTION('',(-1.,0.,0.));
#3067 = ADVANCED_FACE('',(#3068),#3085,.F.);
#3068 = FACE_BOUND('',#3069,.T.);
#3069 = EDGE_LOOP('',(#3070,#3071,#3072,#3078,#3079));
#3070 = ORIENTED_EDGE('',*,*,#2466,.F.);
#3071 = ORIENTED_EDGE('',*,*,#3030,.T.);
#3072 = ORIENTED_EDGE('',*,*,#3073,.F.);
#3073 = EDGE_CURVE('',#2050,#3023,#3074,.T.);
#3074 = LINE('',#3075,#3076);
#3075 = CARTESIAN_POINT('',(0.,85.,12.5));
#3076 = VECTOR('',#3077,1.);
#3077 = DIRECTION('',(-1.,-0.,-0.));
#3078 = ORIENTED_EDGE('',*,*,#2049,.F.);
#3079 = ORIENTED_EDGE('',*,*,#3080,.F.);
#3080 = EDGE_CURVE('',#2282,#2042,#3081,.T.);
#3081 = LINE('',#3082,#3083);
#3082 = CARTESIAN_POINT('',(0.,85.,-3.775E-14));
#3083 = VECTOR('',#3084,1.);
#3084 = DIRECTION('',(0.,4.4E-16,1.));
#3085 = PLANE('',#3086);
#3086 = AXIS2_PLACEMENT_3D('',#3087,#3088,#3089);
#3087 = CARTESIAN_POINT('',(-35.,85.,-3.775E-14));
#3088 = DIRECTION('',(0.,-1.,4.4E-16));
#3089 = DIRECTION('',(-1.,0.,0.));
#3090 = ADVANCED_FACE('',(#3091),#3102,.F.);
#3091 = FACE_BOUND('',#3092,.T.);
#3092 = EDGE_LOOP('',(#3093,#3094,#3100,#3101));
#3093 = ORIENTED_EDGE('',*,*,#2080,.T.);
#3094 = ORIENTED_EDGE('',*,*,#3095,.T.);
#3095 = EDGE_CURVE('',#2081,#2483,#3096,.T.);
#3096 = LINE('',#3097,#3098);
#3097 = CARTESIAN_POINT('',(-11.75,30.,5.));
#3098 = VECTOR('',#3099,1.);
#3099 = DIRECTION('',(-0.,-4.4E-16,-1.));
#3100 = ORIENTED_EDGE('',*,*,#2482,.T.);
#3101 = ORIENTED_EDGE('',*,*,#3095,.F.);
#3102 = CYLINDRICAL_SURFACE('',#3103,1.75);
#3103 = AXIS2_PLACEMENT_3D('',#3104,#3105,#3106);
#3104 = CARTESIAN_POINT('',(-10.,30.,5.));
#3105 = DIRECTION('',(0.,4.4E-16,1.));
#3106 = DIRECTION('',(-1.,0.,0.));
#3107 = ADVANCED_FACE('',(#3108),#3119,.F.);
#3108 = FACE_BOUND('',#3109,.T.);
#3109 = EDGE_LOOP('',(#3110,#3111,#3117,#3118));
#3110 = ORIENTED_EDGE('',*,*,#2105,.T.);
#3111 = ORIENTED_EDGE('',*,*,#3112,.T.);
#3112 = EDGE_CURVE('',#2106,#2494,#3113,.T.);
#3113 = LINE('',#3114,#3115);
#3114 = CARTESIAN_POINT('',(-11.75,40.,5.));
#3115 = VECTOR('',#3116,1.);
#3116 = DIRECTION('',(-0.,-4.4E-16,-1.));
#3117 = ORIENTED_EDGE('',*,*,#2493,.T.);
#3118 = ORIENTED_EDGE('',*,*,#3112,.F.);
#3119 = CYLINDRICAL_SURFACE('',#3120,1.75);
#3120 = AXIS2_PLACEMENT_3D('',#3121,#3122,#3123);
#3121 = CARTESIAN_POINT('',(-10.,40.,5.));
#3122 = DIRECTION('',(0.,4.4E-16,1.));
#3123 = DIRECTION('',(-1.,0.,0.));
#3124 = ADVANCED_FACE('',(#3125),#3131,.F.);
#3125 = FACE_BOUND('',#3126,.F.);
#3126 = EDGE_LOOP('',(#3127,#3128,#3129,#3130));
#3127 = ORIENTED_EDGE('',*,*,#2190,.T.);
#3128 = ORIENTED_EDGE('',*,*,#2673,.T.);
#3129 = ORIENTED_EDGE('',*,*,#2142,.T.);
#3130 = ORIENTED_EDGE('',*,*,#2166,.T.);
#3131 = PLANE('',#3132);
#3132 = AXIS2_PLACEMENT_3D('',#3133,#3134,#3135);
#3133 = CARTESIAN_POINT('',(11.,65.,12.5));
#3134 = DIRECTION('',(0.,-1.8E-16,-1.));
#3135 = DIRECTION('',(0.,1.,-1.8E-16));
#3136 = ADVANCED_FACE('',(#3137,#3148),#3151,.T.);
#3137 = FACE_BOUND('',#3138,.T.);
#3138 = EDGE_LOOP('',(#3139));
#3139 = ORIENTED_EDGE('',*,*,#3140,.T.);
#3140 = EDGE_CURVE('',#3141,#3141,#3143,.T.);
#3141 = VERTEX_POINT('',#3142);
#3142 = CARTESIAN_POINT('',(11.75,57.,4.25));
#3143 = CIRCLE('',#3144,3.75);
#3144 = AXIS2_PLACEMENT_3D('',#3145,#3146,#3147);
#3145 = CARTESIAN_POINT('',(8.,57.,4.25));
#3146 = DIRECTION('',(0.,0.,-1.));
#3147 = DIRECTION('',(1.,0.,0.));
#3148 = FACE_BOUND('',#3149,.T.);
#3149 = EDGE_LOOP('',(#3150));
#3150 = ORIENTED_EDGE('',*,*,#2222,.T.);
#3151 = PLANE('',#3152);
#3152 = AXIS2_PLACEMENT_3D('',#3153,#3154,#3155);
#3153 = CARTESIAN_POINT('',(8.,65.,4.25));
#3154 = DIRECTION('',(0.,-2.2E-16,-1.));
#3155 = DIRECTION('',(0.,1.,-2.2E-16));
#3156 = ADVANCED_FACE('',(#3157,#3168),#3171,.T.);
#3157 = FACE_BOUND('',#3158,.T.);
#3158 = EDGE_LOOP('',(#3159));
#3159 = ORIENTED_EDGE('',*,*,#3160,.T.);
#3160 = EDGE_CURVE('',#3161,#3161,#3163,.T.);
#3161 = VERTEX_POINT('',#3162);
#3162 = CARTESIAN_POINT('',(11.75,73.,4.25));
#3163 = CIRCLE('',#3164,3.75);
#3164 = AXIS2_PLACEMENT_3D('',#3165,#3166,#3167);
#3165 = CARTESIAN_POINT('',(8.,73.,4.25));
#3166 = DIRECTION('',(0.,0.,-1.));
#3167 = DIRECTION('',(1.,0.,0.));
#3168 = FACE_BOUND('',#3169,.T.);
#3169 = EDGE_LOOP('',(#3170));
#3170 = ORIENTED_EDGE('',*,*,#2247,.T.);
#3171 = PLANE('',#3172);
#3172 = AXIS2_PLACEMENT_3D('',#3173,#3174,#3175);
#3173 = CARTESIAN_POINT('',(8.,65.,4.25));
#3174 = DIRECTION('',(0.,-2.2E-16,-1.));
#3175 = DIRECTION('',(0.,1.,-2.2E-16));
#3176 = ADVANCED_FACE('',(#3177),#3196,.F.);
#3177 = FACE_BOUND('',#3178,.F.);
#3178 = EDGE_LOOP('',(#3179,#3180,#3181,#3182,#3190));
#3179 = ORIENTED_EDGE('',*,*,#2263,.F.);
#3180 = ORIENTED_EDGE('',*,*,#2922,.T.);
#3181 = ORIENTED_EDGE('',*,*,#2698,.F.);
#3182 = ORIENTED_EDGE('',*,*,#3183,.F.);
#3183 = EDGE_CURVE('',#3184,#2690,#3186,.T.);
#3184 = VERTEX_POINT('',#3185);
#3185 = CARTESIAN_POINT('',(35.,-7.E-15,12.5));
#3186 = LINE('',#3187,#3188);
#3187 = CARTESIAN_POINT('',(35.,-7.E-15,12.5));
#3188 = VECTOR('',#3189,1.);
#3189 = DIRECTION('',(-1.,0.,0.));
#3190 = ORIENTED_EDGE('',*,*,#3191,.F.);
#3191 = EDGE_CURVE('',#2266,#3184,#3192,.T.);
#3192 = LINE('',#3193,#3194);
#3193 = CARTESIAN_POINT('',(35.,0.,0.));
#3194 = VECTOR('',#3195,1.);
#3195 = DIRECTION('',(0.,4.4E-16,1.));
#3196 = PLANE('',#3197);
#3197 = AXIS2_PLACEMENT_3D('',#3198,#3199,#3200);
#3198 = CARTESIAN_POINT('',(0.,0.,0.));
#3199 = DIRECTION('',(0.,1.,-4.4E-16));
#3200 = DIRECTION('',(1.,0.,0.));
#3201 = ADVANCED_FACE('',(#3202),#3227,.F.);
#3202 = FACE_BOUND('',#3203,.F.);
#3203 = EDGE_LOOP('',(#3204,#3205,#3206,#3212,#3213,#3221));
#3204 = ORIENTED_EDGE('',*,*,#2297,.F.);
#3205 = ORIENTED_EDGE('',*,*,#3191,.T.);
#3206 = ORIENTED_EDGE('',*,*,#3207,.F.);
#3207 = EDGE_CURVE('',#2756,#3184,#3208,.T.);
#3208 = LINE('',#3209,#3210);
#3209 = CARTESIAN_POINT('',(35.,85.,12.5));
#3210 = VECTOR('',#3211,1.);
#3211 = DIRECTION('',(0.,-1.,0.));
#3212 = ORIENTED_EDGE('',*,*,#2755,.F.);
#3213 = ORIENTED_EDGE('',*,*,#3214,.F.);
#3214 = EDGE_CURVE('',#3215,#2747,#3217,.T.);
#3215 = VERTEX_POINT('',#3216);
#3216 = CARTESIAN_POINT('',(35.,85.,12.5));
#3217 = LINE('',#3218,#3219);
#3218 = CARTESIAN_POINT('',(35.,85.,12.5));
#3219 = VECTOR('',#3220,1.);
#3220 = DIRECTION('',(0.,-1.,0.));
#3221 = ORIENTED_EDGE('',*,*,#3222,.F.);
#3222 = EDGE_CURVE('',#2290,#3215,#3223,.T.);
#3223 = LINE('',#3224,#3225);
#3224 = CARTESIAN_POINT('',(35.,85.,-3.775E-14));
#3225 = VECTOR('',#3226,1.);
#3226 = DIRECTION('',(0.,4.4E-16,1.));
#3227 = PLANE('',#3228);
#3228 = AXIS2_PLACEMENT_3D('',#3229,#3230,#3231);
#3229 = CARTESIAN_POINT('',(35.,0.,0.));
#3230 = DIRECTION('',(-1.,0.,0.));
#3231 = DIRECTION('',(0.,1.,-4.4E-16));
#3232 = ADVANCED_FACE('',(#3233),#3245,.F.);
#3233 = FACE_BOUND('',#3234,.F.);
#3234 = EDGE_LOOP('',(#3235,#3236,#3237,#3243,#3244));
#3235 = ORIENTED_EDGE('',*,*,#2289,.F.);
#3236 = ORIENTED_EDGE('',*,*,#3222,.T.);
#3237 = ORIENTED_EDGE('',*,*,#3238,.F.);
#3238 = EDGE_CURVE('',#2814,#3215,#3239,.T.);
#3239 = LINE('',#3240,#3241);
#3240 = CARTESIAN_POINT('',(0.,85.,12.5));
#3241 = VECTOR('',#3242,1.);
#3242 = DIRECTION('',(1.,0.,0.));
#3243 = ORIENTED_EDGE('',*,*,#2813,.F.);
#3244 = ORIENTED_EDGE('',*,*,#3080,.F.);
#3245 = PLANE('',#3246);
#3246 = AXIS2_PLACEMENT_3D('',#3247,#3248,#3249);
#3247 = CARTESIAN_POINT('',(35.,85.,-3.775E-14));
#3248 = DIRECTION('',(0.,-1.,4.4E-16));
#3249 = DIRECTION('',(-1.,0.,0.));
#3250 = ADVANCED_FACE('',(#3251),#3262,.F.);
#3251 = FACE_BOUND('',#3252,.F.);
#3252 = EDGE_LOOP('',(#3253,#3254,#3260,#3261));
#3253 = ORIENTED_EDGE('',*,*,#2844,.F.);
#3254 = ORIENTED_EDGE('',*,*,#3255,.T.);
#3255 = EDGE_CURVE('',#2845,#2306,#3256,.T.);
#3256 = LINE('',#3257,#3258);
#3257 = CARTESIAN_POINT('',(11.75,30.,5.));
#3258 = VECTOR('',#3259,1.);
#3259 = DIRECTION('',(0.,-4.4E-16,-1.));
#3260 = ORIENTED_EDGE('',*,*,#2305,.T.);
#3261 = ORIENTED_EDGE('',*,*,#3255,.F.);
#3262 = CYLINDRICAL_SURFACE('',#3263,1.75);
#3263 = AXIS2_PLACEMENT_3D('',#3264,#3265,#3266);
#3264 = CARTESIAN_POINT('',(10.,30.,5.));
#3265 = DIRECTION('',(0.,4.4E-16,1.));
#3266 = DIRECTION('',(1.,0.,0.));
#3267 = ADVANCED_FACE('',(#3268),#3279,.F.);
#3268 = FACE_BOUND('',#3269,.F.);
#3269 = EDGE_LOOP('',(#3270,#3271,#3277,#3278));
#3270 = ORIENTED_EDGE('',*,*,#2869,.F.);
#3271 = ORIENTED_EDGE('',*,*,#3272,.T.);
#3272 = EDGE_CURVE('',#2870,#2317,#3273,.T.);
#3273 = LINE('',#3274,#3275);
#3274 = CARTESIAN_POINT('',(11.75,40.,5.));
#3275 = VECTOR('',#3276,1.);
#3276 = DIRECTION('',(0.,-4.4E-16,-1.));
#3277 = ORIENTED_EDGE('',*,*,#2316,.T.);
#3278 = ORIENTED_EDGE('',*,*,#3272,.F.);
#3279 = CYLINDRICAL_SURFACE('',#3280,1.75);
#3280 = AXIS2_PLACEMENT_3D('',#3281,#3282,#3283);
#3281 = CARTESIAN_POINT('',(10.,40.,5.));
#3282 = DIRECTION('',(0.,4.4E-16,1.));
#3283 = DIRECTION('',(1.,0.,0.));
#3284 = ADVANCED_FACE('',(#3285),#3296,.F.);
#3285 = FACE_BOUND('',#3286,.F.);
#3286 = EDGE_LOOP('',(#3287,#3293,#3294,#3295));
#3287 = ORIENTED_EDGE('',*,*,#3288,.T.);
#3288 = EDGE_CURVE('',#2328,#3141,#3289,.T.);
#3289 = LINE('',#3290,#3291);
#3290 = CARTESIAN_POINT('',(11.75,57.,-2.531E-14));
#3291 = VECTOR('',#3292,1.);
#3292 = DIRECTION('',(0.,4.4E-16,1.));
#3293 = ORIENTED_EDGE('',*,*,#3140,.T.);
#3294 = ORIENTED_EDGE('',*,*,#3288,.F.);
#3295 = ORIENTED_EDGE('',*,*,#2327,.F.);
#3296 = CYLINDRICAL_SURFACE('',#3297,3.75);
#3297 = AXIS2_PLACEMENT_3D('',#3298,#3299,#3300);
#3298 = CARTESIAN_POINT('',(8.,57.,-2.531E-14));
#3299 = DIRECTION('',(0.,-4.4E-16,-1.));
#3300 = DIRECTION('',(1.,0.,0.));
#3301 = ADVANCED_FACE('',(#3302),#3313,.F.);
#3302 = FACE_BOUND('',#3303,.F.);
#3303 = EDGE_LOOP('',(#3304,#3310,#3311,#3312));
#3304 = ORIENTED_EDGE('',*,*,#3305,.T.);
#3305 = EDGE_CURVE('',#2339,#3161,#3306,.T.);
#3306 = LINE('',#3307,#3308);
#3307 = CARTESIAN_POINT('',(11.75,73.,-3.242E-14));
#3308 = VECTOR('',#3309,1.);
#3309 = DIRECTION('',(0.,4.4E-16,1.));
#3310 = ORIENTED_EDGE('',*,*,#3160,.T.);
#3311 = ORIENTED_EDGE('',*,*,#3305,.F.);
#3312 = ORIENTED_EDGE('',*,*,#2338,.F.);
#3313 = CYLINDRICAL_SURFACE('',#3314,3.75);
#3314 = AXIS2_PLACEMENT_3D('',#3315,#3316,#3317);
#3315 = CARTESIAN_POINT('',(8.,73.,-3.242E-14));
#3316 = DIRECTION('',(0.,-4.4E-16,-1.));
#3317 = DIRECTION('',(1.,0.,0.));
#3318 = ADVANCED_FACE('',(#3319),#3344,.F.);
#3319 = FACE_BOUND('',#3320,.F.);
#3320 = EDGE_LOOP('',(#3321,#3329,#3337,#3343));
#3321 = ORIENTED_EDGE('',*,*,#3322,.T.);
#3322 = EDGE_CURVE('',#2350,#3323,#3325,.T.);
#3323 = VERTEX_POINT('',#3324);
#3324 = CARTESIAN_POINT('',(30.,8.521836642057,7.5));
#3325 = LINE('',#3326,#3327);
#3326 = CARTESIAN_POINT('',(30.,8.521836642057,-3.78E-15));
#3327 = VECTOR('',#3328,1.);
#3328 = DIRECTION('',(0.,4.4E-16,1.));
#3329 = ORIENTED_EDGE('',*,*,#3330,.T.);
#3330 = EDGE_CURVE('',#3323,#3331,#3333,.T.);
#3331 = VERTEX_POINT('',#3332);
#3332 = CARTESIAN_POINT('',(33.05,6.760918321028,7.5));
#3333 = LINE('',#3334,#3335);
#3334 = CARTESIAN_POINT('',(30.,8.521836642057,7.5));
#3335 = VECTOR('',#3336,1.);
#3336 = DIRECTION('',(0.866025403784,-0.5,0.));
#3337 = ORIENTED_EDGE('',*,*,#3338,.F.);
#3338 = EDGE_CURVE('',#2352,#3331,#3339,.T.);
#3339 = LINE('',#3340,#3341);
#3340 = CARTESIAN_POINT('',(33.05,6.760918321028,-3.E-15));
#3341 = VECTOR('',#3342,1.);
#3342 = DIRECTION('',(0.,4.4E-16,1.));
#3343 = ORIENTED_EDGE('',*,*,#2349,.F.);
#3344 = PLANE('',#3345);
#3345 = AXIS2_PLACEMENT_3D('',#3346,#3347,#3348);
#3346 = CARTESIAN_POINT('',(30.,8.521836642057,-3.78E-15));
#3347 = DIRECTION('',(0.5,0.866025403784,-3.8E-16));
#3348 = DIRECTION('',(0.866025403784,-0.5,2.2E-16));
#3349 = ADVANCED_FACE('',(#3350),#3368,.F.);
#3350 = FACE_BOUND('',#3351,.F.);
#3351 = EDGE_LOOP('',(#3352,#3360,#3366,#3367));
#3352 = ORIENTED_EDGE('',*,*,#3353,.T.);
#3353 = EDGE_CURVE('',#2360,#3354,#3356,.T.);
#3354 = VERTEX_POINT('',#3355);
#3355 = CARTESIAN_POINT('',(26.95,6.760918321028,7.5));
#3356 = LINE('',#3357,#3358);
#3357 = CARTESIAN_POINT('',(26.95,6.760918321028,-3.E-15));
#3358 = VECTOR('',#3359,1.);
#3359 = DIRECTION('',(0.,4.4E-16,1.));
#3360 = ORIENTED_EDGE('',*,*,#3361,.T.);
#3361 = EDGE_CURVE('',#3354,#3323,#3362,.T.);
#3362 = LINE('',#3363,#3364);
#3363 = CARTESIAN_POINT('',(26.95,6.760918321028,7.5));
#3364 = VECTOR('',#3365,1.);
#3365 = DIRECTION('',(0.866025403784,0.5,0.));
#3366 = ORIENTED_EDGE('',*,*,#3322,.F.);
#3367 = ORIENTED_EDGE('',*,*,#2359,.F.);
#3368 = PLANE('',#3369);
#3369 = AXIS2_PLACEMENT_3D('',#3370,#3371,#3372);
#3370 = CARTESIAN_POINT('',(26.95,6.760918321028,-3.E-15));
#3371 = DIRECTION('',(-0.5,0.866025403784,-3.8E-16));
#3372 = DIRECTION('',(0.866025403784,0.5,-2.2E-16));
#3373 = ADVANCED_FACE('',(#3374),#3392,.F.);
#3374 = FACE_BOUND('',#3375,.F.);
#3375 = EDGE_LOOP('',(#3376,#3377,#3385,#3391));
#3376 = ORIENTED_EDGE('',*,*,#3338,.T.);
#3377 = ORIENTED_EDGE('',*,*,#3378,.T.);
#3378 = EDGE_CURVE('',#3331,#3379,#3381,.T.);
#3379 = VERTEX_POINT('',#3380);
#3380 = CARTESIAN_POINT('',(33.05,3.239081678972,7.5));
#3381 = LINE('',#3382,#3383);
#3382 = CARTESIAN_POINT('',(33.05,6.760918321028,7.5));
#3383 = VECTOR('',#3384,1.);
#3384 = DIRECTION('',(0.,-1.,0.));
#3385 = ORIENTED_EDGE('',*,*,#3386,.F.);
#3386 = EDGE_CURVE('',#2384,#3379,#3387,.T.);
#3387 = LINE('',#3388,#3389);
#3388 = CARTESIAN_POINT('',(33.05,3.239081678972,-1.44E-15));
#3389 = VECTOR('',#3390,1.);
#3390 = DIRECTION('',(0.,4.4E-16,1.));
#3391 = ORIENTED_EDGE('',*,*,#2391,.F.);
#3392 = PLANE('',#3393);
#3393 = AXIS2_PLACEMENT_3D('',#3394,#3395,#3396);
#3394 = CARTESIAN_POINT('',(33.05,6.760918321028,-3.E-15));
#3395 = DIRECTION('',(1.,0.,0.));
#3396 = DIRECTION('',(0.,-1.,4.4E-16));
#3397 = ADVANCED_FACE('',(#3398),#3416,.F.);
#3398 = FACE_BOUND('',#3399,.F.);
#3399 = EDGE_LOOP('',(#3400,#3408,#3414,#3415));
#3400 = ORIENTED_EDGE('',*,*,#3401,.T.);
#3401 = EDGE_CURVE('',#2368,#3402,#3404,.T.);
#3402 = VERTEX_POINT('',#3403);
#3403 = CARTESIAN_POINT('',(26.95,3.239081678972,7.5));
#3404 = LINE('',#3405,#3406);
#3405 = CARTESIAN_POINT('',(26.95,3.239081678972,-1.44E-15));
#3406 = VECTOR('',#3407,1.);
#3407 = DIRECTION('',(0.,4.4E-16,1.));
#3408 = ORIENTED_EDGE('',*,*,#3409,.T.);
#3409 = EDGE_CURVE('',#3402,#3354,#3410,.T.);
#3410 = LINE('',#3411,#3412);
#3411 = CARTESIAN_POINT('',(26.95,3.239081678972,7.5));
#3412 = VECTOR('',#3413,1.);
#3413 = DIRECTION('',(0.,1.,0.));
#3414 = ORIENTED_EDGE('',*,*,#3353,.F.);
#3415 = ORIENTED_EDGE('',*,*,#2367,.F.);
#3416 = PLANE('',#3417);
#3417 = AXIS2_PLACEMENT_3D('',#3418,#3419,#3420);
#3418 = CARTESIAN_POINT('',(26.95,3.239081678972,-1.44E-15));
#3419 = DIRECTION('',(-1.,0.,0.));
#3420 = DIRECTION('',(0.,1.,-4.4E-16));
#3421 = ADVANCED_FACE('',(#3422),#3440,.F.);
#3422 = FACE_BOUND('',#3423,.F.);
#3423 = EDGE_LOOP('',(#3424,#3425,#3433,#3439));
#3424 = ORIENTED_EDGE('',*,*,#3386,.T.);
#3425 = ORIENTED_EDGE('',*,*,#3426,.T.);
#3426 = EDGE_CURVE('',#3379,#3427,#3429,.T.);
#3427 = VERTEX_POINT('',#3428);
#3428 = CARTESIAN_POINT('',(30.,1.478163357943,7.5));
#3429 = LINE('',#3430,#3431);
#3430 = CARTESIAN_POINT('',(33.05,3.239081678972,7.5));
#3431 = VECTOR('',#3432,1.);
#3432 = DIRECTION('',(-0.866025403784,-0.5,0.));
#3433 = ORIENTED_EDGE('',*,*,#3434,.F.);
#3434 = EDGE_CURVE('',#2376,#3427,#3435,.T.);
#3435 = LINE('',#3436,#3437);
#3436 = CARTESIAN_POINT('',(30.,1.478163357943,-6.6E-16));
#3437 = VECTOR('',#3438,1.);
#3438 = DIRECTION('',(0.,4.4E-16,1.));
#3439 = ORIENTED_EDGE('',*,*,#2383,.F.);
#3440 = PLANE('',#3441);
#3441 = AXIS2_PLACEMENT_3D('',#3442,#3443,#3444);
#3442 = CARTESIAN_POINT('',(33.05,3.239081678972,-1.44E-15));
#3443 = DIRECTION('',(0.5,-0.866025403784,3.8E-16));
#3444 = DIRECTION('',(-0.866025403784,-0.5,2.2E-16));
#3445 = ADVANCED_FACE('',(#3446),#3457,.F.);
#3446 = FACE_BOUND('',#3447,.F.);
#3447 = EDGE_LOOP('',(#3448,#3449,#3455,#3456));
#3448 = ORIENTED_EDGE('',*,*,#3434,.T.);
#3449 = ORIENTED_EDGE('',*,*,#3450,.T.);
#3450 = EDGE_CURVE('',#3427,#3402,#3451,.T.);
#3451 = LINE('',#3452,#3453);
#3452 = CARTESIAN_POINT('',(30.,1.478163357943,7.5));
#3453 = VECTOR('',#3454,1.);
#3454 = DIRECTION('',(-0.866025403784,0.5,-0.));
#3455 = ORIENTED_EDGE('',*,*,#3401,.F.);
#3456 = ORIENTED_EDGE('',*,*,#2375,.F.);
#3457 = PLANE('',#3458);
#3458 = AXIS2_PLACEMENT_3D('',#3459,#3460,#3461);
#3459 = CARTESIAN_POINT('',(30.,1.478163357943,-6.6E-16));
#3460 = DIRECTION('',(-0.5,-0.866025403784,3.8E-16));
#3461 = DIRECTION('',(-0.866025403784,0.5,-2.2E-16));
#3462 = ADVANCED_FACE('',(#3463),#3488,.F.);
#3463 = FACE_BOUND('',#3464,.F.);
#3464 = EDGE_LOOP('',(#3465,#3473,#3481,#3487));
#3465 = ORIENTED_EDGE('',*,*,#3466,.T.);
#3466 = EDGE_CURVE('',#2400,#3467,#3469,.T.);
#3467 = VERTEX_POINT('',#3468);
#3468 = CARTESIAN_POINT('',(33.05,78.239081678972,7.5));
#3469 = LINE('',#3470,#3471);
#3470 = CARTESIAN_POINT('',(33.05,78.239081678972,-3.475E-14));
#3471 = VECTOR('',#3472,1.);
#3472 = DIRECTION('',(0.,4.4E-16,1.));
#3473 = ORIENTED_EDGE('',*,*,#3474,.T.);
#3474 = EDGE_CURVE('',#3467,#3475,#3477,.T.);
#3475 = VERTEX_POINT('',#3476);
#3476 = CARTESIAN_POINT('',(30.,76.478163357943,7.5));
#3477 = LINE('',#3478,#3479);
#3478 = CARTESIAN_POINT('',(33.05,78.239081678972,7.5));
#3479 = VECTOR('',#3480,1.);
#3480 = DIRECTION('',(-0.866025403784,-0.5,0.));
#3481 = ORIENTED_EDGE('',*,*,#3482,.F.);
#3482 = EDGE_CURVE('',#2402,#3475,#3483,.T.);
#3483 = LINE('',#3484,#3485);
#3484 = CARTESIAN_POINT('',(30.,76.478163357943,-3.396E-14));
#3485 = VECTOR('',#3486,1.);
#3486 = DIRECTION('',(0.,4.4E-16,1.));
#3487 = ORIENTED_EDGE('',*,*,#2399,.F.);
#3488 = PLANE('',#3489);
#3489 = AXIS2_PLACEMENT_3D('',#3490,#3491,#3492);
#3490 = CARTESIAN_POINT('',(33.05,78.239081678972,-3.475E-14));
#3491 = DIRECTION('',(0.5,-0.866025403784,3.8E-16));
#3492 = DIRECTION('',(-0.866025403784,-0.5,2.2E-16));
#3493 = ADVANCED_FACE('',(#3494),#3512,.F.);
#3494 = FACE_BOUND('',#3495,.F.);
#3495 = EDGE_LOOP('',(#3496,#3504,#3510,#3511));
#3496 = ORIENTED_EDGE('',*,*,#3497,.T.);
#3497 = EDGE_CURVE('',#2410,#3498,#3500,.T.);
#3498 = VERTEX_POINT('',#3499);
#3499 = CARTESIAN_POINT('',(33.05,81.760918321028,7.5));
#3500 = LINE('',#3501,#3502);
#3501 = CARTESIAN_POINT('',(33.05,81.760918321028,-3.631E-14));
#3502 = VECTOR('',#3503,1.);
#3503 = DIRECTION('',(0.,4.4E-16,1.));
#3504 = ORIENTED_EDGE('',*,*,#3505,.T.);
#3505 = EDGE_CURVE('',#3498,#3467,#3506,.T.);
#3506 = LINE('',#3507,#3508);
#3507 = CARTESIAN_POINT('',(33.05,81.760918321028,7.5));
#3508 = VECTOR('',#3509,1.);
#3509 = DIRECTION('',(0.,-1.,0.));
#3510 = ORIENTED_EDGE('',*,*,#3466,.F.);
#3511 = ORIENTED_EDGE('',*,*,#2409,.F.);
#3512 = PLANE('',#3513);
#3513 = AXIS2_PLACEMENT_3D('',#3514,#3515,#3516);
#3514 = CARTESIAN_POINT('',(33.05,81.760918321028,-3.631E-14));
#3515 = DIRECTION('',(1.,0.,0.));
#3516 = DIRECTION('',(0.,-1.,4.4E-16));
#3517 = ADVANCED_FACE('',(#3518),#3536,.F.);
#3518 = FACE_BOUND('',#3519,.F.);
#3519 = EDGE_LOOP('',(#3520,#3521,#3529,#3535));
#3520 = ORIENTED_EDGE('',*,*,#3482,.T.);
#3521 = ORIENTED_EDGE('',*,*,#3522,.T.);
#3522 = EDGE_CURVE('',#3475,#3523,#3525,.T.);
#3523 = VERTEX_POINT('',#3524);
#3524 = CARTESIAN_POINT('',(26.95,78.239081678972,7.5));
#3525 = LINE('',#3526,#3527);
#3526 = CARTESIAN_POINT('',(30.,76.478163357943,7.5));
#3527 = VECTOR('',#3528,1.);
#3528 = DIRECTION('',(-0.866025403784,0.5,-0.));
#3529 = ORIENTED_EDGE('',*,*,#3530,.F.);
#3530 = EDGE_CURVE('',#2434,#3523,#3531,.T.);
#3531 = LINE('',#3532,#3533);
#3532 = CARTESIAN_POINT('',(26.95,78.239081678972,-3.475E-14));
#3533 = VECTOR('',#3534,1.);
#3534 = DIRECTION('',(0.,4.4E-16,1.));
#3535 = ORIENTED_EDGE('',*,*,#2441,.F.);
#3536 = PLANE('',#3537);
#3537 = AXIS2_PLACEMENT_3D('',#3538,#3539,#3540);
#3538 = CARTESIAN_POINT('',(30.,76.478163357943,-3.396E-14));
#3539 = DIRECTION('',(-0.5,-0.866025403784,3.8E-16));
#3540 = DIRECTION('',(-0.866025403784,0.5,-2.2E-16));
#3541 = ADVANCED_FACE('',(#3542),#3560,.F.);
#3542 = FACE_BOUND('',#3543,.F.);
#3543 = EDGE_LOOP('',(#3544,#3552,#3558,#3559));
#3544 = ORIENTED_EDGE('',*,*,#3545,.T.);
#3545 = EDGE_CURVE('',#2418,#3546,#3548,.T.);
#3546 = VERTEX_POINT('',#3547);
#3547 = CARTESIAN_POINT('',(30.,83.521836642057,7.5));
#3548 = LINE('',#3549,#3550);
#3549 = CARTESIAN_POINT('',(30.,83.521836642057,-3.709E-14));
#3550 = VECTOR('',#3551,1.);
#3551 = DIRECTION('',(0.,4.4E-16,1.));
#3552 = ORIENTED_EDGE('',*,*,#3553,.T.);
#3553 = EDGE_CURVE('',#3546,#3498,#3554,.T.);
#3554 = LINE('',#3555,#3556);
#3555 = CARTESIAN_POINT('',(30.,83.521836642057,7.5));
#3556 = VECTOR('',#3557,1.);
#3557 = DIRECTION('',(0.866025403784,-0.5,0.));
#3558 = ORIENTED_EDGE('',*,*,#3497,.F.);
#3559 = ORIENTED_EDGE('',*,*,#2417,.F.);
#3560 = PLANE('',#3561);
#3561 = AXIS2_PLACEMENT_3D('',#3562,#3563,#3564);
#3562 = CARTESIAN_POINT('',(30.,83.521836642057,-3.709E-14));
#3563 = DIRECTION('',(0.5,0.866025403784,-3.8E-16));
#3564 = DIRECTION('',(0.866025403784,-0.5,2.2E-16));
#3565 = ADVANCED_FACE('',(#3566),#3584,.F.);
#3566 = FACE_BOUND('',#3567,.F.);
#3567 = EDGE_LOOP('',(#3568,#3569,#3577,#3583));
#3568 = ORIENTED_EDGE('',*,*,#3530,.T.);
#3569 = ORIENTED_EDGE('',*,*,#3570,.T.);
#3570 = EDGE_CURVE('',#3523,#3571,#3573,.T.);
#3571 = VERTEX_POINT('',#3572);
#3572 = CARTESIAN_POINT('',(26.95,81.760918321028,7.5));
#3573 = LINE('',#3574,#3575);
#3574 = CARTESIAN_POINT('',(26.95,78.239081678972,7.5));
#3575 = VECTOR('',#3576,1.);
#3576 = DIRECTION('',(0.,1.,0.));
#3577 = ORIENTED_EDGE('',*,*,#3578,.F.);
#3578 = EDGE_CURVE('',#2426,#3571,#3579,.T.);
#3579 = LINE('',#3580,#3581);
#3580 = CARTESIAN_POINT('',(26.95,81.760918321028,-3.631E-14));
#3581 = VECTOR('',#3582,1.);
#3582 = DIRECTION('',(0.,4.4E-16,1.));
#3583 = ORIENTED_EDGE('',*,*,#2433,.F.);
#3584 = PLANE('',#3585);
#3585 = AXIS2_PLACEMENT_3D('',#3586,#3587,#3588);
#3586 = CARTESIAN_POINT('',(26.95,78.239081678972,-3.475E-14));
#3587 = DIRECTION('',(-1.,0.,0.));
#3588 = DIRECTION('',(0.,1.,-4.4E-16));
#3589 = ADVANCED_FACE('',(#3590),#3601,.F.);
#3590 = FACE_BOUND('',#3591,.F.);
#3591 = EDGE_LOOP('',(#3592,#3593,#3599,#3600));
#3592 = ORIENTED_EDGE('',*,*,#3578,.T.);
#3593 = ORIENTED_EDGE('',*,*,#3594,.T.);
#3594 = EDGE_CURVE('',#3571,#3546,#3595,.T.);
#3595 = LINE('',#3596,#3597);
#3596 = CARTESIAN_POINT('',(26.95,81.760918321028,7.5));
#3597 = VECTOR('',#3598,1.);
#3598 = DIRECTION('',(0.866025403784,0.5,0.));
#3599 = ORIENTED_EDGE('',*,*,#3545,.F.);
#3600 = ORIENTED_EDGE('',*,*,#2425,.F.);
#3601 = PLANE('',#3602);
#3602 = AXIS2_PLACEMENT_3D('',#3603,#3604,#3605);
#3603 = CARTESIAN_POINT('',(26.95,81.760918321028,-3.631E-14));
#3604 = DIRECTION('',(-0.5,0.866025403784,-3.8E-16));
#3605 = DIRECTION('',(0.866025403784,0.5,-2.2E-16));
#3606 = ADVANCED_FACE('',(#3607),#3618,.F.);
#3607 = FACE_BOUND('',#3608,.T.);
#3608 = EDGE_LOOP('',(#3609,#3615,#3616,#3617));
#3609 = ORIENTED_EDGE('',*,*,#3610,.T.);
#3610 = EDGE_CURVE('',#2505,#2633,#3611,.T.);
#3611 = LINE('',#3612,#3613);
#3612 = CARTESIAN_POINT('',(-11.75,57.,-2.531E-14));
#3613 = VECTOR('',#3614,1.);
#3614 = DIRECTION('',(0.,4.4E-16,1.));
#3615 = ORIENTED_EDGE('',*,*,#2632,.T.);
#3616 = ORIENTED_EDGE('',*,*,#3610,.F.);
#3617 = ORIENTED_EDGE('',*,*,#2504,.F.);
#3618 = CYLINDRICAL_SURFACE('',#3619,3.75);
#3619 = AXIS2_PLACEMENT_3D('',#3620,#3621,#3622);
#3620 = CARTESIAN_POINT('',(-8.,57.,-2.531E-14));
#3621 = DIRECTION('',(-0.,-4.4E-16,-1.));
#3622 = DIRECTION('',(-1.,0.,0.));
#3623 = ADVANCED_FACE('',(#3624),#3635,.F.);
#3624 = FACE_BOUND('',#3625,.T.);
#3625 = EDGE_LOOP('',(#3626,#3632,#3633,#3634));
#3626 = ORIENTED_EDGE('',*,*,#3627,.T.);
#3627 = EDGE_CURVE('',#2516,#2653,#3628,.T.);
#3628 = LINE('',#3629,#3630);
#3629 = CARTESIAN_POINT('',(-11.75,73.,-3.242E-14));
#3630 = VECTOR('',#3631,1.);
#3631 = DIRECTION('',(0.,4.4E-16,1.));
#3632 = ORIENTED_EDGE('',*,*,#2652,.T.);
#3633 = ORIENTED_EDGE('',*,*,#3627,.F.);
#3634 = ORIENTED_EDGE('',*,*,#2515,.F.);
#3635 = CYLINDRICAL_SURFACE('',#3636,3.75);
#3636 = AXIS2_PLACEMENT_3D('',#3637,#3638,#3639);
#3637 = CARTESIAN_POINT('',(-8.,73.,-3.242E-14));
#3638 = DIRECTION('',(-0.,-4.4E-16,-1.));
#3639 = DIRECTION('',(-1.,0.,0.));
#3640 = ADVANCED_FACE('',(#3641),#3666,.F.);
#3641 = FACE_BOUND('',#3642,.T.);
#3642 = EDGE_LOOP('',(#3643,#3651,#3659,#3665));
#3643 = ORIENTED_EDGE('',*,*,#3644,.T.);
#3644 = EDGE_CURVE('',#2527,#3645,#3647,.T.);
#3645 = VERTEX_POINT('',#3646);
#3646 = CARTESIAN_POINT('',(-30.,8.521836642057,7.5));
#3647 = LINE('',#3648,#3649);
#3648 = CARTESIAN_POINT('',(-30.,8.521836642057,-3.78E-15));
#3649 = VECTOR('',#3650,1.);
#3650 = DIRECTION('',(0.,4.4E-16,1.));
#3651 = ORIENTED_EDGE('',*,*,#3652,.T.);
#3652 = EDGE_CURVE('',#3645,#3653,#3655,.T.);
#3653 = VERTEX_POINT('',#3654);
#3654 = CARTESIAN_POINT('',(-33.05,6.760918321028,7.5));
#3655 = LINE('',#3656,#3657);
#3656 = CARTESIAN_POINT('',(-30.,8.521836642057,7.5));
#3657 = VECTOR('',#3658,1.);
#3658 = DIRECTION('',(-0.866025403784,-0.5,0.));
#3659 = ORIENTED_EDGE('',*,*,#3660,.F.);
#3660 = EDGE_CURVE('',#2529,#3653,#3661,.T.);
#3661 = LINE('',#3662,#3663);
#3662 = CARTESIAN_POINT('',(-33.05,6.760918321028,-3.E-15));
#3663 = VECTOR('',#3664,1.);
#3664 = DIRECTION('',(0.,4.4E-16,1.));
#3665 = ORIENTED_EDGE('',*,*,#2526,.F.);
#3666 = PLANE('',#3667);
#3667 = AXIS2_PLACEMENT_3D('',#3668,#3669,#3670);
#3668 = CARTESIAN_POINT('',(-30.,8.521836642057,-3.78E-15));
#3669 = DIRECTION('',(-0.5,0.866025403784,-3.8E-16));
#3670 = DIRECTION('',(0.866025403784,0.5,-2.2E-16));
#3671 = ADVANCED_FACE('',(#3672),#3690,.F.);
#3672 = FACE_BOUND('',#3673,.T.);
#3673 = EDGE_LOOP('',(#3674,#3682,#3688,#3689));
#3674 = ORIENTED_EDGE('',*,*,#3675,.T.);
#3675 = EDGE_CURVE('',#2537,#3676,#3678,.T.);
#3676 = VERTEX_POINT('',#3677);
#3677 = CARTESIAN_POINT('',(-26.95,6.760918321028,7.5));
#3678 = LINE('',#3679,#3680);
#3679 = CARTESIAN_POINT('',(-26.95,6.760918321028,-3.E-15));
#3680 = VECTOR('',#3681,1.);
#3681 = DIRECTION('',(0.,4.4E-16,1.));
#3682 = ORIENTED_EDGE('',*,*,#3683,.T.);
#3683 = EDGE_CURVE('',#3676,#3645,#3684,.T.);
#3684 = LINE('',#3685,#3686);
#3685 = CARTESIAN_POINT('',(-26.95,6.760918321028,7.5));
#3686 = VECTOR('',#3687,1.);
#3687 = DIRECTION('',(-0.866025403784,0.5,0.));
#3688 = ORIENTED_EDGE('',*,*,#3644,.F.);
#3689 = ORIENTED_EDGE('',*,*,#2536,.F.);
#3690 = PLANE('',#3691);
#3691 = AXIS2_PLACEMENT_3D('',#3692,#3693,#3694);
#3692 = CARTESIAN_POINT('',(-26.95,6.760918321028,-3.E-15));
#3693 = DIRECTION('',(0.5,0.866025403784,-3.8E-16));
#3694 = DIRECTION('',(0.866025403784,-0.5,2.2E-16));
#3695 = ADVANCED_FACE('',(#3696),#3714,.F.);
#3696 = FACE_BOUND('',#3697,.T.);
#3697 = EDGE_LOOP('',(#3698,#3699,#3707,#3713));
#3698 = ORIENTED_EDGE('',*,*,#3660,.T.);
#3699 = ORIENTED_EDGE('',*,*,#3700,.T.);
#3700 = EDGE_CURVE('',#3653,#3701,#3703,.T.);
#3701 = VERTEX_POINT('',#3702);
#3702 = CARTESIAN_POINT('',(-33.05,3.239081678972,7.5));
#3703 = LINE('',#3704,#3705);
#3704 = CARTESIAN_POINT('',(-33.05,6.760918321028,7.5));
#3705 = VECTOR('',#3706,1.);
#3706 = DIRECTION('',(0.,-1.,0.));
#3707 = ORIENTED_EDGE('',*,*,#3708,.F.);
#3708 = EDGE_CURVE('',#2561,#3701,#3709,.T.);
#3709 = LINE('',#3710,#3711);
#3710 = CARTESIAN_POINT('',(-33.05,3.239081678972,-1.44E-15));
#3711 = VECTOR('',#3712,1.);
#3712 = DIRECTION('',(0.,4.4E-16,1.));
#3713 = ORIENTED_EDGE('',*,*,#2568,.F.);
#3714 = PLANE('',#3715);
#3715 = AXIS2_PLACEMENT_3D('',#3716,#3717,#3718);
#3716 = CARTESIAN_POINT('',(-33.05,6.760918321028,-3.E-15));
#3717 = DIRECTION('',(-1.,-0.,-0.));
#3718 = DIRECTION('',(0.,1.,-4.4E-16));
#3719 = ADVANCED_FACE('',(#3720),#3738,.F.);
#3720 = FACE_BOUND('',#3721,.T.);
#3721 = EDGE_LOOP('',(#3722,#3730,#3736,#3737));
#3722 = ORIENTED_EDGE('',*,*,#3723,.T.);
#3723 = EDGE_CURVE('',#2545,#3724,#3726,.T.);
#3724 = VERTEX_POINT('',#3725);
#3725 = CARTESIAN_POINT('',(-26.95,3.239081678972,7.5));
#3726 = LINE('',#3727,#3728);
#3727 = CARTESIAN_POINT('',(-26.95,3.239081678972,-1.44E-15));
#3728 = VECTOR('',#3729,1.);
#3729 = DIRECTION('',(0.,4.4E-16,1.));
#3730 = ORIENTED_EDGE('',*,*,#3731,.T.);
#3731 = EDGE_CURVE('',#3724,#3676,#3732,.T.);
#3732 = LINE('',#3733,#3734);
#3733 = CARTESIAN_POINT('',(-26.95,3.239081678972,7.5));
#3734 = VECTOR('',#3735,1.);
#3735 = DIRECTION('',(-0.,1.,0.));
#3736 = ORIENTED_EDGE('',*,*,#3675,.F.);
#3737 = ORIENTED_EDGE('',*,*,#2544,.F.);
#3738 = PLANE('',#3739);
#3739 = AXIS2_PLACEMENT_3D('',#3740,#3741,#3742);
#3740 = CARTESIAN_POINT('',(-26.95,3.239081678972,-1.44E-15));
#3741 = DIRECTION('',(1.,0.,0.));
#3742 = DIRECTION('',(0.,-1.,4.4E-16));
#3743 = ADVANCED_FACE('',(#3744),#3762,.F.);
#3744 = FACE_BOUND('',#3745,.T.);
#3745 = EDGE_LOOP('',(#3746,#3747,#3755,#3761));
#3746 = ORIENTED_EDGE('',*,*,#3708,.T.);
#3747 = ORIENTED_EDGE('',*,*,#3748,.T.);
#3748 = EDGE_CURVE('',#3701,#3749,#3751,.T.);
#3749 = VERTEX_POINT('',#3750);
#3750 = CARTESIAN_POINT('',(-30.,1.478163357943,7.5));
#3751 = LINE('',#3752,#3753);
#3752 = CARTESIAN_POINT('',(-33.05,3.239081678972,7.5));
#3753 = VECTOR('',#3754,1.);
#3754 = DIRECTION('',(0.866025403784,-0.5,0.));
#3755 = ORIENTED_EDGE('',*,*,#3756,.F.);
#3756 = EDGE_CURVE('',#2553,#3749,#3757,.T.);
#3757 = LINE('',#3758,#3759);
#3758 = CARTESIAN_POINT('',(-30.,1.478163357943,-6.6E-16));
#3759 = VECTOR('',#3760,1.);
#3760 = DIRECTION('',(0.,4.4E-16,1.));
#3761 = ORIENTED_EDGE('',*,*,#2560,.F.);
#3762 = PLANE('',#3763);
#3763 = AXIS2_PLACEMENT_3D('',#3764,#3765,#3766);
#3764 = CARTESIAN_POINT('',(-33.05,3.239081678972,-1.44E-15));
#3765 = DIRECTION('',(-0.5,-0.866025403784,3.8E-16));
#3766 = DIRECTION('',(-0.866025403784,0.5,-2.2E-16));
#3767 = ADVANCED_FACE('',(#3768),#3779,.F.);
#3768 = FACE_BOUND('',#3769,.T.);
#3769 = EDGE_LOOP('',(#3770,#3771,#3777,#3778));
#3770 = ORIENTED_EDGE('',*,*,#3756,.T.);
#3771 = ORIENTED_EDGE('',*,*,#3772,.T.);
#3772 = EDGE_CURVE('',#3749,#3724,#3773,.T.);
#3773 = LINE('',#3774,#3775);
#3774 = CARTESIAN_POINT('',(-30.,1.478163357943,7.5));
#3775 = VECTOR('',#3776,1.);
#3776 = DIRECTION('',(0.866025403784,0.5,0.));
#3777 = ORIENTED_EDGE('',*,*,#3723,.F.);
#3778 = ORIENTED_EDGE('',*,*,#2552,.F.);
#3779 = PLANE('',#3780);
#3780 = AXIS2_PLACEMENT_3D('',#3781,#3782,#3783);
#3781 = CARTESIAN_POINT('',(-30.,1.478163357943,-6.6E-16));
#3782 = DIRECTION('',(0.5,-0.866025403784,3.8E-16));
#3783 = DIRECTION('',(-0.866025403784,-0.5,2.2E-16));
#3784 = ADVANCED_FACE('',(#3785),#3810,.F.);
#3785 = FACE_BOUND('',#3786,.T.);
#3786 = EDGE_LOOP('',(#3787,#3795,#3803,#3809));
#3787 = ORIENTED_EDGE('',*,*,#3788,.T.);
#3788 = EDGE_CURVE('',#2577,#3789,#3791,.T.);
#3789 = VERTEX_POINT('',#3790);
#3790 = CARTESIAN_POINT('',(-33.05,78.239081678972,7.5));
#3791 = LINE('',#3792,#3793);
#3792 = CARTESIAN_POINT('',(-33.05,78.239081678972,-3.475E-14));
#3793 = VECTOR('',#3794,1.);
#3794 = DIRECTION('',(0.,4.4E-16,1.));
#3795 = ORIENTED_EDGE('',*,*,#3796,.T.);
#3796 = EDGE_CURVE('',#3789,#3797,#3799,.T.);
#3797 = VERTEX_POINT('',#3798);
#3798 = CARTESIAN_POINT('',(-30.,76.478163357943,7.5));
#3799 = LINE('',#3800,#3801);
#3800 = CARTESIAN_POINT('',(-33.05,78.239081678972,7.5));
#3801 = VECTOR('',#3802,1.);
#3802 = DIRECTION('',(0.866025403784,-0.5,0.));
#3803 = ORIENTED_EDGE('',*,*,#3804,.F.);
#3804 = EDGE_CURVE('',#2579,#3797,#3805,.T.);
#3805 = LINE('',#3806,#3807);
#3806 = CARTESIAN_POINT('',(-30.,76.478163357943,-3.396E-14));
#3807 = VECTOR('',#3808,1.);
#3808 = DIRECTION('',(0.,4.4E-16,1.));
#3809 = ORIENTED_EDGE('',*,*,#2576,.F.);
#3810 = PLANE('',#3811);
#3811 = AXIS2_PLACEMENT_3D('',#3812,#3813,#3814);
#3812 = CARTESIAN_POINT('',(-33.05,78.239081678972,-3.475E-14));
#3813 = DIRECTION('',(-0.5,-0.866025403784,3.8E-16));
#3814 = DIRECTION('',(-0.866025403784,0.5,-2.2E-16));
#3815 = ADVANCED_FACE('',(#3816),#3834,.F.);
#3816 = FACE_BOUND('',#3817,.T.);
#3817 = EDGE_LOOP('',(#3818,#3826,#3832,#3833));
#3818 = ORIENTED_EDGE('',*,*,#3819,.T.);
#3819 = EDGE_CURVE('',#2587,#3820,#3822,.T.);
#3820 = VERTEX_POINT('',#3821);
#3821 = CARTESIAN_POINT('',(-33.05,81.760918321028,7.5));
#3822 = LINE('',#3823,#3824);
#3823 = CARTESIAN_POINT('',(-33.05,81.760918321028,-3.631E-14));
#3824 = VECTOR('',#3825,1.);
#3825 = DIRECTION('',(0.,4.4E-16,1.));
#3826 = ORIENTED_EDGE('',*,*,#3827,.T.);
#3827 = EDGE_CURVE('',#3820,#3789,#3828,.T.);
#3828 = LINE('',#3829,#3830);
#3829 = CARTESIAN_POINT('',(-33.05,81.760918321028,7.5));
#3830 = VECTOR('',#3831,1.);
#3831 = DIRECTION('',(0.,-1.,0.));
#3832 = ORIENTED_EDGE('',*,*,#3788,.F.);
#3833 = ORIENTED_EDGE('',*,*,#2586,.F.);
#3834 = PLANE('',#3835);
#3835 = AXIS2_PLACEMENT_3D('',#3836,#3837,#3838);
#3836 = CARTESIAN_POINT('',(-33.05,81.760918321028,-3.631E-14));
#3837 = DIRECTION('',(-1.,-0.,-0.));
#3838 = DIRECTION('',(0.,1.,-4.4E-16));
#3839 = ADVANCED_FACE('',(#3840),#3858,.F.);
#3840 = FACE_BOUND('',#3841,.T.);
#3841 = EDGE_LOOP('',(#3842,#3843,#3851,#3857));
#3842 = ORIENTED_EDGE('',*,*,#3804,.T.);
#3843 = ORIENTED_EDGE('',*,*,#3844,.T.);
#3844 = EDGE_CURVE('',#3797,#3845,#3847,.T.);
#3845 = VERTEX_POINT('',#3846);
#3846 = CARTESIAN_POINT('',(-26.95,78.239081678972,7.5));
#3847 = LINE('',#3848,#3849);
#3848 = CARTESIAN_POINT('',(-30.,76.478163357943,7.5));
#3849 = VECTOR('',#3850,1.);
#3850 = DIRECTION('',(0.866025403784,0.5,0.));
#3851 = ORIENTED_EDGE('',*,*,#3852,.F.);
#3852 = EDGE_CURVE('',#2611,#3845,#3853,.T.);
#3853 = LINE('',#3854,#3855);
#3854 = CARTESIAN_POINT('',(-26.95,78.239081678972,-3.475E-14));
#3855 = VECTOR('',#3856,1.);
#3856 = DIRECTION('',(0.,4.4E-16,1.));
#3857 = ORIENTED_EDGE('',*,*,#2618,.F.);
#3858 = PLANE('',#3859);
#3859 = AXIS2_PLACEMENT_3D('',#3860,#3861,#3862);
#3860 = CARTESIAN_POINT('',(-30.,76.478163357943,-3.396E-14));
#3861 = DIRECTION('',(0.5,-0.866025403784,3.8E-16));
#3862 = DIRECTION('',(-0.866025403784,-0.5,2.2E-16));
#3863 = ADVANCED_FACE('',(#3864),#3882,.F.);
#3864 = FACE_BOUND('',#3865,.T.);
#3865 = EDGE_LOOP('',(#3866,#3874,#3880,#3881));
#3866 = ORIENTED_EDGE('',*,*,#3867,.T.);
#3867 = EDGE_CURVE('',#2595,#3868,#3870,.T.);
#3868 = VERTEX_POINT('',#3869);
#3869 = CARTESIAN_POINT('',(-30.,83.521836642057,7.5));
#3870 = LINE('',#3871,#3872);
#3871 = CARTESIAN_POINT('',(-30.,83.521836642057,-3.709E-14));
#3872 = VECTOR('',#3873,1.);
#3873 = DIRECTION('',(0.,4.4E-16,1.));
#3874 = ORIENTED_EDGE('',*,*,#3875,.T.);
#3875 = EDGE_CURVE('',#3868,#3820,#3876,.T.);
#3876 = LINE('',#3877,#3878);
#3877 = CARTESIAN_POINT('',(-30.,83.521836642057,7.5));
#3878 = VECTOR('',#3879,1.);
#3879 = DIRECTION('',(-0.866025403784,-0.5,0.));
#3880 = ORIENTED_EDGE('',*,*,#3819,.F.);
#3881 = ORIENTED_EDGE('',*,*,#2594,.F.);
#3882 = PLANE('',#3883);
#3883 = AXIS2_PLACEMENT_3D('',#3884,#3885,#3886);
#3884 = CARTESIAN_POINT('',(-30.,83.521836642057,-3.709E-14));
#3885 = DIRECTION('',(-0.5,0.866025403784,-3.8E-16));
#3886 = DIRECTION('',(0.866025403784,0.5,-2.2E-16));
#3887 = ADVANCED_FACE('',(#3888),#3906,.F.);
#3888 = FACE_BOUND('',#3889,.T.);
#3889 = EDGE_LOOP('',(#3890,#3891,#3899,#3905));
#3890 = ORIENTED_EDGE('',*,*,#3852,.T.);
#3891 = ORIENTED_EDGE('',*,*,#3892,.T.);
#3892 = EDGE_CURVE('',#3845,#3893,#3895,.T.);
#3893 = VERTEX_POINT('',#3894);
#3894 = CARTESIAN_POINT('',(-26.95,81.760918321028,7.5));
#3895 = LINE('',#3896,#3897);
#3896 = CARTESIAN_POINT('',(-26.95,78.239081678972,7.5));
#3897 = VECTOR('',#3898,1.);
#3898 = DIRECTION('',(-0.,1.,0.));
#3899 = ORIENTED_EDGE('',*,*,#3900,.F.);
#3900 = EDGE_CURVE('',#2603,#3893,#3901,.T.);
#3901 = LINE('',#3902,#3903);
#3902 = CARTESIAN_POINT('',(-26.95,81.760918321028,-3.631E-14));
#3903 = VECTOR('',#3904,1.);
#3904 = DIRECTION('',(0.,4.4E-16,1.));
#3905 = ORIENTED_EDGE('',*,*,#2610,.F.);
#3906 = PLANE('',#3907);
#3907 = AXIS2_PLACEMENT_3D('',#3908,#3909,#3910);
#3908 = CARTESIAN_POINT('',(-26.95,78.239081678972,-3.475E-14));
#3909 = DIRECTION('',(1.,0.,0.));
#3910 = DIRECTION('',(0.,-1.,4.4E-16));
#3911 = ADVANCED_FACE('',(#3912),#3923,.F.);
#3912 = FACE_BOUND('',#3913,.T.);
#3913 = EDGE_LOOP('',(#3914,#3915,#3921,#3922));
#3914 = ORIENTED_EDGE('',*,*,#3900,.T.);
#3915 = ORIENTED_EDGE('',*,*,#3916,.T.);
#3916 = EDGE_CURVE('',#3893,#3868,#3917,.T.);
#3917 = LINE('',#3918,#3919);
#3918 = CARTESIAN_POINT('',(-26.95,81.760918321028,7.5));
#3919 = VECTOR('',#3920,1.);
#3920 = DIRECTION('',(-0.866025403784,0.5,0.));
#3921 = ORIENTED_EDGE('',*,*,#3867,.F.);
#3922 = ORIENTED_EDGE('',*,*,#2602,.F.);
#3923 = PLANE('',#3924);
#3924 = AXIS2_PLACEMENT_3D('',#3925,#3926,#3927);
#3925 = CARTESIAN_POINT('',(-26.95,81.760918321028,-3.631E-14));
#3926 = DIRECTION('',(0.5,0.866025403784,-3.8E-16));
#3927 = DIRECTION('',(0.866025403784,-0.5,2.2E-16));
#3928 = ADVANCED_FACE('',(#3929),#3958,.F.);
#3929 = FACE_BOUND('',#3930,.F.);
#3930 = EDGE_LOOP('',(#3931,#3932,#3939,#3940,#3941,#3950,#3957));
#3931 = ORIENTED_EDGE('',*,*,#2763,.F.);
#3932 = ORIENTED_EDGE('',*,*,#3933,.F.);
#3933 = EDGE_CURVE('',#2690,#2756,#3934,.T.);
#3934 = CIRCLE('',#3935,5.);
#3935 = AXIS2_PLACEMENT_3D('',#3936,#3937,#3938);
#3936 = CARTESIAN_POINT('',(30.,5.,12.5));
#3937 = DIRECTION('',(0.,0.,1.));
#3938 = DIRECTION('',(1.,0.,0.));
#3939 = ORIENTED_EDGE('',*,*,#2689,.F.);
#3940 = ORIENTED_EDGE('',*,*,#2732,.F.);
#3941 = ORIENTED_EDGE('',*,*,#3942,.T.);
#3942 = EDGE_CURVE('',#2724,#3943,#3945,.T.);
#3943 = VERTEX_POINT('',#3944);
#3944 = CARTESIAN_POINT('',(31.75,5.,12.5));
#3945 = CIRCLE('',#3946,1.75);
#3946 = AXIS2_PLACEMENT_3D('',#3947,#3948,#3949);
#3947 = CARTESIAN_POINT('',(30.,5.,12.5));
#3948 = DIRECTION('',(0.,0.,1.));
#3949 = DIRECTION('',(1.,0.,0.));
#3950 = ORIENTED_EDGE('',*,*,#3951,.T.);
#3951 = EDGE_CURVE('',#3943,#2716,#3952,.T.);
#3952 = CIRCLE('',#3953,1.75);
#3953 = AXIS2_PLACEMENT_3D('',#3954,#3955,#3956);
#3954 = CARTESIAN_POINT('',(30.,5.,12.5));
#3955 = DIRECTION('',(0.,0.,1.));
#3956 = DIRECTION('',(1.,0.,0.));
#3957 = ORIENTED_EDGE('',*,*,#2715,.F.);
#3958 = PLANE('',#3959);
#3959 = AXIS2_PLACEMENT_3D('',#3960,#3961,#3962);
#3960 = CARTESIAN_POINT('',(17.5,42.5,12.5));
#3961 = DIRECTION('',(0.,-2.5E-16,-1.));
#3962 = DIRECTION('',(0.,1.,-2.5E-16));
#3963 = ADVANCED_FACE('',(#3964),#3985,.F.);
#3964 = FACE_BOUND('',#3965,.F.);
#3965 = EDGE_LOOP('',(#3966,#3974,#3975,#3976,#3977,#3978));
#3966 = ORIENTED_EDGE('',*,*,#3967,.F.);
#3967 = EDGE_CURVE('',#3943,#3968,#3970,.T.);
#3968 = VERTEX_POINT('',#3969);
#3969 = CARTESIAN_POINT('',(31.75,5.,7.5));
#3970 = LINE('',#3971,#3972);
#3971 = CARTESIAN_POINT('',(31.75,5.,12.5));
#3972 = VECTOR('',#3973,1.);
#3973 = DIRECTION('',(0.,-4.4E-16,-1.));
#3974 = ORIENTED_EDGE('',*,*,#3942,.F.);
#3975 = ORIENTED_EDGE('',*,*,#2723,.F.);
#3976 = ORIENTED_EDGE('',*,*,#3951,.F.);
#3977 = ORIENTED_EDGE('',*,*,#3967,.T.);
#3978 = ORIENTED_EDGE('',*,*,#3979,.T.);
#3979 = EDGE_CURVE('',#3968,#3968,#3980,.T.);
#3980 = CIRCLE('',#3981,1.75);
#3981 = AXIS2_PLACEMENT_3D('',#3982,#3983,#3984);
#3982 = CARTESIAN_POINT('',(30.,5.,7.5));
#3983 = DIRECTION('',(-0.,4.4E-16,1.));
#3984 = DIRECTION('',(1.,0.,0.));
#3985 = CYLINDRICAL_SURFACE('',#3986,1.75);
#3986 = AXIS2_PLACEMENT_3D('',#3987,#3988,#3989);
#3987 = CARTESIAN_POINT('',(30.,5.,12.5));
#3988 = DIRECTION('',(0.,4.4E-16,1.));
#3989 = DIRECTION('',(1.,0.,0.));
#3990 = ADVANCED_FACE('',(#3991),#4020,.F.);
#3991 = FACE_BOUND('',#3992,.F.);
#3992 = EDGE_LOOP('',(#3993,#3994,#3995,#4002,#4003,#4004,#4013));
#3993 = ORIENTED_EDGE('',*,*,#2797,.F.);
#3994 = ORIENTED_EDGE('',*,*,#2821,.F.);
#3995 = ORIENTED_EDGE('',*,*,#3996,.F.);
#3996 = EDGE_CURVE('',#2747,#2814,#3997,.T.);
#3997 = CIRCLE('',#3998,5.);
#3998 = AXIS2_PLACEMENT_3D('',#3999,#4000,#4001);
#3999 = CARTESIAN_POINT('',(30.,80.,12.5));
#4000 = DIRECTION('',(0.,0.,1.));
#4001 = DIRECTION('',(1.,0.,0.));
#4002 = ORIENTED_EDGE('',*,*,#2746,.F.);
#4003 = ORIENTED_EDGE('',*,*,#2790,.F.);
#4004 = ORIENTED_EDGE('',*,*,#4005,.T.);
#4005 = EDGE_CURVE('',#2782,#4006,#4008,.T.);
#4006 = VERTEX_POINT('',#4007);
#4007 = CARTESIAN_POINT('',(31.75,80.,12.5));
#4008 = CIRCLE('',#4009,1.75);
#4009 = AXIS2_PLACEMENT_3D('',#4010,#4011,#4012);
#4010 = CARTESIAN_POINT('',(30.,80.,12.5));
#4011 = DIRECTION('',(0.,0.,1.));
#4012 = DIRECTION('',(1.,0.,0.));
#4013 = ORIENTED_EDGE('',*,*,#4014,.T.);
#4014 = EDGE_CURVE('',#4006,#2780,#4015,.T.);
#4015 = CIRCLE('',#4016,1.75);
#4016 = AXIS2_PLACEMENT_3D('',#4017,#4018,#4019);
#4017 = CARTESIAN_POINT('',(30.,80.,12.5));
#4018 = DIRECTION('',(0.,0.,1.));
#4019 = DIRECTION('',(1.,0.,0.));
#4020 = PLANE('',#4021);
#4021 = AXIS2_PLACEMENT_3D('',#4022,#4023,#4024);
#4022 = CARTESIAN_POINT('',(17.5,42.5,12.5));
#4023 = DIRECTION('',(0.,-2.5E-16,-1.));
#4024 = DIRECTION('',(0.,1.,-2.5E-16));
#4025 = ADVANCED_FACE('',(#4026),#4047,.F.);
#4026 = FACE_BOUND('',#4027,.F.);
#4027 = EDGE_LOOP('',(#4028,#4036,#4037,#4038,#4039,#4040));
#4028 = ORIENTED_EDGE('',*,*,#4029,.F.);
#4029 = EDGE_CURVE('',#4006,#4030,#4032,.T.);
#4030 = VERTEX_POINT('',#4031);
#4031 = CARTESIAN_POINT('',(31.75,80.,7.5));
#4032 = LINE('',#4033,#4034);
#4033 = CARTESIAN_POINT('',(31.75,80.,12.5));
#4034 = VECTOR('',#4035,1.);
#4035 = DIRECTION('',(0.,-4.4E-16,-1.));
#4036 = ORIENTED_EDGE('',*,*,#4005,.F.);
#4037 = ORIENTED_EDGE('',*,*,#2779,.F.);
#4038 = ORIENTED_EDGE('',*,*,#4014,.F.);
#4039 = ORIENTED_EDGE('',*,*,#4029,.T.);
#4040 = ORIENTED_EDGE('',*,*,#4041,.T.);
#4041 = EDGE_CURVE('',#4030,#4030,#4042,.T.);
#4042 = CIRCLE('',#4043,1.75);
#4043 = AXIS2_PLACEMENT_3D('',#4044,#4045,#4046);
#4044 = CARTESIAN_POINT('',(30.,80.,7.5));
#4045 = DIRECTION('',(-0.,4.4E-16,1.));
#4046 = DIRECTION('',(1.,0.,0.));
#4047 = CYLINDRICAL_SURFACE('',#4048,1.75);
#4048 = AXIS2_PLACEMENT_3D('',#4049,#4050,#4051);
#4049 = CARTESIAN_POINT('',(30.,80.,12.5));
#4050 = DIRECTION('',(0.,4.4E-16,1.));
#4051 = DIRECTION('',(1.,0.,0.));
#4052 = ADVANCED_FACE('',(#4053),#4058,.F.);
#4053 = FACE_BOUND('',#4054,.T.);
#4054 = EDGE_LOOP('',(#4055,#4056,#4057));
#4055 = ORIENTED_EDGE('',*,*,#2887,.T.);
#4056 = ORIENTED_EDGE('',*,*,#3015,.T.);
#4057 = ORIENTED_EDGE('',*,*,#2929,.T.);
#4058 = PLANE('',#4059);
#4059 = AXIS2_PLACEMENT_3D('',#4060,#4061,#4062);
#4060 = CARTESIAN_POINT('',(-17.5,42.5,12.5));
#4061 = DIRECTION('',(0.,-2.5E-16,-1.));
#4062 = DIRECTION('',(-0.,-1.,2.5E-16));
#4063 = ADVANCED_FACE('',(#4064,#4072),#4075,.T.);
#4064 = FACE_BOUND('',#4065,.F.);
#4065 = EDGE_LOOP('',(#4066,#4067,#4068,#4069,#4070,#4071));
#4066 = ORIENTED_EDGE('',*,*,#3652,.T.);
#4067 = ORIENTED_EDGE('',*,*,#3700,.T.);
#4068 = ORIENTED_EDGE('',*,*,#3748,.T.);
#4069 = ORIENTED_EDGE('',*,*,#3772,.T.);
#4070 = ORIENTED_EDGE('',*,*,#3731,.T.);
#4071 = ORIENTED_EDGE('',*,*,#3683,.T.);
#4072 = FACE_BOUND('',#4073,.F.);
#4073 = EDGE_LOOP('',(#4074));
#4074 = ORIENTED_EDGE('',*,*,#2963,.F.);
#4075 = PLANE('',#4076);
#4076 = AXIS2_PLACEMENT_3D('',#4077,#4078,#4079);
#4077 = CARTESIAN_POINT('',(-30.,42.5,7.5));
#4078 = DIRECTION('',(0.,-2.2E-16,-1.));
#4079 = DIRECTION('',(-0.,-1.,2.2E-16));
#4080 = ADVANCED_FACE('',(#4081),#4086,.F.);
#4081 = FACE_BOUND('',#4082,.T.);
#4082 = EDGE_LOOP('',(#4083,#4084,#4085));
#4083 = ORIENTED_EDGE('',*,*,#2989,.T.);
#4084 = ORIENTED_EDGE('',*,*,#3073,.T.);
#4085 = ORIENTED_EDGE('',*,*,#3022,.T.);
#4086 = PLANE('',#4087);
#4087 = AXIS2_PLACEMENT_3D('',#4088,#4089,#4090);
#4088 = CARTESIAN_POINT('',(-17.5,42.5,12.5));
#4089 = DIRECTION('',(0.,-2.5E-16,-1.));
#4090 = DIRECTION('',(-0.,-1.,2.5E-16));
#4091 = ADVANCED_FACE('',(#4092,#4100),#4103,.T.);
#4092 = FACE_BOUND('',#4093,.F.);
#4093 = EDGE_LOOP('',(#4094,#4095,#4096,#4097,#4098,#4099));
#4094 = ORIENTED_EDGE('',*,*,#3796,.T.);
#4095 = ORIENTED_EDGE('',*,*,#3844,.T.);
#4096 = ORIENTED_EDGE('',*,*,#3892,.T.);
#4097 = ORIENTED_EDGE('',*,*,#3916,.T.);
#4098 = ORIENTED_EDGE('',*,*,#3875,.T.);
#4099 = ORIENTED_EDGE('',*,*,#3827,.T.);
#4100 = FACE_BOUND('',#4101,.F.);
#4101 = EDGE_LOOP('',(#4102));
#4102 = ORIENTED_EDGE('',*,*,#3056,.F.);
#4103 = PLANE('',#4104);
#4104 = AXIS2_PLACEMENT_3D('',#4105,#4106,#4107);
#4105 = CARTESIAN_POINT('',(-30.,42.5,7.5));
#4106 = DIRECTION('',(0.,-2.2E-16,-1.));
#4107 = DIRECTION('',(-0.,-1.,2.2E-16));
#4108 = ADVANCED_FACE('',(#4109),#4114,.F.);
#4109 = FACE_BOUND('',#4110,.F.);
#4110 = EDGE_LOOP('',(#4111,#4112,#4113));
#4111 = ORIENTED_EDGE('',*,*,#3933,.T.);
#4112 = ORIENTED_EDGE('',*,*,#3207,.T.);
#4113 = ORIENTED_EDGE('',*,*,#3183,.T.);
#4114 = PLANE('',#4115);
#4115 = AXIS2_PLACEMENT_3D('',#4116,#4117,#4118);
#4116 = CARTESIAN_POINT('',(17.5,42.5,12.5));
#4117 = DIRECTION('',(0.,-2.5E-16,-1.));
#4118 = DIRECTION('',(0.,1.,-2.5E-16));
#4119 = ADVANCED_FACE('',(#4120),#4125,.F.);
#4120 = FACE_BOUND('',#4121,.F.);
#4121 = EDGE_LOOP('',(#4122,#4123,#4124));
#4122 = ORIENTED_EDGE('',*,*,#3996,.T.);
#4123 = ORIENTED_EDGE('',*,*,#3238,.T.);
#4124 = ORIENTED_EDGE('',*,*,#3214,.T.);
#4125 = PLANE('',#4126);
#4126 = AXIS2_PLACEMENT_3D('',#4127,#4128,#4129);
#4127 = CARTESIAN_POINT('',(17.5,42.5,12.5));
#4128 = DIRECTION('',(0.,-2.5E-16,-1.));
#4129 = DIRECTION('',(0.,1.,-2.5E-16));
#4130 = ADVANCED_FACE('',(#4131,#4139),#4142,.T.);
#4131 = FACE_BOUND('',#4132,.T.);
#4132 = EDGE_LOOP('',(#4133,#4134,#4135,#4136,#4137,#4138));
#4133 = ORIENTED_EDGE('',*,*,#3330,.T.);
#4134 = ORIENTED_EDGE('',*,*,#3378,.T.);
#4135 = ORIENTED_EDGE('',*,*,#3426,.T.);
#4136 = ORIENTED_EDGE('',*,*,#3450,.T.);
#4137 = ORIENTED_EDGE('',*,*,#3409,.T.);
#4138 = ORIENTED_EDGE('',*,*,#3361,.T.);
#4139 = FACE_BOUND('',#4140,.T.);
#4140 = EDGE_LOOP('',(#4141));
#4141 = ORIENTED_EDGE('',*,*,#3979,.T.);
#4142 = PLANE('',#4143);
#4143 = AXIS2_PLACEMENT_3D('',#4144,#4145,#4146);
#4144 = CARTESIAN_POINT('',(30.,42.5,7.5));
#4145 = DIRECTION('',(0.,-2.2E-16,-1.));
#4146 = DIRECTION('',(0.,1.,-2.2E-16));
#4147 = ADVANCED_FACE('',(#4148,#4156),#4159,.T.);
#4148 = FACE_BOUND('',#4149,.T.);
#4149 = EDGE_LOOP('',(#4150,#4151,#4152,#4153,#4154,#4155));
#4150 = ORIENTED_EDGE('',*,*,#3474,.T.);
#4151 = ORIENTED_EDGE('',*,*,#3522,.T.);
#4152 = ORIENTED_EDGE('',*,*,#3570,.T.);
#4153 = ORIENTED_EDGE('',*,*,#3594,.T.);
#4154 = ORIENTED_EDGE('',*,*,#3553,.T.);
#4155 = ORIENTED_EDGE('',*,*,#3505,.T.);
#4156 = FACE_BOUND('',#4157,.T.);
#4157 = EDGE_LOOP('',(#4158));
#4158 = ORIENTED_EDGE('',*,*,#4041,.T.);
#4159 = PLANE('',#4160);
#4160 = AXIS2_PLACEMENT_3D('',#4161,#4162,#4163);
#4161 = CARTESIAN_POINT('',(30.,42.5,7.5));
#4162 = DIRECTION('',(0.,-2.2E-16,-1.));
#4163 = DIRECTION('',(0.,1.,-2.2E-16));
#4164 = ( GEOMETRIC_REPRESENTATION_CONTEXT(3) 
GLOBAL_UNCERTAINTY_ASSIGNED_CONTEXT((#4168)) 
GLOBAL_UNIT_ASSIGNED_CONTEXT((#4165,#4166,#4167)) REPRESENTATION_CONTEXT
('Context #1','3D Context with UNIT and UNCERTAINTY') );
#4165 = ( LENGTH_UNIT() NAMED_UNIT(*) SI_UNIT(.MILLI.,.METRE.) );
#4166 = ( NAMED_UNIT(*) PLANE_ANGLE_UNIT() SI_UNIT($,.RADIAN.) );
#4167 = ( NAMED_UNIT(*) SI_UNIT($,.STERADIAN.) SOLID_ANGLE_UNIT() );
#4168 = UNCERTAINTY_MEASURE_WITH_UNIT(LENGTH_MEASURE(1.E-07),#4165,
  'distance_accuracy_value','confusion accuracy');
#4169 = PRODUCT_RELATED_PRODUCT_CATEGORY('part',$,(#7));
#4170 = MECHANICAL_DESIGN_GEOMETRIC_PRESENTATION_REPRESENTATION('',(
    #4171),#4164);
#4171 = STYLED_ITEM('color',(#4172),#15);
#4172 = PRESENTATION_STYLE_ASSIGNMENT((#4173,#4179));
#4173 = SURFACE_STYLE_USAGE(.BOTH.,#4174);
#4174 = SURFACE_SIDE_STYLE('',(#4175));
#4175 = SURFACE_STYLE_FILL_AREA(#4176);
#4176 = FILL_AREA_STYLE('',(#4177));
#4177 = FILL_AREA_STYLE_COLOUR('',#4178);
#4178 = COLOUR_RGB('',0.800000010877,0.800000010877,0.800000010877);
#4179 = CURVE_STYLE('',#4180,POSITIVE_LENGTH_MEASURE(0.1),#4181);
#4180 = DRAUGHTING_PRE_DEFINED_CURVE_FONT('continuous');
#4181 = COLOUR_RGB('',9.803921802644E-02,9.803921802644E-02,
  9.803921802644E-02);
ENDSEC;
END-ISO-10303-21;
